tempo,zcr_mean,spectral_centroid_mean,mfcc_1_mean,mfcc_2_mean,mfcc_3_mean,mfcc_4_mean,mfcc_5_mean,mfcc_6_mean,mfcc_7_mean,mfcc_8_mean,mfcc_9_mean,mfcc_10_mean,mfcc_11_mean,mfcc_12_mean,mfcc_13_mean,chroma_1_mean,chroma_2_mean,chroma_3_mean,chroma_4_mean,chroma_5_mean,chroma_6_mean,chroma_7_mean,chroma_8_mean,chroma_9_mean,chroma_10_mean,chroma_11_mean,chroma_12_mean,label
103.359375,0.12648901235015467,2902.237371028965,-78.2065658569336,63.23094177246094,-1.6779568195343018,21.020950317382812,4.460012435913086,-3.5970637798309326,-1.560111165046692,-3.0758893489837646,-6.07666015625,-1.953725814819336,1.7829208374023438,-1.2087538242340088,0.947778046131134,0.3851427137851715,0.25358524918556213,0.2846478819847107,0.3600445091724396,0.28319501876831055,0.41046249866485596,0.25308603048324585,0.3362855911254883,0.256281316280365,0.2581735849380493,0.2518455982208252,0.1908005326986313,jazz
117.45383522727273,0.12416100280572756,2966.1571589936843,-20.781349182128906,62.9504280090332,2.3044402599334717,30.773717880249023,6.973462104797363,6.50581169128418,6.323636531829834,9.873085975646973,3.4352970123291016,9.372201919555664,-0.40415793657302856,7.519415378570557,-0.9842739105224609,0.31379926204681396,0.23277387022972107,0.2185053825378418,0.361148864030838,0.5383796095848083,0.3554258942604065,0.37827831506729126,0.32234087586402893,0.4478796720504761,0.37981799244880676,0.410355806350708,0.6344665288925171,country
151.99908088235293,0.10636978562451663,2181.338268438534,-118.80249786376953,104.43667602539062,-29.188753128051758,42.10261535644531,-13.299715042114258,29.06293487548828,-20.866317749023438,21.60894203186035,-24.331241607666016,10.728826522827148,-15.099053382873535,5.937584400177002,-11.788948059082031,0.3840526044368744,0.33467069268226624,0.45031818747520447,0.3513921797275543,0.3481028378009796,0.3970625400543213,0.38339126110076904,0.4727552831172943,0.34210526943206787,0.37276795506477356,0.33950456976890564,0.3153071701526642,rock
92.28515625,0.044649978248259864,813.4170141933301,-297.30291748046875,193.074462890625,10.171171188354492,-1.596447467803955,3.3883607387542725,9.993823051452637,-7.256450653076172,4.693567276000977,-5.3910651206970215,-2.8595287799835205,-10.230401039123535,0.3792566955089569,-4.969515800476074,0.22569434344768524,0.3234238624572754,0.4925757646560669,0.23903392255306244,0.272652804851532,0.352927565574646,0.4411637485027313,0.2144048511981964,0.283093124628067,0.2231956124305725,0.3697763681411743,0.3945491909980774,jazz
151.99908088235293,0.05785736296403712,1064.7190883164435,-256.9818115234375,175.33953857421875,-44.815452575683594,25.638648986816406,-4.257490158081055,-0.22635291516780853,-11.31977653503418,-9.18636417388916,-4.102287769317627,-8.307012557983398,-22.5540714263916,-7.609409809112549,-7.6561970710754395,0.3990941643714905,0.32700228691101074,0.22919045388698578,0.1874459683895111,0.12930448353290558,0.23989710211753845,0.20703108608722687,0.1886937916278839,0.24313652515411377,0.3116547167301178,0.44209426641464233,0.30847489833831787,jazz
107.666015625,0.10070602523201856,2538.6441653895045,-129.8564453125,72.0161361694336,-23.281463623046875,63.21335983276367,-6.884147644042969,34.399253845214844,-12.204700469970703,30.49024772644043,-7.596255779266357,20.596847534179688,-6.21049165725708,14.676088333129883,-2.949455976486206,0.5031436681747437,0.5880205631256104,0.6250826120376587,0.5387551784515381,0.4920473098754883,0.458975225687027,0.4401968717575073,0.4672880470752716,0.5834229588508606,0.6086923480033875,0.5563182830810547,0.5399429798126221,hiphop
80.74951171875,0.07654006851798144,1861.4546090166984,-197.70265197753906,106.4964828491211,-4.433530330657959,37.656394958496094,-0.8653604984283447,-0.962103545665741,-3.4531171321868896,-0.04980553686618805,-9.302802085876465,-5.1777238845825195,-4.250098705291748,-3.5460405349731445,-1.353157639503479,0.3555890619754791,0.2453644871711731,0.25055763125419617,0.2349105030298233,0.36676791310310364,0.3183589577674866,0.2702937126159668,0.43762633204460144,0.27982664108276367,0.2809879779815674,0.20958296954631805,0.24764655530452728,country
103.359375,0.14262155295340295,3123.159015699048,-42.779170989990234,62.836090087890625,4.774425506591797,24.058712005615234,9.644877433776855,-1.87754487991333,9.271585464477539,-2.961521625518799,3.185305595397949,5.930490016937256,-4.7646002769470215,3.0226664543151855,-1.242732286453247,0.4079272747039795,0.448123574256897,0.44439542293548584,0.49174511432647705,0.3755345642566681,0.3581644892692566,0.46695733070373535,0.46853163838386536,0.6190835237503052,0.5028296709060669,0.45000556111335754,0.4266473054885864,pop
95.703125,0.06943789878190255,1691.3385554367244,-194.541748046875,118.60043334960938,-6.408213138580322,40.80109405517578,-3.293510675430298,25.461584091186523,-9.303606033325195,11.395713806152344,-6.156927585601807,15.344735145568848,-5.162594318389893,5.759955883026123,-6.2791595458984375,0.3597520887851715,0.4166503846645355,0.5451909899711609,0.41968265175819397,0.2840370535850525,0.29334700107574463,0.3325134515762329,0.4295305907726288,0.2904002070426941,0.3549569249153137,0.3805959224700928,0.31940940022468567,reggae
112.34714673913044,0.08730529171500387,1676.1460477207688,-98.38648986816406,136.5748748779297,-46.71402359008789,46.4766731262207,-17.15201187133789,10.547506332397461,-14.58056640625,16.551332473754883,-12.312678337097168,3.70186185836792,-12.647757530212402,2.9513051509857178,-12.50524616241455,0.3208944797515869,0.44570571184158325,0.4426688253879547,0.5137566924095154,0.2751045525074005,0.22419527173042297,0.2786363363265991,0.32665908336639404,0.43654170632362366,0.32671478390693665,0.30688297748565674,0.23605051636695862,rock
66.25600961538461,0.049895697384957464,1144.8885616291911,-302.41064453125,150.11639404296875,-3.713838577270508,26.95195960998535,-0.2614173889160156,13.506061553955078,7.2338948249816895,4.227106094360352,1.7578513622283936,6.571225643157959,-0.500728189945221,7.906125545501709,1.3247039318084717,0.37635132670402527,0.39605972170829773,0.35797441005706787,0.40096548199653625,0.44080042839050293,0.3135036528110504,0.32417818903923035,0.2580662667751312,0.3578645586967468,0.4139411449432373,0.404331237077713,0.47051846981048584,country
161.4990234375,0.11151920799497293,2988.4872553900304,-40.52333068847656,73.4902572631836,22.620023727416992,12.349804878234863,14.86184024810791,8.94253921508789,5.301320552825928,9.018853187561035,2.085467576980591,4.299256324768066,-3.13757586479187,1.8477221727371216,2.0355570316314697,0.3696463704109192,0.4693466126918793,0.33673015236854553,0.3693675994873047,0.3380903899669647,0.3375869691371918,0.32826629281044006,0.3539865016937256,0.44737306237220764,0.3054988384246826,0.32346197962760925,0.2769366502761841,pop
107.666015625,0.07325653760634183,1609.7586945895998,-156.29812622070312,130.7895965576172,-25.229616165161133,43.485469818115234,-12.138993263244629,25.392202377319336,-7.940168380737305,17.616287231445312,-8.628422737121582,9.566105842590332,-8.36728286743164,5.763708591461182,-7.048300743103027,0.30447861552238464,0.2576879858970642,0.4102303087711334,0.2926344573497772,0.3335151672363281,0.2530137002468109,0.38288041949272156,0.41374772787094116,0.33028966188430786,0.425173819065094,0.3111063539981842,0.40604230761528015,rock
95.703125,0.17726459783449341,2683.2329169635404,-110.882080078125,83.17749786376953,-45.26238250732422,56.57573699951172,-7.491790294647217,19.97442626953125,-13.380712509155273,21.21055793762207,-15.712455749511719,18.088773727416992,-18.11153793334961,12.935683250427246,-17.240480422973633,0.3910903334617615,0.4331151843070984,0.3734167814254761,0.42017027735710144,0.5013427138328552,0.4846666157245636,0.487905889749527,0.42244353890419006,0.47760704159736633,0.4670574367046356,0.3948119878768921,0.40582147240638733,metal
103.359375,0.1775614184551431,3758.7805887809614,-44.2902717590332,51.35346603393555,24.983470916748047,12.159331321716309,10.877900123596191,7.619055271148682,8.214765548706055,-0.763558566570282,5.949929237365723,4.75514554977417,-2.5091753005981445,1.3244870901107788,-1.954297423362732,0.45636627078056335,0.36273905634880066,0.4042092561721802,0.40889155864715576,0.4726528525352478,0.40087035298347473,0.3425295352935791,0.4554622769355774,0.36824241280555725,0.3500531315803528,0.31673091650009155,0.38149186968803406,pop
103.359375,0.11818445475638051,2429.0679000761247,-83.05496215820312,91.50623321533203,-13.687614440917969,16.134859085083008,10.328306198120117,5.533294677734375,-9.451848983764648,-6.61841344833374,-3.033612012863159,4.933539390563965,2.6400771141052246,1.0502369403839111,-3.6719634532928467,0.26350340247154236,0.3582499027252197,0.31713494658470154,0.2609674334526062,0.588968813419342,0.28576546907424927,0.29673996567726135,0.441624253988266,0.42662885785102844,0.5375635027885437,0.3048606514930725,0.254864364862442,rock
92.28515625,0.06768001075502707,2125.387814463357,-169.12945556640625,94.6490707397461,24.480030059814453,27.384008407592773,11.639039039611816,14.885311126708984,4.237239360809326,12.38132381439209,10.709880828857422,5.124197483062744,-0.34837669134140015,1.2524844408035278,-4.157143592834473,0.5529875755310059,0.3799916207790375,0.3228166997432709,0.2577659487724304,0.2783620059490204,0.35218408703804016,0.3922172486782074,0.6124788522720337,0.3793782889842987,0.27565500140190125,0.26025786995887756,0.42935726046562195,pop
107.666015625,0.1727420485305491,3279.5319127248636,-35.28506088256836,61.2667121887207,14.046018600463867,28.648969650268555,4.323976993560791,-1.3649799823760986,-0.784454345703125,5.128747940063477,5.351768493652344,1.2258380651474,-7.261650562286377,-0.520430326461792,0.2153269350528717,0.4116412401199341,0.5412406325340271,0.4128662049770355,0.43760403990745544,0.42456239461898804,0.37697145342826843,0.5236551761627197,0.4097740352153778,0.43249639868736267,0.46730244159698486,0.5129992365837097,0.5047829747200012,pop
123.046875,0.08304482066898686,1784.1226412753101,-113.59882354736328,121.57067108154297,-19.162261962890625,42.36393737792969,-6.3622660636901855,18.621931076049805,-13.69973373413086,15.339801788330078,-12.274304389953613,10.97094440460205,-8.326061248779297,8.802087783813477,-3.6699411869049072,0.362242728471756,0.3678174912929535,0.4398345351219177,0.24469178915023804,0.24786202609539032,0.33561617136001587,0.3646184206008911,0.4356837272644043,0.2959856688976288,0.3150804936885834,0.40700846910476685,0.38510051369667053,blues
103.359375,0.08621732707366589,1497.5036380467259,-315.0152587890625,128.7116241455078,-28.933940887451172,30.832693099975586,-8.987340927124023,7.994575023651123,-9.845813751220703,1.4287152290344238,-8.98079776763916,6.059361457824707,-3.308112382888794,7.618945598602295,3.806347608566284,0.28609538078308105,0.14705665409564972,0.3283079266548157,0.3176003098487854,0.21724101901054382,0.414616197347641,0.1492106169462204,0.1786421537399292,0.1086205542087555,0.24732705950737,0.3810361325740814,0.16356715559959412,classical
92.28515625,0.061442246108855375,1451.859413795751,-179.37229919433594,136.44833374023438,-26.662588119506836,39.965450286865234,5.31089448928833,10.919133186340332,-20.559534072875977,8.503360748291016,-11.349763870239258,-3.470555067062378,-8.415842056274414,-6.957211017608643,-3.5460426807403564,0.259356826543808,0.2641215920448303,0.325358122587204,0.2177387923002243,0.21527720987796783,0.2957618832588196,0.19005176424980164,0.18074943125247955,0.2643410265445709,0.39047351479530334,0.6486377120018005,0.4365907609462738,blues
172.265625,0.08096405524941995,2322.2154852399008,-169.06036376953125,79.51624298095703,15.222342491149902,42.73927688598633,7.67877721786499,17.02875518798828,-5.98288631439209,0.539121150970459,0.058045048266649246,-0.9593687057495117,0.8281723856925964,-1.5911511182785034,-2.891855478286743,0.41269901394844055,0.36188679933547974,0.3193913996219635,0.3800734579563141,0.2805640697479248,0.2857707440853119,0.3204427659511566,0.24225839972496033,0.2632511556148529,0.23761913180351257,0.3648321032524109,0.4244246780872345,reggae
103.359375,0.1781082330336427,2908.3001309605806,-1.9132977724075317,72.6861572265625,-32.7919921875,63.60547637939453,-18.556350708007812,25.870161056518555,-13.859100341796875,18.07888412475586,-11.946615219116211,19.672183990478516,-13.954248428344727,18.75569725036621,-11.18799114227295,0.45681032538414,0.5573738813400269,0.6806556582450867,0.5261906385421753,0.40636521577835083,0.41732847690582275,0.3674323558807373,0.33464673161506653,0.3653082251548767,0.4236893951892853,0.3115718364715576,0.32661163806915283,metal
99.38401442307692,0.04243024337780356,1683.4272327515525,-114.05457305908203,110.12893676757812,17.897541046142578,37.944332122802734,27.987619400024414,1.4057869911193848,15.552602767944336,1.4244989156723022,7.35958194732666,-3.319525957107544,8.256998062133789,-0.18890655040740967,0.6798425912857056,0.42066287994384766,0.40904274582862854,0.39046594500541687,0.47459426522254944,0.4581601023674011,0.4607138931751251,0.4310290813446045,0.41009894013404846,0.3883097767829895,0.3916368782520294,0.4560093581676483,0.43292349576950073,hiphop
117.45383522727273,0.1324454393851508,2639.1039096273103,-89.08187103271484,81.38933563232422,-12.564247131347656,22.778366088867188,-7.066863059997559,-0.4951874315738678,2.7513537406921387,-3.445702314376831,-7.710487365722656,-0.8437490463256836,-4.883028507232666,-2.68693208694458,-5.292617321014404,0.3283065855503082,0.3179888427257538,0.5181103348731995,0.2924143075942993,0.3281709849834442,0.3576012849807739,0.4462577700614929,0.5426592826843262,0.27932462096214294,0.30988773703575134,0.33697232604026794,0.37294402718544006,rock
92.28515625,0.08993966913186388,1886.9577813534856,-92.7332763671875,115.32342529296875,-35.06822204589844,57.875343322753906,1.8522309064865112,26.613142013549805,-14.53686809539795,22.12833023071289,-8.207463264465332,11.016057968139648,-5.649425506591797,7.278642177581787,-10.2041654586792,0.41203659772872925,0.3602508306503296,0.40030452609062195,0.42995476722717285,0.4868333041667938,0.46076613664627075,0.5122360587120056,0.38315799832344055,0.3502970337867737,0.3750908672809601,0.4079218804836273,0.5142141580581665,blues
95.703125,0.15493130075406034,3377.550728575826,-64.02870178222656,50.8101921081543,6.633542060852051,27.823410034179688,6.641088962554932,0.30421924591064453,2.8312952518463135,3.225766181945801,0.1621326506137848,0.6087186932563782,0.09283669292926788,-5.064357280731201,2.664931297302246,0.3759766221046448,0.33858972787857056,0.3264821767807007,0.3433697521686554,0.3352048397064209,0.3321147561073303,0.3360055387020111,0.40224114060401917,0.5467946529388428,0.5716484785079956,0.5040324926376343,0.4322601854801178,hiphop
129.19921875,0.09612456496519721,2218.89166415782,-182.107666015625,103.4304428100586,-18.18817901611328,31.197874069213867,-12.529232025146484,18.83884048461914,-12.868974685668945,19.37246322631836,-17.702714920043945,18.492029190063477,-14.325809478759766,11.538477897644043,-11.629478454589844,0.4403880536556244,0.28732094168663025,0.24693922698497772,0.2836807370185852,0.42977264523506165,0.602705717086792,0.37381574511528015,0.3066290616989136,0.2530776262283325,0.24080790579319,0.23572920262813568,0.28234612941741943,disco
135.99917763157896,0.14704748862547892,2850.236430403512,-0.426577091217041,72.35003662109375,-13.06186580657959,23.91525650024414,10.229573249816895,10.317129135131836,-5.016698837280273,14.344585418701172,-0.6939212083816528,9.888120651245117,0.7251985669136047,5.222891807556152,-4.096551418304443,0.4401590824127197,0.36979177594184875,0.47821545600891113,0.3750159442424774,0.4683239161968231,0.5294457077980042,0.38933122158050537,0.4633551836013794,0.4406455457210541,0.503774881362915,0.31913769245147705,0.3580089807510376,rock
92.28515625,0.07937459215487239,2245.0676185562293,-111.97782897949219,89.099609375,13.175455093383789,36.359657287597656,-3.27657151222229,3.877863883972168,0.5601915121078491,6.327395915985107,-2.1887617111206055,2.9669954776763916,-1.6431162357330322,-0.3779445290565491,-3.478564977645874,0.6218034029006958,0.5390453934669495,0.34853047132492065,0.2816973626613617,0.2498599886894226,0.21835093200206757,0.3740120232105255,0.32209551334381104,0.3781701922416687,0.4335560202598572,0.4953077435493469,0.6552941799163818,hiphop
143.5546875,0.12383575321442382,2314.083798452271,-159.94903564453125,92.8315658569336,-28.738466262817383,31.430213928222656,-6.613218784332275,12.648387908935547,0.8581187725067139,10.945280075073242,-2.0855348110198975,3.6626524925231934,3.568859100341797,0.32369548082351685,8.558349609375,0.4286869168281555,0.38672053813934326,0.47749826312065125,0.3780481815338135,0.33995315432548523,0.38032010197639465,0.35188767313957214,0.3978031277656555,0.3259660303592682,0.4590798616409302,0.41873279213905334,0.4292701184749603,reggae
117.45383522727273,0.12287165264887857,2340.9255025807374,-29.381208419799805,101.87547302246094,-29.112329483032227,69.73011016845703,-16.168983459472656,19.438528060913086,-18.33917999267578,19.06260871887207,-18.282995223999023,15.27957820892334,-8.24422836303711,2.4893925189971924,-14.794669151306152,0.33919113874435425,0.32997456192970276,0.4032534658908844,0.46045932173728943,0.6956599354743958,0.5916481018066406,0.4987155795097351,0.440151572227478,0.5192455649375916,0.3857060670852661,0.3195381462574005,0.5050982236862183,metal
143.5546875,0.04829301708720031,1132.1718112407832,-314.578369140625,139.91119384765625,11.903929710388184,30.14179039001465,-7.542426586151123,14.9170503616333,-2.701582670211792,6.727816104888916,-6.3662190437316895,2.807929515838623,-11.728741645812988,2.077972888946533,-11.43927001953125,0.18419550359249115,0.21300920844078064,0.1702650785446167,0.3552049398422241,0.5361843109130859,0.30067458748817444,0.26557019352912903,0.20977064967155457,0.3074295222759247,0.14081476628780365,0.16538749635219574,0.27872446179389954,blues
58.72691761363637,0.02169698315448569,570.3499042411772,-350.3526306152344,169.53173828125,31.771350860595703,16.71843910217285,28.6589412689209,19.24618148803711,7.845076084136963,10.037884712219238,4.740645408630371,2.9217066764831543,3.900228977203369,1.812954306602478,-5.969144821166992,0.4152846336364746,0.18875138461589813,0.23855866491794586,0.3346843123435974,0.37628301978111267,0.38567984104156494,0.521994411945343,0.29904237389564514,0.3344593644142151,0.3979813754558563,0.440523624420166,0.599095344543457,blues
161.4990234375,0.16082730628866976,2707.0187382903955,-104.72376251220703,87.75371551513672,-33.24885940551758,48.4742546081543,-28.912521362304688,22.514238357543945,-24.98012924194336,20.53738021850586,-12.062983512878418,18.249126434326172,-15.186173439025879,10.295275688171387,-13.891188621520996,0.37174633145332336,0.27363914251327515,0.3346855044364929,0.32051193714141846,0.458176851272583,0.3925648033618927,0.4619973301887512,0.48481059074401855,0.40107816457748413,0.40894386172294617,0.426183819770813,0.5492376685142517,metal
83.35433467741936,0.09517254869972931,1559.9200748058706,-234.44064331054688,130.26002502441406,-39.53103256225586,19.348918914794922,-6.795136451721191,-5.134987831115723,-3.709815263748169,-4.031952381134033,-5.071555137634277,-1.3709052801132202,-7.7486467361450195,-4.380751609802246,0.4702782928943634,0.4165778160095215,0.12562035024166107,0.15839974582195282,0.08214138448238373,0.29492703080177307,0.5272512435913086,0.15220193564891815,0.2884898781776428,0.14486798644065857,0.3988434970378876,0.33052077889442444,0.1673196256160736,classical
123.046875,0.05845780162412993,1913.013075046242,-182.6048126220703,90.67420959472656,14.124648094177246,67.55298614501953,2.6751465797424316,38.43041229248047,-8.419177055358887,24.12371253967285,-13.794528007507324,4.840575695037842,-16.679119110107422,5.827116966247559,-5.14639139175415,0.29647740721702576,0.41974323987960815,0.42353346943855286,0.48035678267478943,0.3637610077857971,0.2650901973247528,0.349465936422348,0.4017271101474762,0.5101563930511475,0.45476996898651123,0.3903985619544983,0.3008004128932953,blues
184.5703125,0.1595289992991106,3391.3650850232443,-40.07685470581055,56.21980285644531,23.69286346435547,31.939529418945312,2.454801082611084,2.5702762603759766,-2.4864342212677,3.1007561683654785,1.881709098815918,3.347036838531494,-0.001814840012229979,-1.516345739364624,-2.451519012451172,0.2690443694591522,0.3115399181842804,0.38584452867507935,0.4176816940307617,0.5815201997756958,0.4950425624847412,0.4732855260372162,0.4810377359390259,0.44396162033081055,0.4586542844772339,0.35940369963645935,0.3820781409740448,disco
123.046875,0.10852154630703789,2946.6326071058666,-212.28390502929688,65.78227233886719,45.207645416259766,19.728803634643555,11.811090469360352,8.058758735656738,4.425893783569336,4.2154011726379395,-2.3198673725128174,-2.2011733055114746,-1.6351122856140137,-4.660810470581055,-3.7225632667541504,0.28969356417655945,0.3945375382900238,0.311531662940979,0.34829527139663696,0.3217417299747467,0.2918406128883362,0.29512232542037964,0.31552061438560486,0.4069159924983978,0.27607840299606323,0.2843155562877655,0.300027996301651,rock
103.359375,0.13885955928557617,2517.7936351466747,-63.14747619628906,86.30364990234375,-37.956748962402344,39.56943893432617,-16.530736923217773,21.0980281829834,-12.261161804199219,13.075491905212402,-12.38037109375,16.627065658569336,-3.994917869567871,8.840082168579102,-6.322553634643555,0.31624406576156616,0.3377127945423126,0.38971376419067383,0.39917823672294617,0.4204907715320587,0.5006442666053772,0.5498882532119751,0.5234137773513794,0.5170074105262756,0.49625319242477417,0.38923895359039307,0.33063605427742004,hiphop
151.99908088235293,0.04257072336620263,971.5184947924256,-228.37425231933594,170.4156036376953,-16.073596954345703,43.94548034667969,1.099621057510376,3.997020959854126,1.0797171592712402,-7.204537391662598,-12.516270637512207,-4.418201923370361,-6.061727523803711,-1.3315176963806152,-3.1522164344787598,0.37973180413246155,0.27892133593559265,0.19814221560955048,0.2568199038505554,0.2649054229259491,0.20998592674732208,0.17925019562244415,0.35773277282714844,0.33692386746406555,0.2670166790485382,0.29632568359375,0.30131563544273376,jazz
95.703125,0.15285733275328692,3110.8981962269786,-18.84539031982422,71.3256607055664,-3.7668960094451904,-1.4087265729904175,0.7054630517959595,-1.0589548349380493,-1.0548251867294312,-0.2474208027124405,0.6257232427597046,0.42704319953918457,-1.5037423372268677,-1.0761550664901733,2.419870615005493,0.4127974212169647,0.5374293923377991,0.30100199580192566,0.3794880211353302,0.2696349620819092,0.3801683187484741,0.26490429043769836,0.30302542448043823,0.4735967814922333,0.3320732116699219,0.44547516107559204,0.29371020197868347,pop
198.76802884615384,0.13844302856728538,2342.4462721453447,-34.63447570800781,106.50068664550781,-41.05968475341797,33.6680908203125,-27.229921340942383,21.403963088989258,-21.319082260131836,14.00523567199707,-27.781681060791016,16.053363800048828,-18.8187255859375,5.648714542388916,-14.293838500976562,0.271201491355896,0.2989140748977661,0.4117741286754608,0.6117409467697144,0.4282476603984833,0.355469673871994,0.42097538709640503,0.47551700472831726,0.38508325815200806,0.3823987543582916,0.6007302403450012,0.3479619324207306,rock
117.45383522727273,0.093266250362529,1551.3608602773115,-197.22750854492188,137.38995361328125,-34.15922164916992,25.363323211669922,-5.264414310455322,-2.776881217956543,-9.508549690246582,-7.613304138183594,-7.647624969482422,-5.667731761932373,-4.384303569793701,-5.424353122711182,-3.528219223022461,0.3330006003379822,0.19723981618881226,0.30957508087158203,0.18915660679340363,0.3073437213897705,0.33595356345176697,0.24885539710521698,0.3261830806732178,0.24583308398723602,0.37574732303619385,0.21800483763217926,0.30403566360473633,classical
135.99917763157896,0.08777506888051044,2473.246187433862,-168.28480529785156,70.92850494384766,-3.0489556789398193,54.81575012207031,-12.119344711303711,30.501707077026367,-1.536869764328003,28.829435348510742,-8.9369535446167,18.75313949584961,-6.60419225692749,14.595447540283203,-3.581789255142212,0.5286175012588501,0.4939247965812683,0.5459309220314026,0.565716564655304,0.5694302320480347,0.5820760726928711,0.606168806552887,0.6738754510879517,0.6515958309173584,0.6398947238922119,0.6036734580993652,0.5447719693183899,hiphop
83.35433467741936,0.15147972254447023,2959.1578862773017,-299.3579406738281,60.76390838623047,32.084476470947266,25.69098663330078,7.444088935852051,-1.2945148944854736,1.8584758043289185,5.254533767700195,-5.537014961242676,-3.092252016067505,3.6521975994110107,-2.301504373550415,0.8900209665298462,0.27269256114959717,0.28840315341949463,0.22551120817661285,0.2717738449573517,0.24228952825069427,0.23764477670192719,0.15685969591140747,0.1766195446252823,0.22384428977966309,0.267116904258728,0.22058068215847015,0.1884918212890625,jazz
172.265625,0.09425926647640061,2455.008879715117,-23.7930965423584,82.98355865478516,2.3204922676086426,29.463279724121094,6.617260932922363,6.476667404174805,-0.7065421342849731,6.221643924713135,-3.372559070587158,5.657924652099609,-0.36495140194892883,3.1989357471466064,-0.21585413813591003,0.44040918350219727,0.4235379993915558,0.3765748143196106,0.41768714785575867,0.34067991375923157,0.3923649489879608,0.3842996060848236,0.4198932945728302,0.3651817739009857,0.30050960183143616,0.2914346754550934,0.2924593687057495,jazz
135.99917763157896,0.07783120045436968,2104.695061638517,-194.7790985107422,83.05220794677734,-0.7635784149169922,32.33563995361328,2.809826612472534,23.16437339782715,2.972536325454712,14.224822044372559,8.545867919921875,10.442086219787598,7.072536945343018,8.811519622802734,1.4220293760299683,0.31068354845046997,0.33997443318367004,0.49857187271118164,0.40830498933792114,0.40275871753692627,0.3265644609928131,0.3003101646900177,0.41933900117874146,0.3135310709476471,0.34166646003723145,0.2902386784553528,0.35022085905075073,reggae
99.38401442307692,0.16665269419470224,2423.3323353649416,-301.9320983886719,57.551673889160156,-59.13855743408203,33.53784942626953,-20.92420196533203,17.73392677307129,-0.6399964094161987,49.018707275390625,19.130725860595703,27.11223030090332,-17.640003204345703,-0.2826136350631714,-3.750938892364502,0.18509705364704132,0.09335571527481079,0.0611930675804615,0.18315757811069489,0.2748655676841736,0.08935507386922836,0.12421149760484695,0.07525400817394257,0.3685664236545563,0.3402615189552307,0.1563953012228012,0.6556844711303711,classical
103.359375,0.13436042331303172,2481.7391882072347,-133.8544158935547,93.4715805053711,-24.215269088745117,61.42246627807617,-22.842374801635742,30.967571258544922,-14.948222160339355,20.224098205566406,-9.285204887390137,15.777139663696289,-8.730884552001953,11.95977783203125,-5.319779872894287,0.42867544293403625,0.37488600611686707,0.43671178817749023,0.35265082120895386,0.38498300313949585,0.33046650886535645,0.41993772983551025,0.524111807346344,0.41405177116394043,0.4125896394252777,0.3879992365837097,0.532372236251831,disco
129.19921875,0.056755803485112145,1637.6883378852463,-177.704345703125,113.62593078613281,2.321532726287842,35.830684661865234,1.597782015800476,34.69095993041992,-8.738595008850098,16.286312103271484,-9.326431274414062,14.18676471710205,-2.072920799255371,13.133845329284668,-7.2501749992370605,0.33227965235710144,0.334261029958725,0.5398728847503662,0.4342644214630127,0.41758474707603455,0.33086755871772766,0.34429028630256653,0.3946189880371094,0.31444188952445984,0.3169611394405365,0.30360615253448486,0.3872823119163513,reggae
151.99908088235293,0.038035334493426144,1052.543425045613,-194.36122131347656,157.10690307617188,-14.131715774536133,44.06763458251953,3.4900805950164795,17.45553970336914,2.982182502746582,5.828830242156982,3.0098605155944824,1.0710148811340332,2.5813632011413574,0.798550546169281,0.6509365439414978,0.3082279562950134,0.3383122682571411,0.3811274468898773,0.5730772614479065,0.3775331676006317,0.32115426659584045,0.30261456966400146,0.42377984523773193,0.5321149826049805,0.3852519989013672,0.2852768898010254,0.20799577236175537,reggae
78.30255681818181,0.09597275594547564,2765.1075887449138,-119.36959838867188,85.97376251220703,33.87001419067383,9.98080062866211,17.702011108398438,0.5173518061637878,9.578704833984375,-5.315403461456299,4.174862861633301,8.122891426086426,-7.983270645141602,1.5733020305633545,-2.931323528289795,0.3551453649997711,0.38723671436309814,0.28135186433792114,0.309578001499176,0.4189360737800598,0.29291683435440063,0.35822585225105286,0.33440718054771423,0.43420958518981934,0.37009963393211365,0.337543249130249,0.4460763931274414,pop
161.4990234375,0.0428343121616396,1240.7101460307977,-277.1075744628906,128.2529296875,42.42516326904297,37.693504333496094,12.766558647155762,9.593896865844727,-5.9880170822143555,-7.539555072784424,-8.034139633178711,-4.94254207611084,-6.532015800476074,-3.6276443004608154,-7.227562427520752,0.04743940755724907,0.13030220568180084,0.34815412759780884,0.1761942207813263,0.2296067327260971,0.1456766426563263,0.26103711128234863,0.2784550189971924,0.2221616953611374,0.5091872215270996,0.20452731847763062,0.10374400019645691,country
161.4990234375,0.1127057352088167,2258.115149720309,-95.46356964111328,101.38745880126953,-20.677705764770508,48.668914794921875,-30.248262405395508,20.80769920349121,-18.291418075561523,14.138235092163086,-12.799489974975586,13.443615913391113,-14.068502426147461,7.732349395751953,-19.215456008911133,0.2847328186035156,0.23300163447856903,0.3383571207523346,0.2749953269958496,0.4193899631500244,0.3340319097042084,0.3131571114063263,0.6011887192726135,0.38230782747268677,0.3137499988079071,0.2792820632457733,0.28088828921318054,blues
73.828125,0.05727693892594741,1565.155663257242,-200.6343994140625,119.69184112548828,-3.5907490253448486,31.953746795654297,9.979257583618164,15.29326343536377,0.6465807557106018,0.2359243929386139,-4.470190525054932,-2.312380313873291,-5.261340618133545,-2.478390693664551,-6.041272163391113,0.372094988822937,0.32562944293022156,0.3540298342704773,0.32711875438690186,0.38083672523498535,0.24858920276165009,0.33649343252182007,0.43221110105514526,0.32965752482414246,0.32789328694343567,0.29511621594429016,0.4382811486721039,country
123.046875,0.11757230943058777,2669.9475361239274,-103.14578247070312,74.09630584716797,-22.450448989868164,51.5986328125,-7.0803446769714355,32.669761657714844,-14.982949256896973,19.6383056640625,-7.0651373863220215,22.26523208618164,-7.316590309143066,17.616531372070312,-0.035863395780324936,0.49269649386405945,0.6314159035682678,0.5254029035568237,0.47325149178504944,0.5105657577514648,0.5473600625991821,0.47860077023506165,0.4680432677268982,0.5431033372879028,0.46147841215133667,0.4193786084651947,0.42964330315589905,hiphop
123.046875,0.11424808429118774,2520.434661747475,-35.856197357177734,83.80528259277344,-2.901970624923706,32.21396255493164,9.144426345825195,4.182419776916504,0.1370866894721985,11.094395637512207,-2.89473557472229,7.9954514503479,0.6289428472518921,3.6732091903686523,3.7831783294677734,0.45442283153533936,0.5076145529747009,0.4574599862098694,0.45282888412475586,0.527925431728363,0.40667036175727844,0.41206642985343933,0.3402082920074463,0.33560875058174133,0.43387749791145325,0.4184536635875702,0.47473785281181335,disco
99.38401442307692,0.054847239341647334,1317.026970811459,-179.8000030517578,147.7592315673828,-20.459308624267578,58.603145599365234,-23.800596237182617,2.462271213531494,-3.1939632892608643,-9.31116771697998,-5.763919830322266,-0.4222122132778168,-8.364212989807129,3.093960762023926,-6.859157562255859,0.34831008315086365,0.27651751041412354,0.15278281271457672,0.1940540373325348,0.16636911034584045,0.19579516351222992,0.2237747758626938,0.2743971049785614,0.3313341438770294,0.23174704611301422,0.20375725626945496,0.24151960015296936,jazz
89.10290948275862,0.054210547781322505,1214.2001323890852,-171.24200439453125,160.4872589111328,-17.805805206298828,30.491003036499023,7.510969638824463,-8.247462272644043,-5.667516231536865,0.13154976069927216,-8.835050582885742,-2.655703067779541,0.7119978666305542,-3.7818262577056885,-6.502074718475342,0.2693805396556854,0.3948056995868683,0.31846076250076294,0.3748522996902466,0.3228483498096466,0.4374319911003113,0.3281422555446625,0.25167617201805115,0.3933270275592804,0.26159051060676575,0.20934590697288513,0.15782520174980164,country
89.10290948275862,0.061756110913825754,1846.32383638541,-154.7853240966797,113.069580078125,-3.8357596397399902,18.2905330657959,13.331170082092285,8.434420585632324,8.84006404876709,11.334389686584473,8.993480682373047,10.143326759338379,6.199292182922363,9.774344444274902,9.390890121459961,0.4206986725330353,0.4287186563014984,0.317749947309494,0.4025251567363739,0.6397547125816345,0.3526684641838074,0.3088776171207428,0.40895891189575195,0.5509577989578247,0.6613038778305054,0.45310142636299133,0.39057275652885437,hiphop
103.359375,0.1291906086861949,2594.7546880445243,-118.7043228149414,87.64562225341797,6.5529913902282715,45.10232162475586,-38.911590576171875,20.823198318481445,-26.864547729492188,13.807368278503418,-17.236186981201172,5.111260890960693,-15.712020874023438,3.9887707233428955,-27.536579132080078,0.2267010509967804,0.23781713843345642,0.48763346672058105,0.25891047716140747,0.37998953461647034,0.22034819424152374,0.28985482454299927,0.5230879187583923,0.24698519706726074,0.22683008015155792,0.22569002211093903,0.3611259162425995,blues
99.38401442307692,0.08037456798627224,2145.0454449830445,-76.79856872558594,98.390625,-5.047990322113037,49.339622497558594,-10.298393249511719,33.284610748291016,-9.973699569702148,17.609251022338867,-12.237133026123047,18.65895652770996,-10.978350639343262,11.509187698364258,-10.487104415893555,0.5545914173126221,0.5346603393554688,0.5223504900932312,0.4879322350025177,0.4421307444572449,0.4520091414451599,0.4786529541015625,0.46434229612350464,0.4746660590171814,0.5319623351097107,0.4291837215423584,0.40108829736709595,hiphop
135.99917763157896,0.0525349840487239,1535.405936256092,-185.06336975097656,120.5121078491211,29.720224380493164,56.37221908569336,-3.028254747390747,22.21393394470215,-10.350044250488281,20.05312156677246,-13.67916488647461,9.170145034790039,-6.430171489715576,3.300246477127075,-8.732939720153809,0.1875258833169937,0.13427402079105377,0.21459075808525085,0.3944423496723175,0.2574758231639862,0.3204624354839325,0.27481529116630554,0.4490375220775604,0.4277938902378082,0.29035112261772156,0.2888452410697937,0.17292338609695435,country
117.45383522727273,0.17120583188321734,2760.046329477624,-86.23197937011719,76.77147674560547,-42.36281967163086,53.99219512939453,-8.330779075622559,29.406782150268555,-7.896939754486084,26.65984535217285,-14.230666160583496,18.459009170532227,-17.95420265197754,9.866013526916504,-19.03006362915039,0.4320269525051117,0.3545733392238617,0.4269157648086548,0.4308835566043854,0.48706233501434326,0.4912399351596832,0.48147156834602356,0.5296459794044495,0.5552485585212708,0.5707989931106567,0.40613341331481934,0.47116318345069885,metal
80.74951171875,0.045760600952242846,963.6542370411188,-229.05677795410156,180.3300323486328,4.5372114181518555,24.171104431152344,1.0911431312561035,4.01537561416626,-6.0064873695373535,1.9028652906417847,-13.129048347473145,0.015985924750566483,-13.500771522521973,1.5909430980682373,-13.422154426574707,0.40946972370147705,0.21889393031597137,0.29995787143707275,0.24163813889026642,0.45524483919143677,0.352016806602478,0.25931859016418457,0.47128015756607056,0.25273397564888,0.3082549571990967,0.1828659623861313,0.2720910310745239,country
161.4990234375,0.08315697807907967,2173.8734628702273,-162.5001220703125,98.50553131103516,-1.639286994934082,20.811336517333984,12.054912567138672,11.739405632019043,6.087685585021973,4.953259468078613,1.6935802698135376,3.0457839965820312,-0.8581664562225342,4.114119052886963,3.421534299850464,0.47382208704948425,0.38117656111717224,0.412663072347641,0.49651721119880676,0.39458051323890686,0.34829604625701904,0.3552466332912445,0.48842379450798035,0.2641710042953491,0.21646885573863983,0.2875337302684784,0.32688623666763306,reggae
117.45383522727273,0.07355637930201082,1782.220467473971,-200.00050354003906,117.24072265625,-12.388030052185059,39.11275100708008,-6.355851650238037,16.529460906982422,-17.309965133666992,13.6309814453125,-17.660388946533203,14.041950225830078,-10.207222938537598,12.181232452392578,-6.717840671539307,0.3386387526988983,0.3029234707355499,0.3083702027797699,0.38268348574638367,0.31482622027397156,0.3364991843700409,0.3379771113395691,0.37192243337631226,0.4007464647293091,0.3696897625923157,0.3085491359233856,0.22279219329357147,jazz
99.38401442307692,0.06107594076276102,1790.2436399601108,-217.6363067626953,112.63075256347656,12.674138069152832,39.5185661315918,-9.819438934326172,17.370189666748047,-12.366684913635254,20.70370864868164,-18.293848037719727,16.350719451904297,-10.015159606933594,9.042704582214355,-6.878431797027588,0.3150312304496765,0.2577855587005615,0.25123926997184753,0.24356050789356232,0.2623938024044037,0.2901301085948944,0.3080952763557434,0.387513667345047,0.36964279413223267,0.45249053835868835,0.38674649596214294,0.24779808521270752,jazz
184.5703125,0.12342262120552977,1952.6079332127845,-287.60369873046875,101.75817108154297,-35.34540557861328,41.28015899658203,-12.727130889892578,17.276147842407227,-13.967988967895508,16.304946899414062,-5.59296178817749,13.654109954833984,-8.788415908813477,-0.05309520289301872,-13.757535934448242,0.3978670835494995,0.1438601016998291,0.11233402788639069,0.1026996597647667,0.38786667585372925,0.5836417078971863,0.2786881625652313,0.28326424956321716,0.19271408021450043,0.5177865028381348,0.31017717719078064,0.16863611340522766,classical
129.19921875,0.18081285044470224,3653.6600399416443,-65.76850128173828,52.81834411621094,16.573312759399414,12.56186294555664,5.6153106689453125,8.38082504272461,-0.6204210519790649,-0.6156937479972839,-4.081848621368408,0.6821996569633484,-7.784730911254883,-1.893624186515808,-7.254852771759033,0.23292899131774902,0.3737148642539978,0.517208993434906,0.37882521748542786,0.3642005920410156,0.3503979742527008,0.48755836486816406,0.3939678966999054,0.30736836791038513,0.35535144805908203,0.23649416863918304,0.2942427396774292,disco
123.046875,0.04750791521655066,829.0091477951953,-421.5946960449219,172.78944396972656,28.069185256958008,-2.5672545433044434,-3.5711488723754883,-4.8697967529296875,-8.896141052246094,-10.69369125366211,-7.677651882171631,-7.952369689941406,-7.321745872497559,-2.7029621601104736,-0.9108148217201233,0.16385741531848907,0.35678496956825256,0.48980334401130676,0.283047080039978,0.13822637498378754,0.17687350511550903,0.187486469745636,0.11605832725763321,0.09084533154964447,0.15316614508628845,0.18003636598587036,0.15022990107536316,classical
73.828125,0.06984498864075793,1465.8580996844978,-259.90985107421875,123.19316864013672,-6.395084857940674,37.571449279785156,-2.9789445400238037,13.065518379211426,-14.084049224853516,5.3091535568237305,-11.972436904907227,3.5174100399017334,-9.6387357711792,5.337090492248535,-7.837250232696533,0.2963356375694275,0.19813527166843414,0.23021259903907776,0.2647809684276581,0.19779826700687408,0.2680716812610626,0.27930986881256104,0.20136220753192902,0.23109501600265503,0.21307125687599182,0.2315257489681244,0.3829832375049591,jazz
80.74951171875,0.0997370154195669,2844.9380068612104,-63.56813049316406,79.03118896484375,42.745155334472656,16.092519760131836,15.271023750305176,10.789155960083008,13.30831241607666,3.686560869216919,4.926994323730469,10.66427230834961,-0.016068343073129654,3.4758782386779785,3.415135383605957,0.3597986698150635,0.3395642042160034,0.40385016798973083,0.3669874668121338,0.42194268107414246,0.4377971887588501,0.2839559018611908,0.3102096617221832,0.34192219376564026,0.35225406289100647,0.3209695518016815,0.31311845779418945,pop
86.1328125,0.0929928430732792,1964.9561710023156,-80.2308349609375,108.20328521728516,-23.831283569335938,52.62173843383789,-6.413538455963135,15.06437873840332,-17.638652801513672,9.731314659118652,-16.172584533691406,8.904531478881836,-15.960603713989258,8.001686096191406,-10.708484649658203,0.34088975191116333,0.2770022749900818,0.4412592053413391,0.2743890881538391,0.2925514876842499,0.22167789936065674,0.26490235328674316,0.4073452353477478,0.28244873881340027,0.3963005244731903,0.2636062502861023,0.3739802837371826,country
117.45383522727273,0.1221488604505027,2838.5120944344094,-72.14413452148438,81.28120422363281,16.711231231689453,8.694823265075684,14.17661190032959,-1.0479516983032227,12.842172622680664,-0.5259743332862854,3.1425318717956543,3.1586649417877197,-3.4713525772094727,-1.1356595754623413,-0.6815590858459473,0.4269467294216156,0.4044933319091797,0.3623273968696594,0.40790876746177673,0.3913876414299011,0.49959832429885864,0.3566977083683014,0.4729066789150238,0.5193692445755005,0.38177689909935,0.4092530310153961,0.34866857528686523,pop
99.38401442307692,0.18691957596191028,3501.7665177124118,-23.213329315185547,53.82878875732422,-0.6723455190658569,14.730805397033691,4.8800458908081055,6.732577323913574,4.846349716186523,4.953850746154785,4.270914077758789,3.1137921810150146,2.5477359294891357,2.987114667892456,4.636804580688477,0.6543006896972656,0.4507969915866852,0.5226454138755798,0.5713005065917969,0.49354949593544006,0.4729717969894409,0.42216697335243225,0.5485239624977112,0.494904100894928,0.44260138273239136,0.48066335916519165,0.49989134073257446,pop
107.666015625,0.18918764803267596,3880.9607426552216,-75.25608825683594,44.86506652832031,10.096426963806152,1.154051423072815,1.1483592987060547,-3.1336843967437744,0.13224773108959198,0.05679195001721382,-3.4559073448181152,0.10516607761383057,-1.9297059774398804,-2.3094441890716553,-0.06527592986822128,0.370745986700058,0.4402000308036804,0.3347431719303131,0.3800337612628937,0.3477073311805725,0.43525001406669617,0.353920578956604,0.32196179032325745,0.47365373373031616,0.3725079298019409,0.39154326915740967,0.28432074189186096,reggae
161.4990234375,0.16082730628866976,2707.0187382903955,-104.72376251220703,87.75371551513672,-33.24885940551758,48.4742546081543,-28.912521362304688,22.514238357543945,-24.98012924194336,20.53738021850586,-12.062983512878418,18.249126434326172,-15.186173439025879,10.295275688171387,-13.891188621520996,0.37174633145332336,0.27363914251327515,0.3346855044364929,0.32051193714141846,0.458176851272583,0.3925648033618927,0.4619973301887512,0.48481059074401855,0.40107816457748413,0.40894386172294617,0.426183819770813,0.5492376685142517,metal
89.10290948275862,0.06405358782869296,1667.5169597765603,-141.01443481445312,123.92110443115234,-2.5103795528411865,27.954957962036133,-0.004282373934984207,1.2101255655288696,-11.015172958374023,-1.3653063774108887,-7.019753456115723,-6.129559516906738,-5.183857440948486,-2.1625635623931885,-4.59874153137207,0.42901530861854553,0.27573391795158386,0.26660194993019104,0.21646177768707275,0.3606279194355011,0.3928498327732086,0.3189796805381775,0.4525405168533325,0.2541331648826599,0.17228348553180695,0.15570035576820374,0.2633766531944275,country
86.1328125,0.0592051400570379,1811.1579026505945,-236.6493682861328,91.6895751953125,1.8816684484481812,45.46815872192383,1.2822022438049316,32.2618408203125,9.052180290222168,19.61058807373047,-5.0543060302734375,10.958242416381836,-4.002636432647705,7.531213760375977,-0.33062663674354553,0.47711172699928284,0.5200576782226562,0.387972354888916,0.31214091181755066,0.34885600209236145,0.4325481653213501,0.6967393159866333,0.4995155334472656,0.3470962345600128,0.42348456382751465,0.3310878574848175,0.43881213665008545,reggae
129.19921875,0.12088227474864656,3297.9029244411563,-59.28567886352539,36.26666259765625,39.83190155029297,49.966922760009766,10.147770881652832,16.89705467224121,9.780289649963379,4.446477890014648,2.426203489303589,1.7045092582702637,2.3705525398254395,3.9136555194854736,3.1900172233581543,0.4270184338092804,0.41062110662460327,0.4244929552078247,0.4198065400123596,0.4156624376773834,0.43120822310447693,0.4542829692363739,0.5110461115837097,0.6025874614715576,0.6810542345046997,0.5901116728782654,0.5061600804328918,hiphop
107.666015625,0.03168654534029389,749.4465657215497,-296.70941162109375,172.3617706298828,16.870981216430664,18.944475173950195,1.371418833732605,14.397395133972168,1.0102300643920898,9.526041030883789,-7.407200336456299,3.5161073207855225,-7.660177230834961,-0.10548140108585358,-7.948270320892334,0.20210571587085724,0.36754152178764343,0.2614835202693939,0.1975732147693634,0.24138964712619781,0.20311060547828674,0.32710811495780945,0.27825257182121277,0.34814947843551636,0.25812026858329773,0.2589570879936218,0.2592400908470154,jazz
95.703125,0.06922378008990719,2500.4618224971823,-81.72638702392578,82.33733367919922,53.53656768798828,25.525997161865234,15.728673934936523,19.20550537109375,8.432267189025879,6.390246391296387,0.20682312548160553,0.13791875541210175,1.2020646333694458,1.5321110486984253,-0.7304981350898743,0.3391306400299072,0.2945646345615387,0.31906452775001526,0.3340834677219391,0.42030981183052063,0.559354305267334,0.5391247272491455,0.5136610865592957,0.48109057545661926,0.4528355300426483,0.4968763589859009,0.42093104124069214,hiphop
117.45383522727273,0.11746997051430781,2457.2908366769266,-123.83838653564453,89.85542297363281,-1.846598744392395,51.16645050048828,-16.24985122680664,28.270509719848633,-12.485133171081543,19.029924392700195,-13.273391723632812,18.48080062866211,-13.773316383361816,12.864999771118164,-8.755853652954102,0.30501502752304077,0.39782437682151794,0.3050592243671417,0.3975151777267456,0.5853946208953857,0.4031890332698822,0.3100912570953369,0.3280334174633026,0.5292633175849915,0.24157235026359558,0.22420281171798706,0.4226236939430237,disco
103.359375,0.08770822759570766,1993.412986778348,-192.11354064941406,105.56804656982422,-26.025104522705078,40.16893768310547,-6.658174514770508,26.505718231201172,-10.386099815368652,18.473989486694336,-13.997672080993652,14.939582824707031,-12.698396682739258,9.57853889465332,-5.1966657638549805,0.3639666736125946,0.23039741814136505,0.33908116817474365,0.23273785412311554,0.3069000244140625,0.3816923201084137,0.41036757826805115,0.5347477793693542,0.4030763506889343,0.37157711386680603,0.2956460416316986,0.3705287277698517,jazz
69.83741554054055,0.04291625882153906,1373.628372500732,-178.4794921875,130.1080322265625,12.076066017150879,47.04983139038086,2.6116669178009033,24.09943199157715,-4.625374794006348,22.778528213500977,-10.929765701293945,13.534307479858398,-6.806915760040283,8.726393699645996,-6.095906734466553,0.4870207905769348,0.27031150460243225,0.23199670016765594,0.21986019611358643,0.35275185108184814,0.490805983543396,0.41966190934181213,0.4470364451408386,0.33262667059898376,0.3311730921268463,0.24757717549800873,0.2743957042694092,country
172.265625,0.19684040869102862,3108.521763898349,10.45137882232666,63.716392517089844,-28.423778533935547,62.6082878112793,-19.600479125976562,28.830821990966797,-15.23064136505127,19.305824279785156,-10.698309898376465,18.866392135620117,-12.708805084228516,18.04070281982422,-10.834188461303711,0.5816901326179504,0.5522630214691162,0.5127701759338379,0.44829022884368896,0.4020686447620392,0.4268471300601959,0.5299920439720154,0.4444456398487091,0.4502056837081909,0.47639474272727966,0.5192559957504272,0.6467660069465637,metal
117.45383522727273,0.12188535748106061,2967.147962166956,-218.0833282470703,40.82960891723633,-14.313482284545898,33.91025161743164,12.158745765686035,13.611059188842773,5.877000331878662,7.52401876449585,5.388509273529053,10.56341552734375,4.758798599243164,6.447478771209717,6.524983882904053,0.4259450137615204,0.40836870670318604,0.507401704788208,0.6048985123634338,0.45704373717308044,0.43228474259376526,0.445308119058609,0.5271311402320862,0.6411486268043518,0.6606378555297852,0.6260073781013489,0.4768996834754944,hiphop
112.34714673913044,0.1909561098221191,3889.1427979836844,-52.58420181274414,37.492366790771484,14.082900047302246,18.178388595581055,16.777841567993164,5.952136993408203,6.420661449432373,2.6906490325927734,-0.44427061080932617,3.2166364192962646,-3.943319797515869,1.6200884580612183,0.31675970554351807,0.37904974818229675,0.3872392773628235,0.5467228889465332,0.48812633752822876,0.5031338334083557,0.42617088556289673,0.42225801944732666,0.5205479860305786,0.3969188332557678,0.41296300292015076,0.4191513955593109,0.46411019563674927,pop
107.666015625,0.1078452031370843,2634.043115077565,-163.56101989746094,65.98094940185547,5.354575157165527,41.90309143066406,7.027951717376709,5.498210906982422,8.927303314208984,2.6824657917022705,-0.17861619591712952,5.162720680236816,10.48486328125,3.334359645843506,3.836848020553589,0.29427823424339294,0.3729938268661499,0.21342380344867706,0.3360508978366852,0.3323971629142761,0.23975887894630432,0.3951563835144043,0.3442939817905426,0.33945417404174805,0.4754496216773987,0.3466266393661499,0.37089666724205017,jazz
112.34714673913044,0.09464725928074245,2250.8283209687615,3.6384408473968506,104.7562026977539,-0.8330118060112,55.92049789428711,-29.229419708251953,31.24738311767578,-14.18906021118164,20.214330673217773,-8.272819519042969,15.177010536193848,-14.592083930969238,15.659340858459473,-12.991373062133789,0.5583585500717163,0.5471135973930359,0.6457229852676392,0.5097205638885498,0.39822134375572205,0.4658993184566498,0.5296029448509216,0.4946586489677429,0.48222848773002625,0.5395200848579407,0.5471440553665161,0.6058276295661926,metal
92.28515625,0.10171046401515152,2896.950312515822,-74.73161315917969,48.89044189453125,3.8210833072662354,36.2955207824707,12.96852970123291,13.447174072265625,9.112768173217773,12.724714279174805,2.4919137954711914,12.091032981872559,8.995610237121582,3.908064126968384,4.785854816436768,0.427682489156723,0.4963010847568512,0.6600813865661621,0.7613101005554199,0.5923460125923157,0.4507037401199341,0.36705440282821655,0.3697497844696045,0.3411485254764557,0.30395182967185974,0.2892768979072571,0.333330363035202,hiphop
86.1328125,0.039907645736658934,1176.326568022795,-413.57647705078125,118.27752685546875,31.093847274780273,40.15021514892578,13.094316482543945,13.939774513244629,-3.718762159347534,4.747172832489014,-9.887994766235352,-3.066446542739868,-6.28899621963501,-3.619384288787842,-5.270100116729736,0.17542915046215057,0.23192712664604187,0.19195730984210968,0.22957269847393036,0.1947127878665924,0.19869191944599152,0.18008030951023102,0.24040587246418,0.3093101680278778,0.34757405519485474,0.2377423197031021,0.1516159325838089,jazz
112.34714673913044,0.12828881779292342,2410.87784256885,-16.719741821289062,94.11849975585938,-32.79254150390625,61.47652053833008,-10.095499992370605,34.224143981933594,-11.964559555053711,28.192855834960938,-15.31869125366211,19.325191497802734,-8.285292625427246,17.942100524902344,-7.449493885040283,0.4932602643966675,0.40114566683769226,0.46492716670036316,0.45234376192092896,0.48980095982551575,0.4803066551685333,0.603951632976532,0.5234439969062805,0.41098302602767944,0.39529523253440857,0.43696919083595276,0.5923221707344055,metal
117.45383522727273,0.05433025787896365,1537.4684493421887,-169.68312072753906,119.10564422607422,7.161805152893066,53.429664611816406,4.125312805175781,23.133098602294922,-5.721344470977783,24.98675537109375,-9.328978538513184,13.474867820739746,-14.278745651245117,5.959375858306885,-13.598074913024902,0.37820950150489807,0.2848796844482422,0.2689083218574524,0.3416675925254822,0.23056143522262573,0.2456529587507248,0.24039052426815033,0.4138861298561096,0.6574078798294067,0.4189768433570862,0.3484245836734772,0.2906776964664459,rock
99.38401442307692,0.055842305926140756,1574.959956587146,-69.57057189941406,125.9927749633789,-5.150373458862305,30.774839401245117,8.313545227050781,5.0850725173950195,-3.9134469032287598,5.374506950378418,-10.777910232543945,9.031306266784668,-8.259539604187012,4.789565563201904,-5.124674320220947,0.4347444474697113,0.3431782126426697,0.40031981468200684,0.3366056978702545,0.3660542070865631,0.36703452467918396,0.3410024046897888,0.5682916641235352,0.41100138425827026,0.4215610921382904,0.28918302059173584,0.27910929918289185,jazz
161.4990234375,0.08823842626160093,2456.3701094702765,-105.7021255493164,76.07130432128906,19.506235122680664,36.742977142333984,3.7592546939849854,11.673693656921387,0.07490076124668121,7.103166580200195,7.682288646697998,10.456472396850586,0.9806077480316162,-2.189112424850464,-1.5151197910308838,0.35918140411376953,0.26566609740257263,0.2616816461086273,0.34735310077667236,0.5596065521240234,0.3983234465122223,0.39365777373313904,0.468851774930954,0.5490238666534424,0.7328477501869202,0.5046467185020447,0.4467182457447052,reggae
112.34714673913044,0.155900310566512,2809.0680167308506,-105.53448486328125,79.25039672851562,-15.200756072998047,40.80681610107422,-12.249134063720703,23.53496551513672,-19.93960189819336,27.305810928344727,-16.492477416992188,21.520198822021484,-11.671629905700684,13.985746383666992,-10.764670372009277,0.49286743998527527,0.3538467288017273,0.3822910785675049,0.5729227662086487,0.557147204875946,0.6482790112495422,0.3813987374305725,0.3260185420513153,0.34239307045936584,0.35879987478256226,0.4112021028995514,0.39968934655189514,disco
112.34714673913044,0.15107338795436967,2648.809544128405,-40.81153869628906,86.80333709716797,-26.94032859802246,34.944278717041016,-20.04463768005371,21.665029525756836,-23.94926643371582,19.274099349975586,-17.52947998046875,18.051179885864258,-16.018600463867188,12.443822860717773,-13.879081726074219,0.4734397828578949,0.3014709949493408,0.3401806354522705,0.5441057085990906,0.5159397721290588,0.6323169469833374,0.32094961404800415,0.28051549196243286,0.32220572233200073,0.3492589592933655,0.3967275619506836,0.3565726578235626,disco
123.046875,0.1412658455384764,2378.4924001543227,-57.6837158203125,101.41867065429688,-41.4903564453125,55.11407470703125,-23.339160919189453,28.14437484741211,-12.126062393188477,18.141897201538086,-15.424080848693848,11.882041931152344,-10.801528930664062,9.388020515441895,-12.2761869430542,0.43559345602989197,0.43338528275489807,0.4780866205692291,0.6681922078132629,0.58000248670578,0.5248115062713623,0.5074192881584167,0.4909256398677826,0.5826156139373779,0.5347179174423218,0.5099784731864929,0.41356930136680603,metal
123.046875,0.09966035564095127,2410.17299144527,-124.16992950439453,90.15501403808594,-11.328685760498047,10.931417465209961,-1.1485722064971924,-3.759183406829834,-0.8579286336898804,-3.835480213165283,-3.7047462463378906,-0.2598790228366852,-5.816019535064697,-3.438340187072754,-4.632643222808838,0.5332136750221252,0.49431630969047546,0.34369978308677673,0.25740787386894226,0.2519817650318146,0.42738330364227295,0.3301829993724823,0.3725918233394623,0.3775334656238556,0.28041619062423706,0.321959525346756,0.30481019616127014,disco
151.99908088235293,0.1385170449052591,2522.1247438723517,0.2567196190357208,94.1856460571289,-32.401512145996094,45.45294189453125,-15.199275016784668,25.886077880859375,-12.390216827392578,19.618541717529297,-6.805022239685059,17.224979400634766,-12.985888481140137,13.681323051452637,-8.688226699829102,0.456546425819397,0.47942662239074707,0.5598987340927124,0.5317528247833252,0.5248849391937256,0.4464152455329895,0.4179427921772003,0.4969276487827301,0.40635421872138977,0.47059836983680725,0.525136411190033,0.4512024521827698,metal
129.19921875,0.09586022090100542,2634.223606489956,-111.62213897705078,82.2491455078125,13.051350593566895,31.925334930419922,23.684825897216797,-0.5329458713531494,12.033108711242676,3.6621603965759277,-5.739371299743652,3.3419153690338135,1.4315192699432373,0.7713819742202759,0.5497472882270813,0.3631429076194763,0.34772104024887085,0.38769757747650146,0.4304453134536743,0.4897911250591278,0.3000311255455017,0.2751431465148926,0.3311968743801117,0.47208794951438904,0.617621660232544,0.40211305022239685,0.3860013484954834,country
112.34714673913044,0.16142736731438515,2699.3192596794,-89.35648345947266,82.35881042480469,-23.25064468383789,68.10648345947266,-13.075439453125,22.445690155029297,-18.5135498046875,26.229427337646484,-14.345780372619629,21.50103187561035,-13.874236106872559,12.476177215576172,-14.113441467285156,0.4592054784297943,0.4579804241657257,0.49377378821372986,0.5473556518554688,0.5886266827583313,0.568495512008667,0.608330488204956,0.5921130776405334,0.5472860336303711,0.5505088567733765,0.6476121544837952,0.6019400954246521,metal
67.99958881578948,0.041281857236078884,715.8536806386724,-552.1586303710938,173.3163604736328,26.347732543945312,14.124619483947754,7.260139465332031,-7.080264091491699,-5.854333400726318,-10.337285041809082,-11.018614768981934,-9.199594497680664,-8.825931549072266,-4.9307861328125,-3.6539578437805176,0.2574406564235687,0.2331656664609909,0.18210746347904205,0.4019883871078491,0.15885360538959503,0.13758030533790588,0.10117752850055695,0.29512929916381836,0.40296855568885803,0.19793376326560974,0.2129712998867035,0.11982905119657516,classical
92.28515625,0.15598678883894046,3131.3254325021653,-25.120616912841797,70.80852508544922,2.9293947219848633,7.533096790313721,1.4523043632507324,2.8564467430114746,1.9144237041473389,-6.821269512176514,0.2993655800819397,-1.9430240392684937,-6.645997047424316,-0.24678151309490204,-0.7579966187477112,0.48676174879074097,0.3867388963699341,0.4956474304199219,0.49854421615600586,0.3175034523010254,0.2853391170501709,0.2972627878189087,0.47512513399124146,0.29720330238342285,0.24597425758838654,0.3674590289592743,0.3655936121940613,pop
135.99917763157896,0.04502194811001547,795.5192461669669,-429.1393127441406,175.10499572753906,31.898456573486328,4.28832483291626,1.0443158149719238,-5.7782182693481445,-9.484333992004395,-11.283600807189941,-10.57868766784668,-8.663466453552246,-6.329344749450684,-1.677781343460083,0.822805643081665,0.2720430791378021,0.16127926111221313,0.206446573138237,0.1833643615245819,0.07015782594680786,0.10001765936613083,0.10604856163263321,0.2830630838871002,0.18782320618629456,0.12427796423435211,0.3207903504371643,0.2302621603012085,classical
99.38401442307692,0.07649135368329467,1337.777103820417,-235.76547241210938,144.7672882080078,-22.573074340820312,62.554107666015625,-9.306329727172852,2.031492233276367,-0.3348492383956909,1.9981355667114258,5.536538600921631,0.30647504329681396,9.452853202819824,2.9002881050109863,2.563638925552368,0.2853744924068451,0.23614130914211273,0.18812790513038635,0.27551403641700745,0.24711836874485016,0.32777655124664307,0.20390968024730682,0.2217676341533661,0.30308619141578674,0.21596841514110565,0.2428673803806305,0.22428588569164276,jazz
123.046875,0.17375184285576178,3256.824592073175,-66.57301330566406,58.330589294433594,-8.167374610900879,15.471976280212402,5.565494537353516,7.685079574584961,4.063464164733887,-3.5938892364501953,-1.33248770236969,1.6080923080444336,-5.481993198394775,-3.741950750350952,-3.2483391761779785,0.3535052537918091,0.4103188216686249,0.4609900414943695,0.31897830963134766,0.37540391087532043,0.3205750584602356,0.5033431053161621,0.540862500667572,0.4233779013156891,0.45087242126464844,0.3611777424812317,0.4867573082447052,disco
92.28515625,0.11936627012310606,2702.6536727978196,-77.00405883789062,68.3194580078125,-0.6473915576934814,30.70985984802246,3.949915647506714,5.493636131286621,3.385594129562378,3.0454907417297363,5.648921966552734,4.724794864654541,4.28562068939209,3.4607200622558594,2.887472152709961,0.40461406111717224,0.4674694538116455,0.427330881357193,0.36230751872062683,0.4002011716365814,0.40463799238204956,0.44594550132751465,0.5230181217193604,0.5375032424926758,0.4408853352069855,0.3377366065979004,0.35348764061927795,hiphop
107.666015625,0.12762833526682135,2387.679352105526,-107.98770141601562,81.93318939208984,-30.605754852294922,41.32852554321289,-8.4967041015625,31.341997146606445,-8.859783172607422,26.031679153442383,-8.266654968261719,17.88808822631836,-4.646325588226318,7.425040245056152,-4.354049205780029,0.47573378682136536,0.381687194108963,0.3847975432872772,0.41015592217445374,0.4045425355434418,0.5010846853256226,0.4038434326648712,0.5069088935852051,0.335386723279953,0.41199991106987,0.46618953347206116,0.4414930045604706,disco
112.34714673913044,0.0629996102813225,1474.747173267392,-104.32958984375,136.4242706298828,-20.96272087097168,52.84556198120117,2.0186939239501953,20.423431396484375,-11.615843772888184,17.66742515563965,-15.739913940429688,11.050942420959473,-11.322824478149414,3.6751577854156494,-6.49644136428833,0.4573310911655426,0.2830207347869873,0.2992554306983948,0.26360219717025757,0.35557812452316284,0.36605218052864075,0.35775819420814514,0.5968126654624939,0.40332290530204773,0.3812658488750458,0.26290786266326904,0.3737172782421112,country
123.046875,0.05330347000676721,1721.1466519043972,-144.9571075439453,118.46495819091797,20.525068283081055,28.564393997192383,2.353555679321289,10.069560050964355,11.91759967803955,4.851779460906982,-0.08492742478847504,3.2985026836395264,3.4143989086151123,3.65059757232666,5.364322662353516,0.41739267110824585,0.7218849062919617,0.375968337059021,0.33950141072273254,0.3339081406593323,0.4179571270942688,0.3492484390735626,0.33834028244018555,0.45505791902542114,0.3375401198863983,0.34522348642349243,0.3022269904613495,rock
92.28515625,0.15240530440351896,2192.5069045226314,-251.2393341064453,88.76644897460938,-41.775455474853516,37.9148063659668,-12.039209365844727,21.623262405395508,-5.86722469329834,25.713729858398438,-5.204474925994873,14.297369003295898,-7.549230098724365,10.474767684936523,-4.924638748168945,0.14325447380542755,0.29333263635635376,0.13150554895401,0.24401402473449707,0.4218655228614807,0.17637790739536285,0.20664595067501068,0.1415127068758011,0.3386560082435608,0.23963545262813568,0.09838361293077469,0.2759020924568176,classical
184.5703125,0.19649222979505027,3048.9220500098186,-58.74717712402344,70.53280639648438,-19.41459083557129,73.59740447998047,-27.754701614379883,23.767187118530273,-17.899993896484375,21.221153259277344,-16.954805374145508,16.12974739074707,-15.227396011352539,14.87098503112793,-18.699234008789062,0.5420016050338745,0.5038297176361084,0.5052334666252136,0.4858092665672302,0.4923737347126007,0.501227617263794,0.6155632734298706,0.637840986251831,0.5697830319404602,0.5520943999290466,0.5414182543754578,0.55598384141922,metal
123.046875,0.13640418056361175,3142.6674697923404,-91.861572265625,56.677059173583984,13.784159660339355,15.054891586303711,0.9043136835098267,-4.078766822814941,-0.23014724254608154,0.5669654607772827,-4.586668491363525,-2.6130123138427734,-2.7646896839141846,-3.103954553604126,1.7949007749557495,0.5118893384933472,0.43821901082992554,0.4906158745288849,0.3427140712738037,0.3490292429924011,0.388720840215683,0.3473844826221466,0.43188050389289856,0.45568910241127014,0.6308073401451111,0.43421995639801025,0.42685213685035706,pop
151.99908088235293,0.10443931868716164,2272.5405031296214,-109.51280975341797,97.39122772216797,-20.617918014526367,37.375572204589844,-3.1134142875671387,28.608015060424805,-14.167000770568848,23.848665237426758,-8.73560905456543,19.89689064025879,-11.290992736816406,17.932451248168945,-3.47413969039917,0.5087378025054932,0.4365955591201782,0.4233528673648834,0.47495222091674805,0.569058358669281,0.5227773785591125,0.45879805088043213,0.45659446716308594,0.46742987632751465,0.4927111864089966,0.4983779788017273,0.481456458568573,hiphop
135.99917763157896,0.13492539898700306,2788.3693356571966,-28.04837417602539,65.66149139404297,-7.321227073669434,33.75632095336914,11.126421928405762,14.604360580444336,2.092580556869507,10.00948429107666,-0.2251158505678177,10.13486385345459,-2.8547632694244385,3.0963172912597656,-1.6673214435577393,0.5127028822898865,0.35148686170578003,0.3123663067817688,0.3051157295703888,0.45253682136535645,0.5657832622528076,0.47045421600341797,0.4482482969760895,0.439092218875885,0.5012797713279724,0.33134037256240845,0.3653934597969055,rock
161.4990234375,0.05384424243522815,1776.2078695953194,-122.02580261230469,116.83340454101562,28.3161678314209,24.712554931640625,10.907238960266113,-1.897335171699524,-1.3955236673355103,-0.9501112699508667,-3.547698736190796,-2.6201529502868652,-1.125431776046753,-4.18950891494751,-2.542572498321533,0.2245914191007614,0.3639415502548218,0.4232467710971832,0.3292982280254364,0.4129880368709564,0.3004498779773712,0.3654150366783142,0.32173269987106323,0.3556385934352875,0.5750914216041565,0.3130139112472534,0.28275516629219055,disco
78.30255681818181,0.12468240948859242,2442.941257538624,-3.579895257949829,92.92963409423828,-25.082927703857422,45.17950439453125,-10.856172561645508,31.86339569091797,-18.044389724731445,28.626354217529297,-10.227715492248535,14.668068885803223,-14.90522575378418,14.741957664489746,-15.603513717651367,0.3762992322444916,0.37782758474349976,0.3908119797706604,0.6007797122001648,0.4035457968711853,0.348779559135437,0.43535804748535156,0.42379602789878845,0.3339040279388428,0.3407735526561737,0.6227660775184631,0.40388283133506775,blues
112.34714673913044,0.09133351761890951,2078.0554239577727,-142.40489196777344,116.13787841796875,2.24722957611084,31.06119728088379,6.18619966506958,0.12031544744968414,0.31996896862983704,7.791391849517822,3.2471306324005127,-3.015228748321533,1.7092859745025635,0.7361196279525757,0.14306975901126862,0.3045906722545624,0.5319930911064148,0.22218215465545654,0.2586739957332611,0.5204067826271057,0.4336299002170563,0.6806430220603943,0.3787335157394409,0.36923664808273315,0.35151052474975586,0.2810845375061035,0.42419952154159546,rock
95.703125,0.10929758495262955,3235.5558089909523,-76.70573425292969,52.786949157714844,34.63605880737305,26.197574615478516,16.664793014526367,11.354165077209473,5.861285209655762,6.914185523986816,3.6776621341705322,-0.9586153030395508,3.8744399547576904,4.487363815307617,0.6391593217849731,0.37857741117477417,0.37034934759140015,0.38840872049331665,0.4102741777896881,0.4805407226085663,0.5237538814544678,0.540158212184906,0.5696457028388977,0.5307607054710388,0.4436242878437042,0.37764421105384827,0.3792584538459778,hiphop
99.38401442307692,0.09938166147041763,2566.857509437963,-115.75506591796875,67.0791244506836,1.883468508720398,29.096534729003906,4.00648307800293,12.040892601013184,14.014686584472656,14.933622360229492,2.3025777339935303,17.069459915161133,7.582192897796631,4.99022912979126,8.537059783935547,0.5735436081886292,0.4881574809551239,0.42355141043663025,0.3416459262371063,0.32274129986763,0.33589085936546326,0.415181428194046,0.40549275279045105,0.4685960114002228,0.5620352029800415,0.6228334903717041,0.721287727355957,reggae
99.38401442307692,0.1837123271945089,2975.773811493968,-95.44647979736328,78.33685302734375,-26.221181869506836,44.241336822509766,-22.46974754333496,29.74888801574707,-21.573270797729492,23.954360961914062,-16.577049255371094,20.47197914123535,-19.630769729614258,13.887502670288086,-12.625713348388672,0.4720412790775299,0.3192581832408905,0.3407333195209503,0.2841094136238098,0.4015616178512573,0.37117499113082886,0.32803094387054443,0.4345426559448242,0.35431423783302307,0.4788627326488495,0.35853156447410583,0.4491599202156067,rock
95.703125,0.15281550480769232,2987.6879685185945,-31.762893676757812,59.701419830322266,-2.744976043701172,33.42062759399414,13.097368240356445,9.410451889038086,-1.723739504814148,14.17076587677002,3.0802037715911865,6.734939098358154,1.0862202644348145,3.8186073303222656,1.6549313068389893,0.4689725339412689,0.5027440190315247,0.5414113402366638,0.5864385366439819,0.5350971221923828,0.583652675151825,0.48868080973625183,0.40471604466438293,0.4473034739494324,0.4440053701400757,0.518368661403656,0.47520583868026733,hiphop
75.99954044117646,0.08975349538379737,2004.6584158276357,-251.3311767578125,105.83570098876953,2.162296772003174,32.47584915161133,16.535751342773438,8.277351379394531,10.35033130645752,5.496450901031494,0.8677846193313599,8.342782974243164,-0.628537654876709,9.88725471496582,-1.847565770149231,0.4415503144264221,0.4675457179546356,0.5610443949699402,0.5122526288032532,0.5282869935035706,0.47586962580680847,0.38675665855407715,0.41467294096946716,0.41819071769714355,0.500238835811615,0.44367948174476624,0.4814821183681488,reggae
117.45383522727273,0.18754758193155452,3361.7679741880775,4.08278751373291,52.60870361328125,-11.054906845092773,19.704362869262695,11.284097671508789,7.059070110321045,5.062798976898193,4.561673641204834,0.02562401443719864,5.154422283172607,3.403595209121704,1.1689492464065552,0.5820397138595581,0.7865714430809021,0.42116236686706543,0.3325791358947754,0.286154568195343,0.3796963095664978,0.4158356785774231,0.34597569704055786,0.45650774240493774,0.2967597246170044,0.35990387201309204,0.393023282289505,0.43597808480262756,rock
123.046875,0.05104483879543697,877.3225402716945,-392.92498779296875,190.73504638671875,-13.309889793395996,8.256797790527344,1.5560120344161987,-11.07318115234375,-11.240290641784668,-13.99495792388916,-10.621298789978027,-9.390466690063477,-4.621174335479736,-10.071728706359863,-4.821781635284424,0.2288203090429306,0.2147051841020584,0.4021890163421631,0.16060201823711395,0.21918977797031403,0.12491966038942337,0.2908170819282532,0.4515516757965088,0.23989641666412354,0.4328089654445648,0.1850585639476776,0.3418542742729187,classical
73.828125,0.06120433645108275,1382.8810942210137,-204.4041748046875,138.5618896484375,-10.771316528320312,46.53164291381836,-22.296581268310547,9.67400074005127,-11.094680786132812,-17.79281997680664,-7.586766242980957,-1.6089341640472412,-7.659106254577637,-1.028054118156433,-9.978246688842773,0.23492087423801422,0.18788078427314758,0.27191680669784546,0.2841823697090149,0.27633631229400635,0.37489426136016846,0.30896320939064026,0.3284609317779541,0.2035825252532959,0.2785903513431549,0.3530661463737488,0.31965065002441406,jazz
103.359375,0.15602568517981438,3663.396966933648,-39.893638610839844,35.581356048583984,8.92684268951416,15.07834243774414,15.204771041870117,10.564197540283203,21.816221237182617,10.004616737365723,13.96925163269043,16.55245018005371,1.4722148180007935,3.2634708881378174,0.0665728822350502,0.41878631711006165,0.41753149032592773,0.4675292372703552,0.5517488121986389,0.6277549266815186,0.5849552154541016,0.5534483194351196,0.549182653427124,0.5356540679931641,0.5483001470565796,0.5008397698402405,0.5188297033309937,pop
184.5703125,0.0673042645494973,1811.681664691942,-127.28001403808594,95.79218292236328,-12.782047271728516,37.926856994628906,20.565610885620117,23.201852798461914,8.26945686340332,9.612638473510742,8.66872501373291,5.510033130645752,6.676910400390625,4.024262428283691,1.7337764501571655,0.5904846787452698,0.4819726347923279,0.402805358171463,0.3606413006782532,0.45923957228660583,0.5011082887649536,0.4807766079902649,0.4839937686920166,0.4585990011692047,0.4452977776527405,0.5017278790473938,0.5159804224967957,hiphop
117.45383522727273,0.14835555334010053,2806.872615958848,-35.39995574951172,73.69066619873047,-20.220224380493164,17.177566528320312,14.948893547058105,10.21496868133545,7.6008100509643555,1.5895824432373047,4.175487518310547,0.7455014586448669,-0.3865785002708435,-1.3119747638702393,-2.040322780609131,0.5822485089302063,0.345335990190506,0.30179983377456665,0.30936628580093384,0.3507872223854065,0.3658249080181122,0.38059666752815247,0.52895587682724,0.3096431493759155,0.39788922667503357,0.421854704618454,0.53193199634552,rock
86.1328125,0.27463082463263727,4274.292786512983,-154.95240783691406,-1.4715774059295654,22.345401763916016,30.435306549072266,2.1002306938171387,28.603309631347656,16.997474670410156,13.430587768554688,8.50512981414795,6.496805191040039,9.778132438659668,10.906737327575684,2.177259683609009,0.5589644908905029,0.501919686794281,0.5313608050346375,0.6005164384841919,0.6098116636276245,0.5380030274391174,0.530797004699707,0.5064993500709534,0.5418416857719421,0.51997971534729,0.6215652227401733,0.77528977394104,reggae
184.5703125,0.08782189554331013,1513.0709550116749,-118.21475982666016,152.95570373535156,-46.512428283691406,31.12163543701172,-17.298686981201172,6.282561779022217,-3.6962413787841797,13.05859375,-13.142221450805664,15.704862594604492,-13.088501930236816,5.708540439605713,-10.694908142089844,0.5937191247940063,0.24409151077270508,0.24988925457000732,0.20982857048511505,0.35282936692237854,0.5138584971427917,0.262090802192688,0.40026119351387024,0.2935399115085602,0.39881783723831177,0.2358393669128418,0.2931034564971924,country
89.10290948275862,0.09782391966357308,2301.5769168965485,-159.5803985595703,69.80602264404297,-4.402106761932373,76.8451156616211,3.914897918701172,45.17588424682617,-4.860273838043213,32.20158004760742,-9.805073738098145,7.8093581199646,-21.826738357543945,9.69575023651123,-2.5847606658935547,0.4521309733390808,0.4842475354671478,0.3459945619106293,0.24868522584438324,0.3124336302280426,0.3651798963546753,0.426039457321167,0.36129751801490784,0.32953664660453796,0.3444245457649231,0.39552634954452515,0.4668595492839813,blues
112.34714673913044,0.09080369658739366,2025.0641305486583,-79.8199462890625,109.93669128417969,-17.135549545288086,47.214088439941406,-11.933716773986816,33.328548431396484,-11.712042808532715,23.636423110961914,-13.67732048034668,18.445547103881836,-6.949389457702637,13.038280487060547,-11.589942932128906,0.42574405670166016,0.44751209020614624,0.6445119380950928,0.4746505320072174,0.49280276894569397,0.4915367364883423,0.45997533202171326,0.5050536394119263,0.4290197491645813,0.4464982748031616,0.30928367376327515,0.3272225558757782,rock
129.19921875,0.08717463022041763,2155.845202161907,-109.14070892333984,100.61964416503906,-8.666454315185547,47.35472869873047,-6.568465232849121,39.61775588989258,-8.521923065185547,29.572608947753906,-16.594837188720703,13.170881271362305,-24.213415145874023,6.583019256591797,-8.652446746826172,0.44768163561820984,0.3152099847793579,0.3225276470184326,0.36751508712768555,0.4088803231716156,0.3672954738140106,0.4638840854167938,0.3801330327987671,0.41949355602264404,0.3852854371070862,0.39022108912467957,0.5190848112106323,blues
135.99917763157896,0.10325052566705337,2702.9067305248905,-50.853702545166016,68.05084228515625,12.076207160949707,36.321773529052734,8.664504051208496,19.50160026550293,10.716681480407715,12.310909271240234,1.658845067024231,10.158865928649902,4.832503318786621,1.6959491968154907,2.7262327671051025,0.4968130886554718,0.5988525748252869,0.44337373971939087,0.45136088132858276,0.37042054533958435,0.4826967120170593,0.4799942076206207,0.4408821761608124,0.5148812532424927,0.4423779845237732,0.4999069273471832,0.46057766675949097,pop
123.046875,0.16820212804524362,3353.4041591983114,-77.44352722167969,52.19202423095703,-9.003063201904297,12.859450340270996,8.564753532409668,2.8909404277801514,8.930609703063965,4.0074052810668945,-7.348583698272705,-2.259707450866699,0.9599888920783997,-1.0451937913894653,-3.765717029571533,0.4002189338207245,0.3337913453578949,0.37416839599609375,0.33590996265411377,0.4153851568698883,0.4848947525024414,0.4015854597091675,0.4475172758102417,0.36181768774986267,0.30214035511016846,0.28220221400260925,0.30759599804878235,disco
143.5546875,0.05900574910576179,1930.4048085685063,-177.4196014404297,89.65581512451172,9.641183853149414,65.46586608886719,-0.9979089498519897,15.532965660095215,8.030997276306152,16.351896286010742,0.27241846919059753,2.637974739074707,2.8926405906677246,0.6466755270957947,2.585582971572876,0.39353758096694946,0.32603275775909424,0.35235506296157837,0.29914137721061707,0.3154846727848053,0.4138338565826416,0.2834679186344147,0.25960707664489746,0.30992719531059265,0.44907212257385254,0.6395823359489441,0.4432346224784851,reggae
89.10290948275862,0.08282126111755607,2081.187059476724,-66.10892486572266,97.8838119506836,-18.831674575805664,26.931943893432617,14.003507614135742,6.007767677307129,9.442090034484863,10.566116333007812,-0.14225953817367554,8.125618934631348,10.533843994140625,8.000865936279297,3.8141555786132812,0.46844804286956787,0.34496691823005676,0.24709877371788025,0.2881283164024353,0.3840179443359375,0.5553571581840515,0.4158947765827179,0.37318915128707886,0.3183119297027588,0.29718026518821716,0.45995575189590454,0.3594803810119629,reggae
103.359375,0.05182163270978345,1470.2938674326106,-215.99900817871094,122.53192901611328,0.9069886803627014,39.340003967285156,9.276779174804688,26.041027069091797,-4.044797420501709,18.255962371826172,-6.518695831298828,13.916698455810547,-3.0740814208984375,8.88901138305664,-4.3479905128479,0.7078927159309387,0.7793778777122498,0.66889488697052,0.4768216013908386,0.4401988983154297,0.38350433111190796,0.3676052689552307,0.395216166973114,0.5493615865707397,0.4991167187690735,0.45673471689224243,0.5238270163536072,hiphop
117.45383522727273,0.03532089858855375,1151.310495788512,-301.7080383300781,111.53327941894531,21.896053314208984,16.150569915771484,8.198790550231934,22.08191680908203,-8.601798057556152,1.482753038406372,-17.0777587890625,-8.343711853027344,-17.01078224182129,-10.576026916503906,-15.687028884887695,0.3303682506084442,0.2263725996017456,0.1800420582294464,0.16491582989692688,0.2833836078643799,0.4825182259082794,0.24697604775428772,0.14491209387779236,0.1779167652130127,0.2869643568992615,0.2842269539833069,0.2555862367153168,blues
107.666015625,0.22838043189288476,3400.8644228665353,9.60247802734375,54.68124008178711,-21.033061981201172,60.16366958618164,-21.077375411987305,32.142234802246094,-15.838813781738281,21.446470260620117,-8.722073554992676,19.363521575927734,-12.378996849060059,19.747970581054688,-10.804130554199219,0.5936176180839539,0.6893787980079651,0.6243606209754944,0.4919542968273163,0.44348421692848206,0.3703925609588623,0.45161357522010803,0.5418660640716553,0.523874044418335,0.5286374688148499,0.44169920682907104,0.49971553683280945,metal
123.046875,0.18137212695765662,2915.2020776967365,-174.7207794189453,75.89430236816406,-12.799818992614746,52.61549758911133,-29.407379150390625,22.755056381225586,-22.368854522705078,18.62555503845215,-24.709671020507812,21.171358108520508,-13.808961868286133,13.011256217956543,-7.863234519958496,0.32445409893989563,0.3574347496032715,0.3968002200126648,0.39622625708580017,0.4444226026535034,0.5544601082801819,0.4905199706554413,0.39842522144317627,0.4588184952735901,0.5152941942214966,0.5024926066398621,0.35400331020355225,jazz
151.99908088235293,0.12193549702726218,2138.144345986772,-19.165882110595703,118.84071350097656,-52.14488983154297,42.700321197509766,-21.57284927368164,27.67770004272461,-14.611529350280762,27.019527435302734,-17.12796974182129,18.96819496154785,-10.76742172241211,9.38828182220459,-4.661487579345703,0.4426882863044739,0.640785276889801,0.44034868478775024,0.4622378945350647,0.5568565130233765,0.48864123225212097,0.7565764784812927,0.5741634964942932,0.5103824138641357,0.45959463715553284,0.46969568729400635,0.41028833389282227,metal
135.99917763157896,0.11311924485208817,2031.9933849222396,-98.77110290527344,104.79962158203125,-35.09716796875,60.69519805908203,-2.8405916690826416,22.229469299316406,-7.831078052520752,19.03541374206543,-11.572286605834961,17.01787567138672,-5.378026485443115,12.197646141052246,-9.955081939697266,0.4245079755783081,0.375672847032547,0.3972523510456085,0.31798866391181946,0.4717937409877777,0.4793890118598938,0.5311403870582581,0.5682767629623413,0.40231892466545105,0.40514156222343445,0.41315287351608276,0.4099167287349701,blues
103.359375,0.156306688999613,3087.483970853388,-23.927661895751953,61.22075653076172,-0.9586992263793945,25.331012725830078,0.39423465728759766,6.030254364013672,2.489081621170044,6.189191818237305,-0.3292669653892517,9.69687557220459,-5.507835388183594,1.06181800365448,-2.436964750289917,0.552146852016449,0.32815831899642944,0.2911868691444397,0.3804513216018677,0.4194515347480774,0.6166232228279114,0.4280031621456146,0.4120987057685852,0.43074825406074524,0.40844330191612244,0.5546968579292297,0.4125521183013916,disco
151.99908088235293,0.06057444230955143,1214.3502552431812,-374.6519775390625,153.8229217529297,-21.559772491455078,20.833045959472656,7.00267219543457,-3.9453752040863037,-2.516514778137207,-2.805234670639038,-4.292778491973877,-4.506134510040283,-5.757115364074707,-4.259789943695068,-3.8456015586853027,0.16062088310718536,0.35950514674186707,0.4196627736091614,0.22227810323238373,0.3441300094127655,0.218642920255661,0.3619922399520874,0.22190532088279724,0.2078794687986374,0.24843564629554749,0.15740527212619781,0.2787960469722748,classical
161.4990234375,0.1714403428315932,2699.8589074887423,8.767136573791504,82.82857513427734,-30.575233459472656,66.71375274658203,-16.364315032958984,16.56509017944336,-10.755586624145508,29.541244506835938,-25.093517303466797,16.819787979125977,-11.389716148376465,12.785202980041504,-13.344586372375488,0.4085865616798401,0.4278409481048584,0.437627911567688,0.5762585401535034,0.5699746608734131,0.518970251083374,0.538536012172699,0.6778837442398071,0.6522213220596313,0.4587552547454834,0.44752034544944763,0.41790342330932617,metal
135.99917763157896,0.20352264899941996,3047.617764168932,-84.9103012084961,64.64409637451172,-36.3244743347168,65.3685302734375,-13.865839004516602,22.854402542114258,-15.553912162780762,36.28620910644531,-13.659292221069336,21.25470733642578,-9.240200996398926,19.16221809387207,-10.595865249633789,0.5960687398910522,0.6390540599822998,0.6844150424003601,0.5854604244232178,0.6677007079124451,0.7021045088768005,0.6307989358901978,0.6769261956214905,0.6998230218887329,0.6381477117538452,0.5719805359840393,0.5426397919654846,metal
71.77734375,0.03777854311678268,871.7965368873743,-260.3805236816406,180.59884643554688,-15.35195541381836,48.5430793762207,-0.07772116363048553,5.433351993560791,6.595533847808838,-9.157925605773926,-10.286930084228516,-2.9881865978240967,-5.819792747497559,-2.928515911102295,-3.620267868041992,0.4027559757232666,0.23674923181533813,0.323110431432724,0.20800665020942688,0.27405083179473877,0.20396506786346436,0.18809084594249725,0.2358066886663437,0.1936039924621582,0.3006191849708557,0.25753211975097656,0.35060030221939087,jazz
89.10290948275862,0.0796547968629157,1630.16101822981,-166.97625732421875,116.62675476074219,-44.22053527832031,70.51435089111328,2.3173787593841553,16.009483337402344,12.503331184387207,4.093496799468994,5.3214850425720215,4.5174102783203125,7.2984113693237305,7.585031986236572,2.908709764480591,0.3806942403316498,0.32090330123901367,0.3945285677909851,0.4129795730113983,0.5368086099624634,0.5152102708816528,0.5474408268928528,0.5210282802581787,0.3713986575603485,0.31242603063583374,0.2938833236694336,0.3890347182750702,reggae
112.34714673913044,0.08622601266434649,1983.7751575084244,-82.13018798828125,98.281494140625,-16.52184295654297,68.43462371826172,1.4349229335784912,29.857725143432617,-5.281960487365723,24.396568298339844,-10.477875709533691,14.397420883178711,-7.896055221557617,10.021554946899414,-8.499245643615723,0.5764358639717102,0.4862464666366577,0.5236275792121887,0.4309656620025635,0.4727707803249359,0.4437685012817383,0.44019466638565063,0.44641944766044617,0.5295073390007019,0.5790329575538635,0.44605204463005066,0.5272997617721558,metal
129.19921875,0.1003438738640758,3169.134248059376,-62.0487060546875,64.20450592041016,29.86741065979004,23.252483367919922,16.257404327392578,7.444108486175537,8.867356300354004,6.414830684661865,7.411365509033203,3.019026279449463,1.468711495399475,2.979093074798584,1.857616901397705,0.5788325071334839,0.40602436661720276,0.3550988733768463,0.3229580521583557,0.4103894829750061,0.40921854972839355,0.45878317952156067,0.45537370443344116,0.41969186067581177,0.517038881778717,0.5830181837081909,0.6276686191558838,pop
95.703125,0.15196460508507348,2172.3382154638084,-326.3802795410156,85.90884399414062,-42.97014617919922,31.839683532714844,-19.570825576782227,9.997395515441895,-16.449766159057617,9.995577812194824,-8.59866714477539,25.513877868652344,6.546204090118408,16.40181541442871,3.484389305114746,0.16763655841350555,0.286859929561615,0.13004183769226074,0.26356104016304016,0.15772604942321777,0.07338349521160126,0.17544405162334442,0.22751282155513763,0.48699355125427246,0.273792028427124,0.24209991097450256,0.14779719710350037,classical
161.4990234375,0.12817326167343387,2493.5070129592464,-51.62095260620117,86.17162322998047,-20.278295516967773,59.06399917602539,-10.875286102294922,27.53513526916504,-11.259489059448242,23.944517135620117,-11.56258773803711,13.299591064453125,-9.016209602355957,13.918654441833496,-10.735527992248535,0.5053516626358032,0.5261580944061279,0.6645374894142151,0.5875675082206726,0.5357354283332825,0.4916250705718994,0.47487786412239075,0.4406193494796753,0.48182380199432373,0.5455609560012817,0.486668199300766,0.4796886444091797,metal
123.046875,0.11150145917923433,2445.1189674157067,-42.399295806884766,85.04792785644531,-7.383805751800537,40.71448516845703,-1.0092216730117798,18.923358917236328,-3.5411758422851562,5.871916770935059,-5.020056247711182,4.245413780212402,-3.1746842861175537,-0.5802537202835083,-0.5299237370491028,0.5636342167854309,0.504108190536499,0.5162537693977356,0.35889285802841187,0.34416109323501587,0.3668449819087982,0.4078649878501892,0.4746831953525543,0.34797024726867676,0.38586461544036865,0.34560465812683105,0.4065997898578644,rock
103.359375,0.08704434636020882,2387.97203880899,-101.2879409790039,84.11575317382812,7.775730609893799,30.372737884521484,13.849443435668945,11.625495910644531,-0.11909642070531845,-4.936893463134766,-2.364722967147827,-1.9683380126953125,-8.188102722167969,2.820075750350952,0.5401414036750793,0.45231035351753235,0.4319259226322174,0.41733211278915405,0.32561537623405457,0.4133822023868561,0.3098115026950836,0.24323391914367676,0.3131464123725891,0.3776715397834778,0.5494745373725891,0.4559851884841919,0.4099898934364319,country
129.19921875,0.12024747136020882,2354.8865441845633,-161.7779083251953,78.69161224365234,-19.24317169189453,55.11003494262695,13.188936233520508,30.961427688598633,-7.010762691497803,24.29537582397461,-12.827424049377441,21.51841926574707,-13.527458190917969,12.775018692016602,-7.452332019805908,0.3198305666446686,0.3647240400314331,0.4150962829589844,0.4991753399372101,0.3586951196193695,0.37985995411872864,0.45276540517807007,0.40069133043289185,0.45452988147735596,0.5086637735366821,0.5628016591072083,0.4257514774799347,reggae
184.5703125,0.053872942647911835,1717.3394378748264,-153.5439453125,92.79627990722656,-15.85392951965332,57.93318557739258,8.58076286315918,18.46156883239746,13.27911376953125,11.165099143981934,7.618666172027588,12.968199729919434,5.6574015617370605,7.017025470733643,2.8851962089538574,0.46869033575057983,0.42200565338134766,0.43690046668052673,0.4000503718852997,0.309253066778183,0.2729948163032532,0.3259515166282654,0.4299524128437042,0.5778409838676453,0.5836495757102966,0.5225822329521179,0.525421142578125,hiphop
112.34714673913044,0.0671992821925754,1561.0425270580386,-148.36997985839844,126.86573028564453,-19.571285247802734,52.87677001953125,8.581604957580566,17.882394790649414,-8.09940242767334,17.78060531616211,-15.515440940856934,13.506863594055176,-10.964570045471191,9.469388008117676,-1.921047568321228,0.35502633452415466,0.27426981925964355,0.3445212244987488,0.2676854431629181,0.2955179512500763,0.4788752794265747,0.32771211862564087,0.3983443081378937,0.37014198303222656,0.4460557699203491,0.3483365476131439,0.27004164457321167,country
107.666015625,0.03801713930407464,1391.5959542659566,-179.79295349121094,114.697998046875,28.397092819213867,36.05839920043945,11.135540008544922,12.761848449707031,3.798271417617798,8.4786958694458,-0.06284362077713013,5.388268947601318,1.0202451944351196,2.6880953311920166,-3.727062702178955,0.28566575050354004,0.2778463363647461,0.3944612443447113,0.3614110052585602,0.29226478934288025,0.32402557134628296,0.2809141278266907,0.406467080116272,0.3164103329181671,0.25503259897232056,0.3215462863445282,0.2798897922039032,jazz
123.046875,0.11017558488012374,2280.0273192565046,-109.09089660644531,106.83238220214844,-18.27195167541504,23.419095993041992,-17.746166229248047,19.014434814453125,-13.604413986206055,18.686166763305664,-18.363712310791016,18.39069175720215,-9.709160804748535,11.856559753417969,-5.552552223205566,0.3790164887905121,0.44851040840148926,0.49613288044929504,0.3171377182006836,0.32522454857826233,0.31348559260368347,0.43898826837539673,0.3678308129310608,0.34926629066467285,0.45100855827331543,0.44057053327560425,0.5183360576629639,disco
103.359375,0.11083682267498067,2367.639173778173,-121.9977035522461,89.62222290039062,-25.781709671020508,40.95842742919922,-4.291183948516846,27.560094833374023,-15.56806755065918,22.40218734741211,-10.835225105285645,19.812076568603516,-8.643745422363281,19.082935333251953,-8.475935935974121,0.43693363666534424,0.49669861793518066,0.5070079565048218,0.46149128675460815,0.42132705450057983,0.44679489731788635,0.4256163239479065,0.4249109923839569,0.45188257098197937,0.43099185824394226,0.43392738699913025,0.4365326762199402,hiphop
123.046875,0.07841653373936582,1503.9322999254405,-252.09982299804688,137.90313720703125,-11.128929138183594,8.363253593444824,0.7312535643577576,1.588837742805481,-3.7318849563598633,-4.134912490844727,-5.499282360076904,-2.631620407104492,-3.532426595687866,-3.1432619094848633,-1.846343994140625,0.4413898289203644,0.3055277466773987,0.3252967894077301,0.4006551504135132,0.4566395878791809,0.3331819176673889,0.21843989193439484,0.3618619441986084,0.3874542713165283,0.32182183861732483,0.28425270318984985,0.2969728410243988,jazz
107.666015625,0.14964517473897912,3393.080458875416,-125.9823226928711,56.631195068359375,23.469533920288086,23.709396362304688,-0.2991616725921631,7.154332160949707,0.18178780376911163,-0.8391556143760681,-4.1526923179626465,-1.8885246515274048,2.5274884700775146,0.523857593536377,0.9215272665023804,0.34414345026016235,0.4529336392879486,0.5041472911834717,0.49592188000679016,0.5821706056594849,0.4347193241119385,0.40172263979911804,0.3942488729953766,0.3508831262588501,0.3482017517089844,0.3650171756744385,0.4762252867221832,jazz
151.99908088235293,0.08226991492652745,1711.3330130756563,-96.24627685546875,131.92442321777344,-26.341777801513672,35.975467681884766,-22.810157775878906,14.49544620513916,-11.845881462097168,11.814582824707031,-21.22422218322754,11.547977447509766,-12.93090534210205,7.188193321228027,-13.94133186340332,0.24906103312969208,0.4853748381137848,0.3708350360393524,0.23568204045295715,0.32926851511001587,0.30311787128448486,0.49715980887413025,0.29908573627471924,0.32502293586730957,0.4969801604747772,0.29677775502204895,0.25215643644332886,country
143.5546875,0.06649877042246713,1321.6158527095797,-183.984375,159.7994842529297,-23.137691497802734,43.022621154785156,-9.470625877380371,8.825905799865723,-1.6558599472045898,4.349173545837402,-13.371261596679688,0.8312223553657532,-13.969490051269531,1.4447743892669678,-7.380751609802246,0.2209647297859192,0.2955118715763092,0.41150930523872375,0.29060351848602295,0.32783225178718567,0.23501114547252655,0.2708345055580139,0.20817930996418,0.25191792845726013,0.4806114435195923,0.28381404280662537,0.2902865409851074,country
112.34714673913044,0.11016274531129157,2839.25842945996,-199.05686950683594,61.146400451660156,9.977331161499023,23.480609893798828,10.260272026062012,0.0013764773029834032,8.017387390136719,1.123151183128357,-4.898378372192383,9.487702369689941,-6.3569746017456055,3.875741958618164,1.6276602745056152,0.24819353222846985,0.2587776482105255,0.40739089250564575,0.267475962638855,0.26845669746398926,0.24873535335063934,0.3665464222431183,0.3798198997974396,0.24934078752994537,0.3224429190158844,0.2587316632270813,0.3349471092224121,country
80.74951171875,0.07461564373066512,1826.4363763466288,-125.97967529296875,117.34161376953125,-0.06749968975782394,10.210601806640625,4.488731861114502,2.17809796333313,-3.639923334121704,3.3827173709869385,1.7389079332351685,4.557037353515625,0.8408322334289551,2.4257442951202393,-3.111211061477661,0.36211520433425903,0.2513919472694397,0.27391594648361206,0.24291029572486877,0.24911099672317505,0.4368458092212677,0.4057336747646332,0.5009721517562866,0.38340646028518677,0.2240205556154251,0.25158464908599854,0.2179531455039978,pop
151.99908088235293,0.09282441814095127,2006.8493639042415,-88.07561492919922,109.43931579589844,-25.164966583251953,40.39529037475586,-8.778365135192871,24.7145938873291,-11.525629997253418,18.510263442993164,-8.29180908203125,17.03091812133789,-8.43327808380127,9.79904556274414,-12.903515815734863,0.38112673163414,0.3573666214942932,0.4654269516468048,0.3829432427883148,0.4076489508152008,0.3972418010234833,0.43935418128967285,0.4993228018283844,0.36824357509613037,0.35744452476501465,0.2840406596660614,0.34114640951156616,reggae
143.5546875,0.05939169143948182,1311.9502871452885,-180.2089080810547,131.43243408203125,0.6007862687110901,43.15309524536133,14.135329246520996,25.614765167236328,-5.311872959136963,12.027975082397461,-13.535557746887207,-1.105728030204773,-7.61647367477417,2.7149739265441895,0.778358519077301,0.36586612462997437,0.33140426874160767,0.47136279940605164,0.2749074399471283,0.21532560884952545,0.19466766715049744,0.22197195887565613,0.3863156735897064,0.3124384582042694,0.343058705329895,0.31668993830680847,0.3496764600276947,blues
151.99908088235293,0.06112352269431554,1016.2036312413076,-319.7222595214844,166.00253295898438,-11.938699722290039,27.277769088745117,7.831271648406982,1.7412490844726562,-7.853774070739746,-2.401124954223633,-2.904869794845581,-2.520754337310791,-11.374577522277832,-4.616379261016846,-4.492807865142822,0.3352281153202057,0.3895404636859894,0.2550959885120392,0.24257197976112366,0.3337390422821045,0.2653025984764099,0.2745472192764282,0.2845521867275238,0.46863076090812683,0.38509586453437805,0.2585362195968628,0.33710208535194397,classical
184.5703125,0.08333522150522042,1910.8838166956766,-168.5893096923828,109.53915405273438,-20.654815673828125,38.94364929199219,7.957733631134033,0.33693748712539673,6.048094749450684,4.08280611038208,-1.364237666130066,0.12043596059083939,0.24269428849220276,0.3473122715950012,5.3022565841674805,0.479243665933609,0.5035212635993958,0.589501678943634,0.4458133280277252,0.36225426197052,0.4038951098918915,0.33229562640190125,0.35747286677360535,0.3506225347518921,0.461784303188324,0.3947274386882782,0.3121448755264282,reggae
123.046875,0.16901441959106728,3328.4809117165955,-83.55509185791016,64.49134063720703,5.644416332244873,2.701930046081543,0.7863399386405945,6.165175437927246,1.8841150999069214,1.9749735593795776,-1.810813069343567,1.8658113479614258,2.462479829788208,-0.22272580862045288,2.9572231769561768,0.2964240610599518,0.3480669856071472,0.2833246886730194,0.3724991977214813,0.42997536063194275,0.32130223512649536,0.4171328544616699,0.3201562762260437,0.45373186469078064,0.4162037670612335,0.3895156979560852,0.5371541976928711,disco
184.5703125,0.06226149338942308,1176.9449938974453,-171.08477783203125,156.8987579345703,-21.833309173583984,5.326319694519043,-4.069915294647217,-3.731566905975342,-8.900291442871094,-4.936922550201416,-7.900486946105957,-5.393338680267334,-9.340079307556152,-6.605034351348877,-7.787570476531982,0.23919546604156494,0.13167862594127655,0.20788422226905823,0.204811230301857,0.3335101902484894,0.29090365767478943,0.24223776161670685,0.25495582818984985,0.17451170086860657,0.2856720983982086,0.19294200837612152,0.2756733000278473,classical
107.666015625,0.17930646691318639,3010.922425177517,11.953702926635742,69.42063903808594,-23.265295028686523,60.70008087158203,-20.821870803833008,25.098857879638672,-16.187572479248047,15.548445701599121,-10.504552841186523,18.77710723876953,-13.392751693725586,17.37457275390625,-11.054032325744629,0.522242546081543,0.5542594194412231,0.45940545201301575,0.41253015398979187,0.4261161684989929,0.3894009590148926,0.4623166620731354,0.4339584410190582,0.4729223847389221,0.4541652500629425,0.4465789794921875,0.5283946394920349,metal
123.046875,0.09999833840873937,2030.4879168259463,-35.69507598876953,115.43363189697266,-40.62704086303711,75.36009979248047,-12.551094055175781,21.834949493408203,1.8066258430480957,15.60913372039795,-0.17512889206409454,10.240898132324219,-11.757828712463379,15.403559684753418,-12.46796989440918,0.5243097543716431,0.3749783933162689,0.434773713350296,0.5624871850013733,0.7018153667449951,0.5365833044052124,0.2803554832935333,0.2806127369403839,0.38352420926094055,0.4232082962989807,0.5765817761421204,0.686083972454071,metal
117.45383522727273,0.16674106063901778,3694.9173925155565,-8.45461654663086,42.056644439697266,8.262311935424805,17.968647003173828,14.042865753173828,7.356530666351318,5.724670886993408,-1.8928555250167847,4.611337184906006,2.078214168548584,-1.0689780712127686,-0.6599501371383667,-2.4383575916290283,0.43268656730651855,0.4921496510505676,0.39429137110710144,0.42925265431404114,0.3577907383441925,0.40629374980926514,0.5192270874977112,0.41812074184417725,0.42847004532814026,0.36396071314811707,0.43487274646759033,0.41776227951049805,pop
123.046875,0.11195424279775715,2631.1187832454702,-169.3655242919922,83.94522094726562,11.21859073638916,12.120246887207031,21.056636810302734,9.510336875915527,0.9373276233673096,2.199739933013916,0.8741440773010254,1.655863881111145,-0.40982696413993835,0.7329440712928772,-4.780017375946045,0.3164176344871521,0.37428009510040283,0.4847016930580139,0.3950192332267761,0.41459304094314575,0.3730197846889496,0.4619831144809723,0.3256034553050995,0.2862493097782135,0.3256619870662689,0.3146957457065582,0.38878580927848816,reggae
107.666015625,0.0514017032820959,1324.527825294569,-209.80392456054688,124.46475982666016,10.309393882751465,47.016357421875,6.478227138519287,15.415120124816895,-2.015941619873047,6.7262187004089355,-21.543222427368164,10.72083568572998,-5.532846450805664,-2.195727586746216,-3.0491857528686523,0.12769457697868347,0.14224937558174133,0.17113925516605377,0.14699570834636688,0.18999658524990082,0.23210012912750244,0.1563587188720703,0.2167513519525528,0.3452761173248291,0.3849099278450012,0.691769540309906,0.37368297576904297,blues
107.666015625,0.058720635150812064,1336.3546002724486,-202.8218536376953,145.7447052001953,-23.561141967773438,47.84892654418945,-14.353487968444824,1.6448873281478882,-7.065910816192627,-11.128286361694336,-4.604305744171143,-3.6093201637268066,-3.7902674674987793,2.0428385734558105,0.8476411700248718,0.25835269689559937,0.19230780005455017,0.19243957102298737,0.35072484612464905,0.22349174320697784,0.2716911733150482,0.24906054139137268,0.2547616958618164,0.2189631313085556,0.1958416849374771,0.3508940041065216,0.24661917984485626,jazz
151.99908088235293,0.09410006706786543,1784.0387310049896,-165.5442352294922,117.90447235107422,-33.605472564697266,42.59892654418945,-1.3801004886627197,3.8279640674591064,7.166964054107666,-7.171044826507568,-1.6472125053405762,0.8621200919151306,-12.51009750366211,2.884921073913574,-12.365842819213867,0.46702396869659424,0.2587590217590332,0.3467261791229248,0.23274196684360504,0.28663477301597595,0.26811903715133667,0.2643463611602783,0.5305963158607483,0.3196203410625458,0.25658807158470154,0.19213813543319702,0.29996177554130554,country
151.99908088235293,0.13342209570917182,2669.3593345236,-123.3453369140625,74.88168334960938,-17.058034896850586,31.6099853515625,2.5446815490722656,17.328310012817383,-3.815232515335083,9.723453521728516,-7.237524032592773,11.25865650177002,0.3819888234138489,3.4685218334198,1.6636860370635986,0.3187485933303833,0.3517214059829712,0.3573939800262451,0.44253015518188477,0.3880915641784668,0.5323446989059448,0.47069457173347473,0.37323063611984253,0.42527902126312256,0.4046818017959595,0.4468457102775574,0.3186904489994049,rock
83.35433467741936,0.0509447656854215,1138.970375102019,-256.0997009277344,163.07937622070312,-22.860849380493164,26.925729751586914,15.294624328613281,-3.506046772003174,4.223812580108643,-0.7875760197639465,-9.461128234863281,1.7529934644699097,-4.427716255187988,-3.6453378200531006,-4.250097274780273,0.3791675269603729,0.25728756189346313,0.28697705268859863,0.2438179850578308,0.33184701204299927,0.2941926121711731,0.3320547938346863,0.46621665358543396,0.2868923842906952,0.28571516275405884,0.2577362358570099,0.3668057918548584,country
123.046875,0.1980427965487239,3237.0244682555635,-140.77430725097656,55.938419342041016,-12.305975914001465,44.334285736083984,-10.598108291625977,10.867341995239258,-0.9454208612442017,22.247180938720703,-9.377723693847656,15.238384246826172,-3.057163953781128,9.061381340026855,-8.799073219299316,0.3460339307785034,0.3539111614227295,0.33965519070625305,0.46343034505844116,0.43104755878448486,0.590579092502594,0.48501622676849365,0.4341258704662323,0.539092481136322,0.41927942633628845,0.4624558389186859,0.3426761031150818,metal
123.046875,0.07881720381380511,1329.4563630678226,-368.5205383300781,124.25440216064453,-31.574647903442383,17.583703994750977,2.32499098777771,-5.945176601409912,-11.797775268554688,-5.52202844619751,-5.3968729972839355,-1.3089094161987305,-8.424348831176758,-3.6169049739837646,2.2096312046051025,0.3352380692958832,0.24741041660308838,0.3613925874233246,0.2701858878135681,0.4646323621273041,0.31778380274772644,0.20734496414661407,0.23473069071769714,0.15832921862602234,0.2158757746219635,0.2141922414302826,0.19153860211372375,classical
107.666015625,0.14528500821732404,3270.0808829080115,-26.02374839782715,60.92530822753906,6.002044677734375,17.74094581604004,5.115727424621582,10.42711353302002,2.472599983215332,4.931196689605713,8.130398750305176,3.859981060028076,-0.17782755196094513,7.2514495849609375,4.965223789215088,0.5666818022727966,0.468830943107605,0.4536900222301483,0.3632377088069916,0.3965107202529907,0.4366719424724579,0.48975977301597595,0.5611787438392639,0.5136046409606934,0.5050269961357117,0.5247310996055603,0.5689960718154907,pop
184.5703125,0.06805726749806651,1719.4714520311265,-195.0731658935547,114.2574462890625,0.04147525504231453,38.200618743896484,11.28605842590332,-6.046064376831055,1.2285592555999756,0.014777305535972118,-15.413630485534668,-3.5779056549072266,-6.128469467163086,-4.504781723022461,-0.1242566704750061,0.2682861089706421,0.29398226737976074,0.3205896019935608,0.4404686391353607,0.3145686089992523,0.23191148042678833,0.2937893867492676,0.31822338700294495,0.39630216360092163,0.2892637252807617,0.3512023389339447,0.3419841229915619,country
107.666015625,0.10742489607501933,2305.154160219727,-44.338443756103516,93.38642883300781,-22.30942726135254,48.852542877197266,-13.90401554107666,34.41306686401367,-6.3259196281433105,25.873788833618164,-12.33995246887207,20.430221557617188,-5.762978553771973,11.86552619934082,-11.554360389709473,0.3805978298187256,0.3450782299041748,0.37684422731399536,0.4489530026912689,0.5296094417572021,0.5727361440658569,0.5804292559623718,0.6236076354980469,0.6710843443870544,0.6169396638870239,0.5043885111808777,0.43780606985092163,hiphop
107.666015625,0.13458360523008508,2449.2386358180383,-81.76207733154297,97.61368560791016,-27.614212036132812,36.656280517578125,-17.25920295715332,30.749074935913086,-15.952651023864746,20.96842384338379,-16.221738815307617,17.413183212280273,-13.36976146697998,15.092772483825684,-10.377819061279297,0.6378008127212524,0.3567352294921875,0.3810485601425171,0.5422369241714478,0.38191699981689453,0.42357945442199707,0.4337211549282074,0.6155486702919006,0.39329856634140015,0.3442482054233551,0.5118429660797119,0.44435638189315796,disco
107.666015625,0.19154597471964424,3046.6375964393765,-76.30138397216797,61.76604080200195,-37.11394119262695,62.442501068115234,-14.82613754272461,34.56098937988281,-11.486592292785645,30.955881118774414,-12.274118423461914,22.304582595825195,-7.507652282714844,17.84062385559082,-11.123554229736328,0.5728366374969482,0.4914616048336029,0.508493185043335,0.5166611075401306,0.5884086489677429,0.4832327365875244,0.5038366317749023,0.5717191100120544,0.5299807190895081,0.4687192142009735,0.4964866638183594,0.5752834677696228,metal
95.703125,0.0956740471529389,2544.7011695771357,-66.12837982177734,74.91300201416016,20.638704299926758,39.30213928222656,8.165498733520508,15.136998176574707,-0.3755348324775696,5.573512554168701,1.4621951580047607,-0.6499287486076355,-1.5591092109680176,1.443108081817627,-2.407841205596924,0.3338708281517029,0.3323517143726349,0.34667161107063293,0.4049781262874603,0.4757569134235382,0.45104390382766724,0.44386619329452515,0.44614651799201965,0.4726220667362213,0.5804907083511353,0.4505469799041748,0.3269195854663849,hiphop
123.046875,0.11827508700696056,2467.2607802086277,-121.12451934814453,91.73827362060547,-14.719738960266113,52.961185455322266,-11.417391777038574,31.0105037689209,-17.489896774291992,24.19732666015625,-24.77594566345215,17.11810874938965,-15.880232810974121,10.380571365356445,-8.630905151367188,0.3389456272125244,0.28864723443984985,0.31811103224754333,0.38067537546157837,0.6027922630310059,0.458370566368103,0.3791823387145996,0.35664525628089905,0.3978666663169861,0.5067647099494934,0.3614174723625183,0.43482106924057007,rock
172.265625,0.032053605955143075,1006.8718290855192,-194.2843017578125,151.84703063964844,-1.1988219022750854,39.1881103515625,16.589046478271484,18.24779510498047,-1.3970140218734741,14.869029998779297,-11.620166778564453,2.4414865970611572,-5.081939697265625,3.937605619430542,-0.8988038301467896,0.3870374262332916,0.4129491448402405,0.5119536519050598,0.3375684916973114,0.24108918011188507,0.2683027386665344,0.3325376510620117,0.39574792981147766,0.3918890357017517,0.4032413363456726,0.44438228011131287,0.40754321217536926,blues
99.38401442307692,0.07984399168600155,2083.4389005825383,-198.9590301513672,92.61326599121094,-19.52155113220215,39.53247833251953,-0.6365577578544617,33.590065002441406,-6.464648723602295,27.52346420288086,-2.397747278213501,14.995195388793945,-2.9880177974700928,14.893810272216797,-3.3824236392974854,0.44896772503852844,0.434704452753067,0.4244961738586426,0.401140034198761,0.3543255031108856,0.3707447350025177,0.47563233971595764,0.568464994430542,0.6628756523132324,0.7085933089256287,0.5001368522644043,0.40686941146850586,hiphop
103.359375,0.05087905730375097,1239.6334480091225,-206.24908447265625,126.61618041992188,10.596902847290039,43.21016311645508,12.496740341186523,19.425371170043945,0.3583885729312897,12.73520278930664,-4.579189777374268,4.061159610748291,-4.404284954071045,3.669121265411377,-1.455245018005371,0.3522096276283264,0.40070226788520813,0.3376999795436859,0.29016560316085815,0.3751685917377472,0.3402841091156006,0.3602708578109741,0.39002054929733276,0.4366843104362488,0.4920524060726166,0.37700551748275757,0.36792439222335815,blues
107.666015625,0.025648171645398298,798.6570144423738,-346.8563537597656,139.25108337402344,24.05263328552246,22.281024932861328,18.663772583007812,11.662002563476562,9.016558647155762,6.9709930419921875,-2.0330264568328857,5.412792682647705,1.6503890752792358,-2.357781410217285,3.200082302093506,0.3904334306716919,0.28173595666885376,0.221165731549263,0.22261759638786316,0.2487218976020813,0.2539384067058563,0.2705116271972656,0.3900945782661438,0.449165403842926,0.5355783700942993,0.4682188630104065,0.4513980746269226,blues
107.666015625,0.10623761359242073,2187.9366584276518,-103.9642562866211,101.90469360351562,-10.3402738571167,43.67058181762695,-11.510562896728516,26.943370819091797,-9.995866775512695,25.018699645996094,-14.213517189025879,19.713218688964844,-10.531306266784668,12.67363452911377,-12.690149307250977,0.3882596492767334,0.4263848066329956,0.38756489753723145,0.544111430644989,0.47893840074539185,0.4873286783695221,0.5559423565864563,0.47059324383735657,0.5306451916694641,0.34902870655059814,0.45365774631500244,0.3923182785511017,rock
117.45383522727273,0.1376235619682908,2987.5950110584854,-25.850149154663086,70.90157318115234,9.568533897399902,17.494287490844727,-1.623546838760376,-0.5374487638473511,0.2639298439025879,-4.636477947235107,-0.5794758796691895,-3.067373752593994,-2.4066860675811768,0.3842354714870453,-2.1472790241241455,0.5263525247573853,0.44880881905555725,0.4354952275753021,0.5317106246948242,0.4127628803253174,0.33696112036705017,0.38563618063926697,0.5020664930343628,0.4689945578575134,0.44293251633644104,0.5102312564849854,0.5314953327178955,hiphop
123.046875,0.09876687270398299,2148.129104035021,-106.3966293334961,102.669189453125,-20.16087532043457,59.36691665649414,-9.960424423217773,33.702369689941406,-14.1870698928833,23.52456283569336,-13.328021049499512,16.005512237548828,-18.92649269104004,7.824948310852051,-7.797835826873779,0.329673707485199,0.39710792899131775,0.4182035028934479,0.46897780895233154,0.2986711859703064,0.2749343812465668,0.3268033564090729,0.3841665983200073,0.45961689949035645,0.4006139934062958,0.47278133034706116,0.3225553631782532,blues
95.703125,0.12542634921210363,2284.341189135125,-67.46241760253906,94.8482666015625,-38.84962844848633,37.63341522216797,-12.246915817260742,36.89029312133789,-12.640727996826172,18.29576301574707,-8.845361709594727,17.9775390625,-7.274129390716553,9.713927268981934,-8.736391067504883,0.4057382643222809,0.4124619960784912,0.40387195348739624,0.4252781569957733,0.41758158802986145,0.4048185646533966,0.4271073043346405,0.47900503873825073,0.46511730551719666,0.42144906520843506,0.4384253919124603,0.426186203956604,hiphop
112.34714673913044,0.09890433161736273,1701.9620057889879,-102.48180389404297,135.68374633789062,-46.88444519042969,32.738887786865234,-11.159095764160156,23.46954345703125,-9.779006958007812,16.897071838378906,-11.684481620788574,13.215306282043457,-7.182966709136963,4.746215343475342,-8.193245887756348,0.16791385412216187,0.24839335680007935,0.331583708524704,0.23434783518314362,0.45137253403663635,0.25915712118148804,0.3257210850715637,0.35540997982025146,0.31347259879112244,0.658451497554779,0.27044153213500977,0.23175539076328278,country
117.45383522727273,0.04461485825116009,1236.310511771213,-148.64698791503906,145.77012634277344,-9.366608619689941,48.437965393066406,10.546016693115234,18.008686065673828,-2.6387383937835693,16.953346252441406,-11.500734329223633,8.72577953338623,-8.186317443847656,3.2097280025482178,-0.6816338300704956,0.4807922840118408,0.44942164421081543,0.4211229979991913,0.30837926268577576,0.29962995648384094,0.2837110161781311,0.3518763482570648,0.3955204486846924,0.3664882183074951,0.3606971204280853,0.3501948416233063,0.4342627227306366,blues
73.828125,0.06926758567768755,1596.3192351340854,-146.0340576171875,124.63389587402344,-17.923778533935547,49.246246337890625,-0.16372999548912048,22.783910751342773,-7.180131435394287,16.748544692993164,-9.71323013305664,15.436436653137207,-7.632503032684326,10.915411949157715,-3.4583303928375244,0.2252686321735382,0.30707886815071106,0.28534644842147827,0.33594685792922974,0.5213914513587952,0.3409132659435272,0.30447229743003845,0.21874094009399414,0.3723661005496979,0.5061045289039612,0.30825236439704895,0.32915881276130676,country
172.265625,0.16920927892981438,2986.8439274816596,-76.82907104492188,68.00132751464844,-11.25452709197998,76.37179565429688,-17.477230072021484,25.340322494506836,-17.897218704223633,20.36890983581543,-21.41790008544922,14.218315124511719,-15.766987800598145,12.51955795288086,-18.50328826904297,0.45560333132743835,0.366033673286438,0.40542179346084595,0.4740573763847351,0.5209504961967468,0.4653506278991699,0.5756768584251404,0.5987389087677002,0.511572539806366,0.4698045551776886,0.459258496761322,0.5184348821640015,metal
129.19921875,0.08230050331109823,1967.744332450365,-224.4059295654297,107.35061645507812,-1.5871210098266602,13.89054012298584,8.119406700134277,-9.372527122497559,8.114500045776367,9.291046142578125,9.097890853881836,6.0209808349609375,-6.6624274253845215,2.0678560733795166,6.188162326812744,0.1829591989517212,0.2834164500236511,0.44781047105789185,0.22137370705604553,0.1272830367088318,0.13074493408203125,0.17604225873947144,0.20240041613578796,0.21219691634178162,0.49763554334640503,0.3331039845943451,0.2055036425590515,pop
92.28515625,0.12363183065061871,2456.7182165816203,-133.27146911621094,78.9800033569336,-5.6516804695129395,35.542171478271484,-7.547013759613037,7.928213119506836,2.7289066314697266,0.40225085616111755,-1.144251823425293,-1.1125527620315552,-7.844962120056152,-1.171491265296936,-4.817747116088867,0.2374897301197052,0.25401774048805237,0.20563088357448578,0.3649510443210602,0.35451361536979675,0.292181134223938,0.46413227915763855,0.28063058853149414,0.356643944978714,0.24372461438179016,0.2940852642059326,0.45420244336128235,country
99.38401442307692,0.12817024059841453,2858.1926146109095,-59.56592559814453,63.92966842651367,3.4871747493743896,45.235748291015625,-1.1528621912002563,28.24374008178711,-13.17086124420166,23.591468811035156,-6.623230934143066,16.470619201660156,-7.272899627685547,14.477062225341797,-5.800775051116943,0.4253651797771454,0.39988571405410767,0.4121592342853546,0.4836733639240265,0.5282621383666992,0.4220167100429535,0.38719484210014343,0.4296850860118866,0.49120032787323,0.5675492286682129,0.5249422788619995,0.4993606507778168,hiphop
107.666015625,0.1665242985063805,2710.685063554155,-74.11526489257812,80.0852279663086,-46.96148681640625,51.019073486328125,-9.135111808776855,31.777957916259766,-6.389477729797363,24.861722946166992,-19.14633560180664,20.790164947509766,-11.678598403930664,13.847806930541992,-16.471899032592773,0.41923463344573975,0.38080909848213196,0.4111561179161072,0.5096349716186523,0.675126314163208,0.5767157077789307,0.4819483160972595,0.5415189862251282,0.5462956428527832,0.6196615695953369,0.5289333462715149,0.41932541131973267,metal
129.19921875,0.051224215124709975,1451.8621242970448,-298.7561340332031,112.07627868652344,6.4888176918029785,28.389169692993164,-6.770986557006836,16.645587921142578,-11.807551383972168,12.744362831115723,-8.340970993041992,13.89322280883789,-4.237726211547852,2.317612886428833,-4.329582214355469,0.1176549419760704,0.13391095399856567,0.2204831838607788,0.18841047585010529,0.16817723214626312,0.19363650679588318,0.13062778115272522,0.20394574105739594,0.3643955886363983,0.2875833213329315,0.22447796165943146,0.18569976091384888,jazz
151.99908088235293,0.08750241686001546,2011.3793005237949,-159.17877197265625,92.01376342773438,-16.731046676635742,27.372526168823242,6.108613967895508,3.2374398708343506,7.151188850402832,4.0272979736328125,3.5904977321624756,3.5372068881988525,-0.580227792263031,-3.720458507537842,-4.718691825866699,0.2917769253253937,0.21536019444465637,0.25837764143943787,0.24845042824745178,0.27094167470932007,0.2113979309797287,0.2226695865392685,0.37796008586883545,0.2522223889827728,0.320635050535202,0.18811428546905518,0.1930791288614273,jazz
161.4990234375,0.16219169929427688,2716.919668513005,4.025636672973633,83.2708969116211,-37.250732421875,62.338951110839844,-14.855973243713379,23.411691665649414,-10.47172737121582,16.79778480529785,-7.9595842361450195,16.292543411254883,-11.260960578918457,13.323188781738281,-7.821478843688965,0.5368114113807678,0.5265628695487976,0.49875301122665405,0.450207382440567,0.538544237613678,0.48231226205825806,0.5010238885879517,0.5796941518783569,0.6149697303771973,0.640561580657959,0.5251568555831909,0.5118401050567627,metal
117.45383522727273,0.1080872667730085,2678.1366851461185,-122.2618179321289,50.571388244628906,-27.801025390625,66.5802993774414,-6.6053147315979,32.0711555480957,-8.241497993469238,22.450729370117188,-6.943716526031494,21.06760597229004,-6.176520824432373,13.646000862121582,-3.0987210273742676,0.39441370964050293,0.34476494789123535,0.3700406551361084,0.4211744964122772,0.44165635108947754,0.5111091136932373,0.5308725833892822,0.585992157459259,0.6578715443611145,0.6405655741691589,0.5343102216720581,0.45022448897361755,hiphop
123.046875,0.05888603900812065,1195.4981309471507,-236.67947387695312,138.4055938720703,-4.930479526519775,47.65449905395508,5.15785026550293,8.887805938720703,0.4874057471752167,-3.788341999053955,-14.98486614227295,10.428945541381836,-0.3413842022418976,0.7833588719367981,1.780983805656433,0.19479882717132568,0.19424152374267578,0.15759363770484924,0.2542765140533447,0.34069913625717163,0.146967813372612,0.13919761776924133,0.24395091831684113,0.4377344250679016,0.5545780658721924,0.2522876262664795,0.17302024364471436,blues
89.10290948275862,0.07692752138921113,1755.0626026809584,-182.8117218017578,124.19493103027344,-10.053611755371094,41.57794189453125,-7.377842903137207,26.939071655273438,-12.354729652404785,19.813566207885742,-16.044252395629883,16.194204330444336,-10.25069522857666,3.1294543743133545,-8.979432106018066,0.3233932554721832,0.2785439193248749,0.3079180419445038,0.28787827491760254,0.3630804419517517,0.3534962832927704,0.5174717903137207,0.48838746547698975,0.31436270475387573,0.34689778089523315,0.3132684528827667,0.406232625246048,disco
103.359375,0.15405896534222738,3672.8534749746746,-39.638450622558594,33.950103759765625,9.58324146270752,16.655977249145508,14.907743453979492,11.196752548217773,21.489482879638672,9.88476848602295,14.735057830810547,15.624815940856934,2.0449588298797607,2.5801913738250732,0.3670874238014221,0.4064480662345886,0.43925780057907104,0.5190940499305725,0.6068481802940369,0.605621337890625,0.5533207654953003,0.5430434942245483,0.5266903638839722,0.5475316643714905,0.506385862827301,0.526112973690033,0.4419003427028656,pop
107.666015625,0.09544520072022429,2327.3042883656067,-30.302331924438477,88.46916198730469,-6.565682888031006,32.79241943359375,8.502236366271973,8.387786865234375,2.052032470703125,6.8632941246032715,3.5781381130218506,2.720644474029541,1.291594386100769,3.2918951511383057,1.570115327835083,0.5173293352127075,0.40375497937202454,0.4470541477203369,0.5138708353042603,0.6827661991119385,0.4751017093658447,0.4212431311607361,0.42367613315582275,0.44540998339653015,0.4837579131126404,0.5091405510902405,0.6401310563087463,pop
135.99917763157896,0.04283468979601701,1846.8634833838028,-340.9211120605469,89.82105255126953,44.52626037597656,28.849882125854492,16.31269645690918,10.603151321411133,6.996852874755859,0.8387718200683594,6.085583209991455,7.125728607177734,5.425999164581299,2.725834369659424,9.359518051147461,0.29969269037246704,0.39953961968421936,0.6988497376441956,0.49870216846466064,0.3416039049625397,0.24206939339637756,0.16020262241363525,0.21812541782855988,0.25822606682777405,0.3386457860469818,0.2893584668636322,0.3631783425807953,jazz
66.25600961538461,0.06007520966260634,1511.6824075794038,-217.81781005859375,128.37342834472656,-7.511242389678955,39.28459548950195,-2.5414021015167236,18.173686981201172,-15.148812294006348,16.76080322265625,-15.247552871704102,4.896236419677734,-6.50065279006958,2.9013946056365967,-11.4920015335083,0.3138650059700012,0.2153427004814148,0.23614147305488586,0.2562192678451538,0.33203503489494324,0.5466318726539612,0.2787414491176605,0.2873774468898773,0.21055682003498077,0.19269093871116638,0.1537090688943863,0.13852767646312714,country
117.45383522727273,0.10850946200696056,2224.014584740542,-86.49180603027344,92.7261734008789,-15.342206001281738,54.053279876708984,0.8746948838233948,31.574251174926758,-14.615236282348633,23.32894515991211,-14.971667289733887,15.337373733520508,-7.053953170776367,12.179844856262207,-6.099600315093994,0.5763274431228638,0.46016258001327515,0.4218309223651886,0.39430859684944153,0.5309701561927795,0.47155430912971497,0.40381932258605957,0.520159900188446,0.43311765789985657,0.491782009601593,0.45462486147880554,0.4379214346408844,blues
143.5546875,0.10824587321152358,2157.483363148039,-42.18054962158203,106.26459503173828,-24.218505859375,44.6755485534668,-12.344403266906738,20.534286499023438,-16.05277442932129,18.49297523498535,-18.786243438720703,15.519277572631836,-15.45970344543457,8.95469856262207,-9.982071876525879,0.32060468196868896,0.44356364011764526,0.3225172162055969,0.33497264981269836,0.31816112995147705,0.4285966157913208,0.6385541558265686,0.35485050082206726,0.33873695135116577,0.29747357964515686,0.3424670696258545,0.4305304288864136,country
103.359375,0.1328151434406419,2171.395742272047,-76.74658966064453,105.75111389160156,-43.19778060913086,60.95989227294922,-8.785326957702637,21.246374130249023,-12.868537902832031,18.610828399658203,-11.40945053100586,14.548587799072266,-6.056464672088623,12.733198165893555,-9.375088691711426,0.4237270951271057,0.4638913571834564,0.43562111258506775,0.44243553280830383,0.3033592700958252,0.39098894596099854,0.5002803206443787,0.39927345514297485,0.4170759320259094,0.36342376470565796,0.40568214654922485,0.40354999899864197,blues
92.28515625,0.1221979529195669,2671.1443441180336,-98.85374450683594,71.11212921142578,-10.053335189819336,31.729232788085938,5.147712230682373,1.878088116645813,-8.9037504196167,-4.262249946594238,-5.96468448638916,-4.266651153564453,-0.6641837954521179,-1.8670928478240967,-0.5158784985542297,0.4063090980052948,0.40393558144569397,0.3544875383377075,0.3924175798892975,0.3846881091594696,0.42483991384506226,0.5347681641578674,0.4455804228782654,0.4459093511104584,0.49209317564964294,0.5820881128311157,0.48016291856765747,hiphop
151.99908088235293,0.05861036591260634,1367.435200194701,-414.0825500488281,104.8276138305664,-7.832919597625732,37.85291290283203,0.1932883858680725,23.407958984375,-7.296281337738037,5.744217395782471,-1.0660864114761353,8.48875904083252,-5.500467300415039,0.8773019909858704,-1.4534107446670532,0.1640741378068924,0.2189050167798996,0.11619450896978378,0.13585714995861053,0.35983532667160034,0.30888494849205017,0.1336272656917572,0.14441682398319244,0.2276349812746048,0.287617564201355,0.19687962532043457,0.1278841644525528,jazz
99.38401442307692,0.1370099061049884,2835.1193752816057,-68.98023986816406,73.76139831542969,-12.468052864074707,9.550568580627441,-0.04061080142855644,12.724538803100586,3.163581132888794,-0.07432033121585846,2.532921552658081,2.8792171478271484,-1.6728500127792358,-3.0156919956207275,1.6231787204742432,0.5449849367141724,0.3509769141674042,0.3880208730697632,0.33771318197250366,0.3912190794944763,0.43018418550491333,0.4479203522205353,0.5320002436637878,0.4041783809661865,0.4189034402370453,0.3539358973503113,0.4763958156108856,pop
95.703125,0.09665249782482599,2328.52633694279,-111.27532958984375,89.93035125732422,4.450366020202637,14.537683486938477,9.92753791809082,-9.475553512573242,2.903545379638672,-0.15854309499263763,-3.079089879989624,3.2574100494384766,-1.5119746923446655,1.5706157684326172,2.387639284133911,0.5563221573829651,0.5460546612739563,0.49240642786026,0.35911592841148376,0.4001072943210602,0.3836669623851776,0.427141398191452,0.33934757113456726,0.3199189603328705,0.3645423650741577,0.39799317717552185,0.5122035145759583,hiphop
107.666015625,0.11330995021268368,2290.9396470333063,-122.77545166015625,95.02316284179688,-29.38442611694336,46.7772216796875,-16.006793975830078,27.109676361083984,-13.129478454589844,20.25293731689453,-5.389279365539551,15.461106300354004,-6.9193434715271,15.639389038085938,-6.711004734039307,0.4633602201938629,0.4717791974544525,0.4644491672515869,0.43790265917778015,0.47133296728134155,0.4650753438472748,0.4836552143096924,0.5855645537376404,0.5296622514724731,0.5450515151023865,0.6278980374336243,0.49784114956855774,hiphop
107.666015625,0.15030263619006187,2877.4074655436298,-6.765200614929199,61.12942123413086,-16.672161102294922,27.4387264251709,7.734436988830566,16.013572692871094,4.646263122558594,11.445980072021484,0.3436933159828186,9.835786819458008,3.1894264221191406,5.031802654266357,-1.8564003705978394,0.4399579167366028,0.45495519042015076,0.3916274607181549,0.4688418507575989,0.42471641302108765,0.5013718605041504,0.3925003707408905,0.3825613856315613,0.4989953935146332,0.4208813011646271,0.48987841606140137,0.3858974277973175,disco
112.34714673913044,0.11460297032095901,2565.721387688884,-226.3096466064453,78.28395080566406,7.823919773101807,53.823570251464844,-1.1362899541854858,11.305399894714355,-7.822295188903809,24.3582820892334,-14.93752384185791,18.47645378112793,-19.132421493530273,6.134008884429932,-10.059035301208496,0.4075382649898529,0.29576626420021057,0.3477011024951935,0.43626949191093445,0.5245264172554016,0.3767537474632263,0.2649862766265869,0.39539092779159546,0.4742322564125061,0.5276588201522827,0.3982827067375183,0.3667010962963104,disco
135.99917763157896,0.15077543443058777,3167.957019535548,-40.75261306762695,63.948631286621094,4.900273323059082,16.338193893432617,12.10965633392334,9.335103988647461,4.537440776824951,5.185624122619629,-0.59027498960495,-0.08554638922214508,2.94746994972229,-1.4827536344528198,-1.7634141445159912,0.4932696521282196,0.42275792360305786,0.4943018853664398,0.47101250290870667,0.47001737356185913,0.34168198704719543,0.3574788570404053,0.4224301278591156,0.43605729937553406,0.5156060457229614,0.4362364411354065,0.5405802726745605,disco
95.703125,0.06596252960653519,1180.5324896152028,-362.7318115234375,143.90760803222656,-19.005598068237305,30.65104103088379,1.0206410884857178,0.2722509801387787,-7.9919610023498535,-3.847158432006836,-8.93413257598877,3.2763350009918213,-4.42923641204834,3.6627495288848877,4.925432205200195,0.5427433848381042,0.18962395191192627,0.19260957837104797,0.10465749353170395,0.25109198689460754,0.39665892720222473,0.13838572800159454,0.20750612020492554,0.1219266951084137,0.2589015066623688,0.1936998814344406,0.22985601425170898,classical
135.99917763157896,0.09355627356438515,2207.5083642922987,-130.04454040527344,102.52375793457031,-4.447380542755127,50.0502815246582,-15.527547836303711,32.127708435058594,-18.167598724365234,24.282224655151367,-11.898268699645996,13.758482933044434,-12.887310981750488,7.27159309387207,-9.363436698913574,0.7009884119033813,0.43861082196235657,0.358682781457901,0.3415369689464569,0.40244296193122864,0.38741520047187805,0.3248095214366913,0.44042542576789856,0.33546125888824463,0.34208860993385315,0.44633767008781433,0.4863894581794739,disco
143.5546875,0.08037456798627224,2460.5870773027177,-142.864990234375,83.64266967773438,21.93134307861328,33.85720443725586,4.630733013153076,4.171854496002197,1.9529550075531006,21.814586639404297,-5.948422908782959,0.4980754256248474,17.41832160949707,-11.42819881439209,10.545863151550293,0.36462298035621643,0.30167704820632935,0.3258002996444702,0.2700159549713135,0.32273057103157043,0.48719322681427,0.3226529061794281,0.2686300277709961,0.2982832193374634,0.4041370451450348,0.5925216674804688,0.39270132780075073,reggae
161.4990234375,0.043930584759280744,1352.742709723766,-287.931884765625,124.0107650756836,5.467447757720947,33.66307067871094,1.0916539430618286,14.703699111938477,-4.881141662597656,8.668891906738281,0.7843315601348877,6.576079845428467,-4.875814914703369,-3.1767609119415283,-5.5382585525512695,0.24834033846855164,0.23031722009181976,0.30519604682922363,0.41412028670310974,0.6587241888046265,0.5417941212654114,0.3526599109172821,0.3485594093799591,0.34550514817237854,0.34785589575767517,0.27667346596717834,0.32090237736701965,blues
78.30255681818181,0.14683293153035576,2553.3610730069104,-85.13845825195312,88.80752563476562,-16.32556915283203,59.22816467285156,-35.98337936401367,14.397045135498047,-22.296472549438477,9.660774230957031,-14.823983192443848,11.181689262390137,-14.806865692138672,8.475102424621582,-19.58751106262207,0.5866532325744629,0.3066353499889374,0.37013277411460876,0.26235461235046387,0.3097262680530548,0.6080475449562073,0.24216404557228088,0.25575584173202515,0.2365635335445404,0.3244045078754425,0.19718220829963684,0.29229897260665894,blues
123.046875,0.11256940919856923,2418.030526971729,-91.60157775878906,99.44184112548828,-8.968849182128906,40.15718460083008,-18.011234283447266,22.5396728515625,-21.94744873046875,15.766948699951172,-25.639265060424805,17.6573486328125,-13.664313316345215,15.622417449951172,-15.459026336669922,0.38633638620376587,0.45183178782463074,0.46920812129974365,0.4278796315193176,0.5168328285217285,0.4854319989681244,0.6252051591873169,0.4391731023788452,0.31535419821739197,0.3296526372432709,0.34622856974601746,0.49908366799354553,disco
135.99917763157896,0.1251472774071926,2566.91858339228,-12.502042770385742,91.31736755371094,-23.075956344604492,50.965084075927734,-12.095051765441895,30.911148071289062,-14.991018295288086,23.052810668945312,-14.263138771057129,23.069013595581055,-17.673542022705078,13.156189918518066,-15.185922622680664,0.37966275215148926,0.43894827365875244,0.45457568764686584,0.5905763506889343,0.4146421551704407,0.33397671580314636,0.3411254286766052,0.4148394763469696,0.6071280837059021,0.4828614294528961,0.4986782670021057,0.3994700014591217,metal
143.5546875,0.13501222024845322,2481.5194522237502,-63.82023239135742,88.24267578125,-27.58249282836914,18.59844398498535,-3.585768222808838,5.20340633392334,0.9885984659194946,8.04487419128418,-4.402099609375,2.2726659774780273,4.1477813720703125,-2.2037782669067383,10.268399238586426,0.4212895631790161,0.39163148403167725,0.48712342977523804,0.37690815329551697,0.32059988379478455,0.35633334517478943,0.3311026394367218,0.39621374011039734,0.31905481219291687,0.45865771174430847,0.40802687406539917,0.4096847176551819,reggae
129.19921875,0.069027032579273,2428.058768410789,-192.53927612304688,80.9684066772461,25.694562911987305,18.53758430480957,14.170472145080566,1.2607204914093018,4.087108135223389,-1.416406512260437,2.669368267059326,5.248077392578125,3.72330641746521,0.2904212176799774,7.3350019454956055,0.25322771072387695,0.22324053943157196,0.30730459094047546,0.27401527762413025,0.22784414887428284,0.3888939619064331,0.26865139603614807,0.36484888195991516,0.33672773838043213,0.30701932311058044,0.3477778732776642,0.19207164645195007,jazz
172.265625,0.17704972387374324,3070.837758466109,-111.15650177001953,55.170074462890625,-18.427658081054688,47.19125747680664,-24.791309356689453,22.537811279296875,-21.141803741455078,12.539440155029297,-15.870397567749023,16.290925979614258,-12.566340446472168,9.624495506286621,-12.129928588867188,0.39989885687828064,0.3514687120914459,0.3204523026943207,0.37902313470840454,0.42399075627326965,0.4362333118915558,0.48413965106010437,0.5075427889823914,0.5721113681793213,0.5597262978553772,0.5111293792724609,0.49762335419654846,hiphop
95.703125,0.15687278464988427,3191.2596105890007,12.14577579498291,58.99750518798828,0.9395952820777893,26.74325180053711,9.245794296264648,3.5632026195526123,1.5272026062011719,8.654257774353027,1.002940058708191,11.647982597351074,-2.1983072757720947,1.1939830780029297,0.485300749540329,0.3435801565647125,0.3298250138759613,0.4920908510684967,0.2811872363090515,0.35516947507858276,0.43174508213996887,0.4809279143810272,0.7535151839256287,0.46447664499282837,0.45571860671043396,0.39459967613220215,0.37248125672340393,country
184.5703125,0.07011877356438515,1423.5649269846945,-385.8715515136719,128.65533447265625,-26.710420608520508,39.469886779785156,-2.161214590072632,16.75307273864746,-5.728032112121582,14.715787887573242,-3.088071823120117,12.300446510314941,-5.886197566986084,2.797903060913086,3.6902453899383545,0.42660483717918396,0.33505111932754517,0.5312087535858154,0.3250082731246948,0.2011212706565857,0.21847258508205414,0.35218244791030884,0.446626752614975,0.29512059688568115,0.4844523072242737,0.548620343208313,0.2612765431404114,classical
172.265625,0.10233551757057231,2166.6058738727033,-94.15290832519531,109.18757629394531,-11.854670524597168,41.572715759277344,-19.48259925842285,23.833261489868164,-19.930463790893555,20.37279510498047,-17.291353225708008,16.56532859802246,-10.20144271850586,9.387508392333984,-10.049826622009277,0.33500468730926514,0.38690441846847534,0.5766118168830872,0.4264223873615265,0.4424719214439392,0.3988727331161499,0.3467702567577362,0.31443163752555847,0.36114245653152466,0.5273613929748535,0.2820328176021576,0.28567224740982056,country
103.359375,0.10944642813951239,2224.8938399288413,-98.35357666015625,98.35549926757812,-20.49053192138672,18.82003402709961,-2.095781087875366,2.665037155151367,-7.311517238616943,-3.590113639831543,-7.989524841308594,-1.9183743000030518,-4.731997013092041,0.6237758994102478,-2.5930848121643066,0.5672500729560852,0.22129198908805847,0.27872905135154724,0.20264939963817596,0.3409085273742676,0.31959816813468933,0.2697980999946594,0.5040021538734436,0.23177850246429443,0.24236777424812317,0.19719651341438293,0.3638123869895935,classical
103.359375,0.1475236248066512,3603.816900374411,-44.74116134643555,55.06153869628906,27.155059814453125,19.49420166015625,14.693745613098145,3.2043869495391846,5.503135681152344,1.4257253408432007,4.495546340942383,1.3721120357513428,-1.6586040258407593,-3.5341789722442627,-7.91971492767334,0.25396326184272766,0.3203811049461365,0.5696119070053101,0.37011653184890747,0.3072660565376282,0.25895366072654724,0.35426977276802063,0.5742343664169312,0.36066463589668274,0.3451349139213562,0.26344069838523865,0.2602638304233551,pop
89.10290948275862,0.10830818288379737,2271.8519286411943,-84.68878936767578,100.96957397460938,-16.019012451171875,51.74445343017578,-17.086820602416992,22.575502395629883,-20.297760009765625,18.90978240966797,-19.486066818237305,15.338604927062988,-17.739526748657227,8.58395004272461,-15.003451347351074,0.2858165204524994,0.32458388805389404,0.3803645372390747,0.3685508966445923,0.598827600479126,0.3419695496559143,0.30643150210380554,0.3565536439418793,0.34626343846321106,0.5380676984786987,0.35119572281837463,0.28208309412002563,country
103.359375,0.1415838136842614,3207.617470903022,-45.799076080322266,65.26661682128906,12.929743766784668,14.511338233947754,7.017360687255859,4.410113334655762,6.603431701660156,3.2921526432037354,7.733731746673584,4.053466320037842,3.6582374572753906,2.600369453430176,4.050683498382568,0.5424721240997314,0.42119795083999634,0.4234033226966858,0.4012938439846039,0.3016200065612793,0.3129730224609375,0.36086592078208923,0.4459770917892456,0.34322047233581543,0.3256833553314209,0.36343470215797424,0.3987578749656677,pop
92.28515625,0.07241441294470224,1392.0263572927067,-228.2098388671875,130.3231658935547,-23.311424255371094,70.2009506225586,1.1310546398162842,7.5844268798828125,0.9005107283592224,1.9828155040740967,-6.164414882659912,-9.382747650146484,-2.5637800693511963,-4.525752544403076,-0.2604644000530243,0.39006534218788147,0.23868659138679504,0.2806508243083954,0.2453484684228897,0.41357558965682983,0.2971041202545166,0.20207993686199188,0.1252821385860443,0.16353553533554077,0.21445332467556,0.33187898993492126,0.5615290403366089,blues
80.74951171875,0.10350008877840909,2457.2400884546137,-182.9864044189453,95.9554443359375,43.9482536315918,13.522106170654297,5.9876813888549805,-3.0193440914154053,3.083681106567383,-9.80279541015625,-3.769341230392456,5.308351993560791,-1.0465810298919678,7.543807029724121,5.855525016784668,0.241153284907341,0.41018566489219666,0.3293278217315674,0.5230966210365295,0.3242483139038086,0.3356136679649353,0.4095723330974579,0.30299755930900574,0.28911450505256653,0.26952511072158813,0.3579481244087219,0.3564542233943939,hiphop
99.38401442307692,0.10054024374033256,2094.7777929276835,-30.126768112182617,103.73807525634766,-19.742795944213867,56.410430908203125,-12.707871437072754,20.187707901000977,-17.33887481689453,16.30097198486328,-18.43800163269043,8.925146102905273,-11.655669212341309,11.209242820739746,-8.847433090209961,0.34972116351127625,0.3308139443397522,0.2912279963493347,0.4759903848171234,0.30747950077056885,0.3006536662578583,0.3209156394004822,0.33768197894096375,0.3218311071395874,0.2820412814617157,0.4999506175518036,0.2861948609352112,blues
95.703125,0.11371855060904873,2187.1340254846773,-60.918251037597656,105.47953796386719,-16.908376693725586,40.715721130371094,-15.026839256286621,36.03335189819336,-12.812081336975098,17.487258911132812,-16.74123764038086,11.763030052185059,-10.137153625488281,13.196802139282227,-12.20942211151123,0.21285083889961243,0.294692724943161,0.3143748641014099,0.40082547068595886,0.6378628611564636,0.30908605456352234,0.3471103012561798,0.4584183990955353,0.3868427574634552,0.5470709800720215,0.3180340528488159,0.23534101247787476,country
92.28515625,0.051697390999613305,1109.3207630441668,-249.31532287597656,131.0003204345703,0.6778696775436401,66.70415496826172,17.911272048950195,4.623277187347412,6.603808879852295,1.2421156167984009,1.4099408388137817,-1.5849273204803467,-0.9725387096405029,-3.572615623474121,-2.9297993183135986,0.24255427718162537,0.20957916975021362,0.2664751708507538,0.18082720041275024,0.2367551326751709,0.30517634749412537,0.13574522733688354,0.11208099871873856,0.17639188468456268,0.43706873059272766,0.7760871052742004,0.41263797879219055,blues
123.046875,0.10958987396075019,2330.184617913994,-71.29618072509766,97.73014831542969,-18.38288688659668,8.583880424499512,5.191987991333008,-0.9440428018569946,0.458246111869812,1.6218204498291016,-4.783833980560303,0.061743173748254776,-0.5539029240608215,-4.4585652351379395,-5.319331169128418,0.4217287600040436,0.28933030366897583,0.32195228338241577,0.532019317150116,0.3796435296535492,0.4012511074542999,0.2610883414745331,0.4110563397407532,0.4494585394859314,0.2701527774333954,0.3653368651866913,0.2996121346950531,disco
129.19921875,0.05698049593967518,1867.4143288199461,-124.00334930419922,109.49398040771484,5.874345302581787,32.89594650268555,10.98575496673584,11.695205688476562,12.67827320098877,12.968338966369629,1.6449655294418335,4.5004191398620605,9.672361373901367,3.0521113872528076,3.5316381454467773,0.4696994721889496,0.43289220333099365,0.4546397030353546,0.42386287450790405,0.5114911198616028,0.3980140686035156,0.3523879647254944,0.28528887033462524,0.40634289383888245,0.5118178129196167,0.5514761209487915,0.689430296421051,rock
135.99917763157896,0.10824964955529776,1623.7580253062436,-207.4252166748047,117.61351776123047,-41.42090606689453,13.249366760253906,-1.670911431312561,15.538311958312988,-10.338401794433594,-1.8724031448364258,-12.771743774414062,6.999658584594727,-0.7737137675285339,2.0700433254241943,-8.253665924072266,0.2567904591560364,0.10057640075683594,0.21913307905197144,0.16466425359249115,0.42653095722198486,0.4317949712276459,0.2551146447658539,0.41454312205314636,0.11722242832183838,0.11127462983131409,0.061216168105602264,0.1644585132598877,classical
92.28515625,0.1200435487964037,2323.601876230782,-96.65291595458984,101.7248764038086,-16.83579444885254,47.30033493041992,-27.080928802490234,28.283823013305664,-17.18102264404297,21.641132354736328,-17.88521957397461,7.021393775939941,-14.604522705078125,15.221766471862793,-16.001876831054688,0.3514425754547119,0.40469980239868164,0.28600171208381653,0.3811365067958832,0.5319302082061768,0.45227429270744324,0.4288504123687744,0.32886722683906555,0.431844562292099,0.28370726108551025,0.24221855401992798,0.43873679637908936,metal
129.19921875,0.13598953801720803,3497.720405933398,-46.888980865478516,55.891517639160156,26.0801944732666,16.541316986083984,7.097384452819824,-3.3452632427215576,9.254672050476074,-0.84966641664505,8.30774974822998,7.1216864585876465,-0.5432523488998413,1.7571971416473389,-1.830214023590088,0.4995027482509613,0.41633957624435425,0.3598726689815521,0.45219501852989197,0.4149669408798218,0.4168122410774231,0.37051331996917725,0.45781436562538147,0.34064510464668274,0.26827242970466614,0.3310180604457855,0.3554569482803345,pop
135.99917763157896,0.09415142534319412,2095.4936844516546,-74.21385192871094,104.6032943725586,-8.389850616455078,49.65143966674805,-9.374009132385254,21.45152473449707,-16.3361873626709,18.779911041259766,-13.071928977966309,18.47047233581543,-14.949953079223633,6.884744644165039,-15.329197883605957,0.37315303087234497,0.37999942898750305,0.44649583101272583,0.456158310174942,0.4251457750797272,0.4810027778148651,0.4208809733390808,0.4099278748035431,0.4843674600124359,0.5554940700531006,0.4863429069519043,0.40959277749061584,hiphop
129.19921875,0.1347388129592034,2875.4360880726217,-62.772682189941406,77.84457397460938,3.548541784286499,26.00986099243164,5.935957908630371,11.29356575012207,11.112387657165527,-1.9588369131088257,1.8317075967788696,9.176684379577637,4.0686726570129395,0.9862055778503418,5.612893581390381,0.5090175867080688,0.3527255654335022,0.41143161058425903,0.3622218668460846,0.4482586979866028,0.3763238489627838,0.37596216797828674,0.44562867283821106,0.4406484365463257,0.49796062707901,0.4133104979991913,0.4088720977306366,disco
135.99917763157896,0.12360086463167054,2292.5497866867986,-79.10417938232422,106.8173599243164,-38.74598693847656,39.853370666503906,-26.754459381103516,32.47148895263672,-15.025886535644531,29.701759338378906,-11.370744705200195,13.771313667297363,-14.50649356842041,16.162412643432617,-3.0711159706115723,0.4224872291088104,0.5922348499298096,0.47538918256759644,0.562798261642456,0.40876221656799316,0.32888466119766235,0.34156036376953125,0.3057386875152588,0.3306550979614258,0.25782546401023865,0.33621737360954285,0.3882124722003937,metal
117.45383522727273,0.09652545382318953,2298.1112240567795,-111.09918975830078,94.0258560180664,12.438058853149414,16.629438400268555,8.126039505004883,15.663839340209961,-1.4103329181671143,7.014441013336182,0.9597831964492798,-1.499450922012329,-3.078932762145996,-5.0989861488342285,-3.715648889541626,0.3177262842655182,0.3929480314254761,0.5092092752456665,0.43429091572761536,0.49327221512794495,0.480242520570755,0.5751981139183044,0.4785635769367218,0.42939916253089905,0.41263076663017273,0.3679238259792328,0.45552870631217957,disco
129.19921875,0.18515413524748647,3593.7703164134628,-50.46290588378906,56.434635162353516,12.56867790222168,11.27336311340332,-2.7383477687835693,1.3627746105194092,4.543149948120117,-0.959572434425354,2.298539876937866,2.7476232051849365,-1.977354645729065,2.589660167694092,-4.02415132522583,0.2460414469242096,0.33338528871536255,0.42152294516563416,0.29740896821022034,0.41508948802948,0.2949097454547882,0.47990715503692627,0.5316715240478516,0.4045117497444153,0.5222784876823425,0.3397880494594574,0.36546263098716736,pop
123.046875,0.12381951493619489,2333.5524820822284,-2.543013334274292,101.2654800415039,-33.93092727661133,41.52804946899414,-13.817939758300781,31.92383575439453,-21.876541137695312,24.47026824951172,-15.87441349029541,15.808345794677734,-14.370208740234375,12.514341354370117,-13.378111839294434,0.3443678915500641,0.5280259251594543,0.474031925201416,0.539105236530304,0.32997870445251465,0.3290344774723053,0.30918389558792114,0.4254430830478668,0.404758483171463,0.3573541045188904,0.5587283372879028,0.3707154393196106,blues
129.19921875,0.13637249376438987,2926.532916728232,-24.671667098999023,62.44026565551758,-7.754088401794434,28.432592391967773,10.997146606445312,5.551389217376709,-0.08674420416355133,13.745089530944824,2.8998162746429443,9.909151077270508,0.8537736535072327,5.952078819274902,-1.2259913682937622,0.44006648659706116,0.41111332178115845,0.4956497251987457,0.36644217371940613,0.44267502427101135,0.3516552150249481,0.403609037399292,0.522922694683075,0.37062084674835205,0.4111710488796234,0.33256056904792786,0.4441682994365692,country
117.45383522727273,0.1373478888727765,2269.1618713103626,-100.42342376708984,104.69320678710938,-57.254005432128906,56.57685089111328,-5.555651664733887,22.833269119262695,-6.171516418457031,23.097108840942383,-19.071958541870117,17.79535675048828,-13.78298282623291,9.962791442871094,-14.858658790588379,0.4421302080154419,0.39692971110343933,0.4344116151332855,0.49933263659477234,0.5587801337242126,0.41302984952926636,0.45349007844924927,0.49047040939331055,0.49833208322525024,0.5149857401847839,0.3701763451099396,0.41243550181388855,metal
83.35433467741936,0.05825803303847641,1614.587918187712,-185.41427612304688,118.49516296386719,17.795778274536133,48.869014739990234,-2.1734657287597656,21.35428237915039,-8.9945650100708,20.533510208129883,-11.412322998046875,9.274986267089844,-5.47816801071167,5.761850357055664,-2.988393545150757,0.2937930226325989,0.3800634741783142,0.47553959488868713,0.332892507314682,0.37837544083595276,0.28747349977493286,0.3861367106437683,0.28192317485809326,0.21917635202407837,0.2836962640285492,0.2994464337825775,0.3887106776237488,country
123.046875,0.14054758495262953,2312.066157893261,-41.40650177001953,105.41007995605469,-43.93526077270508,54.11813735961914,-18.419095993041992,23.52926254272461,-17.622051239013672,20.664348602294922,-18.465049743652344,17.480464935302734,-15.180026054382324,11.31359577178955,-14.159313201904297,0.2701922655105591,0.46595197916030884,0.588764488697052,0.38035669922828674,0.46084243059158325,0.36015382409095764,0.4272231459617615,0.42270371317863464,0.42674699425697327,0.5576964616775513,0.3257869780063629,0.34067440032958984,rock
103.359375,0.16747971348124516,3941.417696318185,-56.15306091308594,36.44850158691406,11.979399681091309,-6.415675163269043,3.7821662425994873,5.288355350494385,3.3959648609161377,4.261923313140869,7.989973068237305,5.857593059539795,1.588274359703064,4.853725433349609,0.4957748353481293,0.45649614930152893,0.41816869378089905,0.3887122869491577,0.368366003036499,0.3409469723701477,0.31135958433151245,0.3306332230567932,0.40704068541526794,0.5303869843482971,0.5701020359992981,0.5233192443847656,0.551306962966919,pop
117.45383522727273,0.16367995637567673,2795.3269859130346,0.3683421313762665,79.70758056640625,-30.644737243652344,61.064266204833984,-17.460554122924805,26.701656341552734,-21.244140625,22.358158111572266,-13.016820907592773,17.870939254760742,-13.373003005981445,19.255020141601562,-10.970987319946289,0.5259749889373779,0.5039817094802856,0.500176191329956,0.46169668436050415,0.43768635392189026,0.48942700028419495,0.4083259403705597,0.4359845519065857,0.4379608929157257,0.4651997685432434,0.5925078392028809,0.5297515392303467,metal
123.046875,0.09976307219160867,2292.343238495662,-154.6510467529297,97.9324722290039,-10.347630500793457,39.127403259277344,-11.209807395935059,24.103395462036133,-11.851627349853516,24.19209861755371,-13.451448440551758,20.557750701904297,-8.308699607849121,5.884982585906982,-9.684562683105469,0.38840168714523315,0.42420539259910583,0.40624353289604187,0.44752779603004456,0.48504751920700073,0.6476290822029114,0.5115928053855896,0.43339303135871887,0.5574079155921936,0.3918016850948334,0.39021217823028564,0.3524811565876007,disco
161.4990234375,0.12179161832946636,2340.7341614757443,-116.60201263427734,97.43106842041016,-13.891730308532715,48.96763610839844,-22.596458435058594,27.759014129638672,-20.245162963867188,18.63886260986328,-14.6395845413208,8.482747077941895,-16.644681930541992,11.017630577087402,-13.866873741149902,0.3457154631614685,0.33229124546051025,0.43541499972343445,0.30326351523399353,0.38836991786956787,0.35463061928749084,0.3110384941101074,0.3521655797958374,0.30141592025756836,0.4372473657131195,0.46874168515205383,0.46638166904449463,blues
89.10290948275862,0.08107885610015468,1358.6023759424481,-311.5614013671875,148.6846466064453,-33.492855072021484,10.352457046508789,-12.897485733032227,1.2300145626068115,-12.900196075439453,0.8069201707839966,-9.733505249023438,2.05820369720459,-5.113306999206543,6.7274017333984375,4.611797332763672,0.25543850660324097,0.29506197571754456,0.2635166049003601,0.21951155364513397,0.5001591444015503,0.21874438226222992,0.1686568409204483,0.15742801129817963,0.17598575353622437,0.3985191583633423,0.17192189395427704,0.2516768276691437,classical
95.703125,0.05241074233855375,1427.9245373060999,-190.406494140625,129.51292419433594,-7.829625606536865,20.722414016723633,2.199653148651123,7.7903313636779785,6.186309337615967,1.3470622301101685,-1.5960288047790527,2.017077922821045,-1.9909496307373047,1.1614683866500854,-1.3529067039489746,0.24361442029476166,0.2690722942352295,0.2705267369747162,0.28413528203964233,0.25447878241539,0.41896292567253113,0.289172500371933,0.32447558641433716,0.273830771446228,0.24970445036888123,0.2989095449447632,0.2420826107263565,jazz
92.28515625,0.10254357665639445,2639.343177690068,-109.31012725830078,76.75422668457031,2.7861831188201904,19.187448501586914,0.5631857514381409,8.245013236999512,-8.030610084533691,6.012481689453125,-4.275914192199707,3.656071424484253,-1.5355547666549683,2.6638360023498535,2.2838659286499023,0.5399262309074402,0.5414462089538574,0.5649950504302979,0.40905630588531494,0.3140365183353424,0.29950278997421265,0.32181069254875183,0.3281886577606201,0.3323548138141632,0.40756353735923767,0.49293580651283264,0.5841901302337646,hiphop
107.666015625,0.14628196297370458,2816.3627737389425,-118.35662078857422,74.87531280517578,-19.866090774536133,46.94456481933594,-32.55982971191406,23.820112228393555,-26.355209350585938,17.678152084350586,-13.82485294342041,11.931674003601074,-17.8886661529541,7.539273738861084,-22.895130157470703,0.5689042806625366,0.26256445050239563,0.21282967925071716,0.2443273961544037,0.2737176716327667,0.24874602258205414,0.24983438849449158,0.424112468957901,0.21913528442382812,0.227830708026886,0.27057504653930664,0.3106688857078552,blues
184.5703125,0.057628894165699926,1185.144479134992,-475.8085021972656,141.5044708251953,-8.465948104858398,34.00371551513672,0.5104436874389648,6.037261962890625,0.0038526258431375027,9.544265747070312,2.164994239807129,7.1024370193481445,-8.05256175994873,-0.11562475562095642,0.7636799812316895,0.34962204098701477,0.2340092658996582,0.2838585376739502,0.4592387080192566,0.18978391587734222,0.1858125627040863,0.16357025504112244,0.3559522032737732,0.37243667244911194,0.22250165045261383,0.38565048575401306,0.20580077171325684,classical
99.38401442307692,0.13715000845901004,3508.793497842634,-125.51831817626953,51.231624603271484,38.50043487548828,14.496833801269531,16.24374008178711,4.643925666809082,12.318209648132324,1.1781601905822754,1.7291409969329834,9.76717472076416,-2.8228533267974854,2.080857992172241,0.8581089973449707,0.44642195105552673,0.42436522245407104,0.491586834192276,0.4219071865081787,0.4403463304042816,0.422267347574234,0.40650707483291626,0.5063202977180481,0.54273521900177,0.5935222506523132,0.47721779346466064,0.43256232142448425,pop
123.046875,0.10971902491782676,2248.030510146551,-81.30502319335938,106.47955322265625,-9.540607452392578,17.966781616210938,3.010284423828125,8.300962448120117,3.8893439769744873,4.25072717666626,-3.740938186645508,-2.0746686458587646,-2.209534168243408,-4.5908613204956055,-1.1636227369308472,0.5148983597755432,0.37194785475730896,0.5359412431716919,0.3951120972633362,0.3183685541152954,0.406151682138443,0.3557877540588379,0.5117638111114502,0.3144524097442627,0.27799537777900696,0.47827020287513733,0.4068608582019806,disco
129.19921875,0.0883246111723543,1579.597166735635,-118.44430541992188,122.29463195800781,-12.950322151184082,26.842342376708984,4.370559215545654,6.896610260009766,-6.817065238952637,-0.3957850933074951,-8.276582717895508,-5.027433395385742,-4.359355449676514,0.3311736285686493,-4.525175094604492,0.35169944167137146,0.21720179915428162,0.25218915939331055,0.2860172986984253,0.18152040243148804,0.29453450441360474,0.22058898210525513,0.3543417453765869,0.19519968330860138,0.26920226216316223,0.30433061718940735,0.16626058518886566,jazz
198.76802884615384,0.06134406117072699,1455.0726339660955,-233.77281188964844,120.66433715820312,-3.1640920639038086,39.514827728271484,3.831524133682251,18.828155517578125,-3.678738594055176,4.425468444824219,-14.964926719665527,17.57147789001465,1.8461248874664307,2.55008864402771,-1.2302391529083252,0.23239260911941528,0.16875651478767395,0.14952142536640167,0.2785472273826599,0.40721017122268677,0.2495265007019043,0.2720712125301361,0.3548412621021271,0.5287469625473022,0.5378583073616028,0.2649032771587372,0.25382742285728455,blues
75.99954044117646,0.06082141519238206,1417.9574886379262,-207.39706420898438,134.70504760742188,-9.093170166015625,38.44704055786133,6.303592205047607,22.59577178955078,-8.29938793182373,16.29550552368164,-8.471837997436523,4.140334606170654,-4.3538994789123535,6.340493202209473,-6.913872241973877,0.3386021852493286,0.5046199560165405,0.4318199157714844,0.3244245946407318,0.37443315982818604,0.25325798988342285,0.26838546991348267,0.2245846390724182,0.35669776797294617,0.4132191836833954,0.2887694537639618,0.3311937153339386,reggae
123.046875,0.12909317901682135,2294.2297351535613,-95.25765991210938,103.81341552734375,-37.01361846923828,52.685882568359375,-20.752981185913086,27.573768615722656,-17.526500701904297,24.807493209838867,-11.295161247253418,16.644752502441406,-9.246779441833496,10.183924674987793,-8.784139633178711,0.44060850143432617,0.4120744466781616,0.33253213763237,0.39230039715766907,0.35687845945358276,0.4707402288913727,0.3345056474208832,0.3664930760860443,0.4134877324104309,0.43152904510498047,0.44462576508522034,0.3477698266506195,rock
151.99908088235293,0.05418184756863882,1929.80457391097,-169.90744018554688,98.04430389404297,-11.31363296508789,38.255462646484375,5.081349849700928,25.405147552490234,-11.83530330657959,25.126323699951172,-5.543400764465332,19.209190368652344,-2.91690993309021,18.20797348022461,6.095454216003418,0.5308020114898682,0.43079841136932373,0.3529154360294342,0.3429083228111267,0.3517133295536041,0.34076932072639465,0.3639867603778839,0.43125948309898376,0.5367171764373779,0.6152621507644653,0.6039166450500488,0.6072779297828674,hiphop
103.359375,0.06605051841647332,1622.8096134803375,-121.95899963378906,123.24600982666016,-8.496770858764648,51.59901428222656,-0.10669124871492386,20.418153762817383,-11.878725051879883,16.262134552001953,-11.528810501098633,11.83263874053955,-8.090614318847656,9.130125045776367,-8.650754928588867,0.27203625440597534,0.33125177025794983,0.2600981295108795,0.38522982597351074,0.46315798163414,0.31484246253967285,0.35692915320396423,0.2984603941440582,0.4197450876235962,0.41716235876083374,0.34194013476371765,0.38298487663269043,country
117.45383522727273,0.07547665011117556,2215.267218635689,-294.05438232421875,84.63629150390625,39.07404708862305,28.610286712646484,14.117953300476074,1.0143455266952515,7.343283176422119,5.207617282867432,-3.7476375102996826,-5.045501232147217,2.2260773181915283,-0.5776968598365784,4.209762096405029,0.3040022850036621,0.2790672779083252,0.3535752296447754,0.3250983655452728,0.30063214898109436,0.16626013815402985,0.2067124843597412,0.36289727687835693,0.30048856139183044,0.16055293381214142,0.17678242921829224,0.30923864245414734,jazz
86.1328125,0.07979187814191802,2429.7567970045075,-82.38988494873047,69.96649932861328,10.699049949645996,48.823394775390625,4.650189399719238,13.297805786132812,-1.7968225479125977,5.130041122436523,-1.08479905128479,-2.7969443798065186,-2.5503406524658203,0.2213851362466812,-3.1227164268493652,0.353376179933548,0.34757113456726074,0.33452221751213074,0.364279180765152,0.3753524422645569,0.390006959438324,0.3744746446609497,0.4005279839038849,0.5558927655220032,0.554044783115387,0.4606214761734009,0.3878878057003021,hiphop
135.99917763157896,0.09219376873066512,1559.3040287466677,-297.1280212402344,130.24131774902344,-30.590057373046875,27.473575592041016,-7.0638957023620605,1.9754050970077515,-11.13668441772461,4.74458122253418,-8.76969051361084,5.404951095581055,-5.387939453125,4.4562883377075195,1.7435377836227417,0.3602214455604553,0.22209584712982178,0.4775317311286926,0.17481893301010132,0.24905548989772797,0.21824677288532257,0.17283156514167786,0.2704797685146332,0.14493510127067566,0.2824651896953583,0.12309540063142776,0.26696470379829407,classical
103.359375,0.07056627030162413,1304.1427959179266,-299.6230773925781,157.25868225097656,-37.3299674987793,15.766090393066406,-5.750917434692383,-4.452048301696777,-6.812516689300537,-10.72881031036377,-9.877373695373535,-8.156402587890625,-5.426560878753662,-7.83736515045166,-2.73099422454834,0.34127771854400635,0.25350359082221985,0.21196874976158142,0.31102386116981506,0.14900945127010345,0.2192477285861969,0.14133863151073456,0.39712050557136536,0.5555673241615295,0.27469030022621155,0.4616420567035675,0.21662120521068573,classical
135.99917763157896,0.1264267026778809,2606.2991274506444,-78.31010437011719,80.05325317382812,-9.145552635192871,25.454118728637695,-3.387540102005005,16.801464080810547,7.2613983154296875,1.8166611194610596,0.487632155418396,6.316795349121094,1.4947494268417358,2.164970636367798,0.6583117842674255,0.34805309772491455,0.35831308364868164,0.520778477191925,0.3960174322128296,0.4368714690208435,0.5609113574028015,0.48732611536979675,0.596742570400238,0.3761920928955078,0.33944398164749146,0.34009218215942383,0.2891036570072174,disco
172.265625,0.12125651041666667,2884.9162662284352,-52.421512603759766,74.03341674804688,12.680926322937012,24.49555206298828,21.097579956054688,1.903934359550476,6.809505462646484,4.729846954345703,8.409067153930664,8.243972778320312,-2.2749781608581543,-1.1975456476211548,-2.679471015930176,0.3686157464981079,0.38456523418426514,0.4113534092903137,0.6037188172340393,0.4557606875896454,0.4011440873146057,0.3386581540107727,0.3427107632160187,0.5286706686019897,0.3714435398578644,0.33800849318504333,0.2999356687068939,pop
161.4990234375,0.13510738411156226,2513.3453575324424,-113.20137023925781,88.7260971069336,-8.926565170288086,49.47417449951172,-34.57909393310547,15.856428146362305,-17.740219116210938,14.707290649414062,-11.190546989440918,15.3687162399292,-15.068397521972656,8.749079704284668,-18.62926483154297,0.3727051019668579,0.20984148979187012,0.2227511703968048,0.182472363114357,0.26463186740875244,0.5768778920173645,0.24421824514865875,0.25411516427993774,0.27483218908309937,0.39508873224258423,0.26470428705215454,0.21095335483551025,blues
129.19921875,0.07795204345514307,1803.9538105585716,-154.80096435546875,110.02114868164062,-18.44538116455078,36.65204620361328,0.5233883857727051,31.578094482421875,-10.43226432800293,18.81837272644043,-7.174977779388428,13.144798278808594,-5.248939037322998,8.900308609008789,-6.71066427230835,0.4117657244205475,0.4433601200580597,0.3663822412490845,0.3039458394050598,0.4126265048980713,0.3566407859325409,0.47220975160598755,0.41040727496147156,0.4617972671985626,0.5118246674537659,0.4623689651489258,0.49731913208961487,reggae
112.34714673913044,0.07252581508604021,1995.1863128060938,-273.3180236816406,103.1528549194336,8.712923049926758,31.704931259155273,12.510407447814941,3.4897336959838867,3.9333584308624268,-0.15388502180576324,-3.906158685684204,3.2333576679229736,-6.36548376083374,-1.5428926944732666,-3.217275619506836,0.4052804112434387,0.49672582745552063,0.33640360832214355,0.34179016947746277,0.34450024366378784,0.2955045998096466,0.40678802132606506,0.28426888585090637,0.2555334270000458,0.20093852281570435,0.31873783469200134,0.536571741104126,pop
112.34714673913044,0.07259227873646558,2330.136830188641,-145.03775024414062,84.07012176513672,10.873836517333984,43.60234451293945,6.2924957275390625,36.12594985961914,-14.647669792175293,26.805587768554688,-10.327142715454102,24.690153121948242,-8.71804428100586,18.786041259765625,-4.39237642288208,0.4249024987220764,0.40240567922592163,0.38749492168426514,0.4380783438682556,0.4810525178909302,0.41471853852272034,0.39753633737564087,0.46280840039253235,0.5683730244636536,0.6986693143844604,0.5866566896438599,0.47217437624931335,hiphop
135.99917763157896,0.07771677723801237,1873.8376247337076,-277.2662048339844,95.78777313232422,-2.948967695236206,43.9184684753418,1.9368113279342651,22.255891799926758,-6.1426472663879395,22.45783042907715,-12.839391708374023,10.778210639953613,-7.533520221710205,3.5946450233459473,-5.0788702964782715,0.2758660614490509,0.196408212184906,0.269609659910202,0.2975991368293762,0.2645409405231476,0.38858699798583984,0.254684180021286,0.24308201670646667,0.25044670701026917,0.2605217397212982,0.5685629844665527,0.3160049319267273,jazz
89.10290948275862,0.0422878752175174,1118.450246121639,-498.6472473144531,145.6685791015625,46.47014617919922,15.258627891540527,3.068621873855591,-0.8322840929031372,-5.222707748413086,-6.2106781005859375,-3.811383008956909,0.08911595493555069,2.71768856048584,2.2169222831726074,0.24056239426136017,0.13230401277542114,0.2135850042104721,0.11777026951313019,0.31532225012779236,0.19747547805309296,0.05681474506855011,0.10487568378448486,0.1941017210483551,0.6013957858085632,0.2661767601966858,0.07038857787847519,0.11833222955465317,classical
89.10290948275862,0.172685781008314,3725.230349312218,-23.859094619750977,43.71672058105469,30.558303833007812,26.47368049621582,4.338362216949463,21.920883178710938,2.5954418182373047,7.0018792152404785,-1.4912325143814087,4.57959508895874,0.4185364246368408,2.4708800315856934,-4.068917274475098,0.6900167465209961,0.6027594208717346,0.49231305718421936,0.4925864338874817,0.49576935172080994,0.5284975171089172,0.5377359390258789,0.5296401381492615,0.4737054705619812,0.4964129328727722,0.5522130131721497,0.5791456699371338,hiphop
117.45383522727273,0.09328588735015468,2090.1932438829335,-67.92382049560547,108.93853759765625,-33.8289794921875,50.48988723754883,-21.362123489379883,21.491247177124023,-14.870390892028809,11.620576858520508,-19.260173797607422,10.526651382446289,-13.919647216796875,5.553816318511963,-14.43082332611084,0.28045082092285156,0.3771418333053589,0.5663641095161438,0.42583516240119934,0.3655721843242645,0.25049176812171936,0.2274092733860016,0.2846207618713379,0.30757126212120056,0.4655413329601288,0.32979467511177063,0.2229427844285965,metal
129.19921875,0.08525284887374324,1646.6359257324248,-93.35885620117188,137.46743774414062,-45.09206008911133,37.8115348815918,-9.41983413696289,12.594670295715332,-7.480642318725586,5.539186000823975,-3.7403597831726074,-2.010742425918579,-2.459423303604126,-9.579354286193848,-3.1679162979125977,0.33193114399909973,0.2334028035402298,0.2123791128396988,0.18639078736305237,0.336666464805603,0.1699351966381073,0.220958411693573,0.2647770345211029,0.3875458538532257,0.6787832975387573,0.4176956117153168,0.41948074102401733,rock
80.74951171875,0.14755912243812838,2860.6831509039876,-131.905029296875,61.607948303222656,-12.676340103149414,35.073760986328125,-2.141258478164673,-0.9574647545814514,-4.841936111450195,-4.111721515655518,-3.2795612812042236,2.500875234603882,6.4012131690979,3.414421319961548,-2.899613618850708,0.31511402130126953,0.25115180015563965,0.24275407195091248,0.419271320104599,0.33090999722480774,0.5436115264892578,0.48938682675361633,0.3041975200176239,0.2735150456428528,0.21238596737384796,0.30226024985313416,0.22057855129241943,jazz
83.35433467741936,0.130859375,3420.362078342947,-93.60379028320312,59.692020416259766,32.11221694946289,13.114083290100098,13.279964447021484,-6.868232250213623,2.33076810836792,-7.890427112579346,2.2889933586120605,4.48865270614624,-4.0437445640563965,2.673200845718384,-3.084853410720825,0.39070406556129456,0.32434090971946716,0.3921884596347809,0.3220338821411133,0.3503769040107727,0.2880617082118988,0.4484512507915497,0.29588764905929565,0.23591849207878113,0.2973518967628479,0.35252395272254944,0.4948938190937042,pop
112.34714673913044,0.10510961970707657,2044.2141770246922,-214.28504943847656,100.34032440185547,-33.472843170166016,47.243873596191406,-8.946487426757812,12.985618591308594,-17.30301284790039,11.073051452636719,-11.712202072143555,8.803367614746094,-7.835078716278076,6.259289741516113,-0.11005689948797226,0.4395267963409424,0.4653664827346802,0.4659581482410431,0.5167585611343384,0.5875983834266663,0.6244093775749207,0.5700245499610901,0.5630846619606018,0.514249861240387,0.4677770137786865,0.4808518588542938,0.4638092815876007,hiphop
95.703125,0.1075113743474478,3185.160631320678,-78.83389282226562,51.520469665527344,42.246726989746094,30.081592559814453,20.089994430541992,6.973850250244141,8.016348838806152,6.873311996459961,-4.630008697509766,3.6502490043640137,3.6282665729522705,4.323653221130371,2.5973763465881348,0.4830396771430969,0.5362860560417175,0.563681423664093,0.4996083080768585,0.3823140561580658,0.3496890664100647,0.3513418138027191,0.38621068000793457,0.3462527394294739,0.3288528621196747,0.301116019487381,0.31670042872428894,hiphop
151.99908088235293,0.04294722484048724,1330.6062681557469,-221.87301635742188,110.85540008544922,18.63608169555664,30.92296028137207,3.296435832977295,22.585636138916016,-20.403688430786133,12.121833801269531,-26.3325138092041,-4.367300987243652,-26.395551681518555,-13.04718017578125,-12.667627334594727,0.13404491543769836,0.28729888796806335,0.44929617643356323,0.3312367796897888,0.1556701511144638,0.10285582393407822,0.19868534803390503,0.28701695799827576,0.24915197491645813,0.41897180676460266,0.24752318859100342,0.18285931646823883,blues
99.38401442307692,0.04765745843000773,1054.7328868522359,-482.5753479003906,154.85044860839844,-5.033046245574951,29.729904174804688,-1.8655613660812378,8.216540336608887,-4.778443813323975,9.632519721984863,-3.3466737270355225,4.530602931976318,-10.102243423461914,-0.6701806783676147,-2.448970317840576,0.21899296343326569,0.23903004825115204,0.650080680847168,0.26214826107025146,0.08808238059282303,0.050616513937711716,0.1422567516565323,0.2714565098285675,0.13936342298984528,0.256862074136734,0.12608465552330017,0.18687894940376282,classical
161.4990234375,0.06295882576856149,1410.023423440256,-173.81045532226562,137.17355346679688,-23.72303009033203,26.979677200317383,-16.67521095275879,4.194730281829834,-12.57178783416748,5.851668834686279,-2.876950740814209,-1.1783808469772339,-1.9682403802871704,1.8011796474456787,-3.0069503784179688,0.4620899558067322,0.17099188268184662,0.19255664944648743,0.3783566653728485,0.3539496660232544,0.45925694704055786,0.27628472447395325,0.3239614963531494,0.18765364587306976,0.20239794254302979,0.3235997259616852,0.3165386915206909,blues
172.265625,0.1416087375531709,2644.877602537062,-105.01982879638672,80.71131896972656,-28.524953842163086,66.80887603759766,-20.705503463745117,29.1174259185791,-9.361180305480957,22.350223541259766,-12.04578685760498,13.597408294677734,-14.733175277709961,11.056682586669922,-15.270407676696777,0.3787464201450348,0.3427693843841553,0.41957181692123413,0.44336599111557007,0.5501290559768677,0.5149906277656555,0.5224714279174805,0.5495093464851379,0.45143160223960876,0.38365438580513,0.3378147780895233,0.4385918974876404,metal
129.19921875,0.061381069339713844,1522.0894311198458,-305.46539306640625,121.93075561523438,2.6112542152404785,36.931583404541016,-8.555871963500977,17.913818359375,-9.265582084655762,10.559931755065918,-9.934749603271484,2.315037250518799,-12.682136535644531,0.31063610315322876,-8.614855766296387,0.24605640769004822,0.24294885993003845,0.30612823367118835,0.22925156354904175,0.27119237184524536,0.2646385133266449,0.35528993606567383,0.3767669200897217,0.308340460062027,0.29820147156715393,0.22263647615909576,0.24845440685749054,jazz
92.28515625,0.08532308886794276,1837.4928259861476,-125.87874603271484,126.59248352050781,-23.164230346679688,36.222904205322266,20.941078186035156,-1.1781327724456787,16.492630004882812,-3.6442103385925293,6.520101547241211,9.341533660888672,-6.403242588043213,3.8655266761779785,-7.943002700805664,0.3730297386646271,0.3387501835823059,0.5640999674797058,0.3675501346588135,0.2707020938396454,0.32195723056793213,0.38615918159484863,0.7105026245117188,0.44133931398391724,0.40239420533180237,0.32879847288131714,0.4135599136352539,pop
117.45383522727273,0.0835791733130317,1937.0023676443107,-256.3722229003906,103.12503814697266,-8.427773475646973,48.585960388183594,-4.188246726989746,17.339881896972656,-6.681784152984619,17.03797721862793,-4.612256050109863,5.318705081939697,-10.017793655395508,8.225861549377441,-6.207776069641113,0.37856656312942505,0.29214900732040405,0.3037499189376831,0.31353017687797546,0.3486328721046448,0.35701537132263184,0.4997488260269165,0.4772677421569824,0.3840463161468506,0.3098212480545044,0.3987855017185211,0.5064939856529236,rock
99.38401442307692,0.12588517498066512,2679.229420619229,-50.826904296875,80.23307037353516,-9.29802417755127,20.28350067138672,12.087593078613281,6.78058385848999,6.277933120727539,3.4262049198150635,-3.9560766220092773,2.573789119720459,-5.701187610626221,0.4910229742527008,-0.5715530514717102,0.4202108681201935,0.3592223525047302,0.4113391935825348,0.4132591784000397,0.36195826530456543,0.48717427253723145,0.3376806080341339,0.34639084339141846,0.33451229333877563,0.3910907208919525,0.4163718819618225,0.35075727105140686,pop
123.046875,0.07630480230085074,1609.7851807206855,-235.20059204101562,123.87174987792969,-22.546131134033203,52.95167541503906,-1.4538209438323975,24.660512924194336,-7.088472843170166,14.89009952545166,-12.783065795898438,16.718231201171875,-2.9434726238250732,10.081298828125,-15.028531074523926,0.36187440156936646,0.2643849551677704,0.2110646665096283,0.42265942692756653,0.6715369820594788,0.42797642946243286,0.33562996983528137,0.2240700125694275,0.31999942660331726,0.2376578450202942,0.28131380677223206,0.5416491031646729,rock
123.046875,0.09022704889307812,2362.4116318966007,-46.762786865234375,103.7007827758789,22.126630783081055,9.223700523376465,2.2584798336029053,-4.7948832511901855,4.798995494842529,0.9515377879142761,-9.411773681640625,-1.0667285919189453,-0.8673272132873535,-5.279599189758301,-1.7630391120910645,0.3926202952861786,0.32191577553749084,0.46536681056022644,0.39072898030281067,0.5191586017608643,0.397112101316452,0.45207488536834717,0.4786774814128876,0.2987620532512665,0.4464007019996643,0.31371623277664185,0.5006523728370667,disco
86.1328125,0.11640202049497293,2292.7794270588483,-193.152099609375,89.18025207519531,-19.990848541259766,38.73858642578125,-2.7211244106292725,17.0499267578125,-7.9426140785217285,16.082536697387695,-16.751808166503906,7.7175188064575195,-15.705437660217285,9.018950462341309,-11.31552505493164,0.41588667035102844,0.3455454409122467,0.34028393030166626,0.37609511613845825,0.5528622269630432,0.43160003423690796,0.24586006999015808,0.3315080404281616,0.31537237763404846,0.34613168239593506,0.27990201115608215,0.3208703100681305,disco
123.046875,0.11256940919856923,2418.030526971729,-91.60157775878906,99.44184112548828,-8.968849182128906,40.15718460083008,-18.011234283447266,22.5396728515625,-21.94744873046875,15.766948699951172,-25.639265060424805,17.6573486328125,-13.664313316345215,15.622417449951172,-15.459026336669922,0.38633638620376587,0.45183178782463074,0.46920812129974365,0.4278796315193176,0.5168328285217285,0.4854319989681244,0.6252051591873169,0.4391731023788452,0.31535419821739197,0.3296526372432709,0.34622856974601746,0.49908366799354553,disco
89.10290948275862,0.059114130172080434,1615.8305954532223,-249.37835693359375,111.5011978149414,11.242059707641602,41.338905334472656,-2.8823273181915283,34.5541877746582,0.42828354239463806,22.32777976989746,-9.970538139343262,10.22595500946045,-2.7978456020355225,8.755894660949707,-1.4459751844406128,0.4261152148246765,0.42046236991882324,0.49555274844169617,0.6317956447601318,0.5038027167320251,0.43660926818847656,0.3274070620536804,0.4227728247642517,0.4198213815689087,0.37599122524261475,0.48258331418037415,0.4174363911151886,reggae
135.99917763157896,0.17753347351121423,3303.2031125307344,-7.868896484375,59.53772735595703,3.647710084915161,28.98435401916504,4.138404369354248,10.268540382385254,2.558713912963867,7.604068279266357,-1.3998240232467651,2.9641616344451904,4.049990653991699,-0.7528139352798462,1.0675512552261353,0.40795406699180603,0.37998250126838684,0.42786145210266113,0.5168487429618835,0.7735391855239868,0.5060468316078186,0.4792214334011078,0.43785804510116577,0.45362573862075806,0.4859466552734375,0.4520472288131714,0.5397734045982361,rock
135.99917763157896,0.1338294693783836,2436.5700963303734,-51.30057907104492,91.1178970336914,-33.764686584472656,69.93050384521484,-12.937067985534668,23.17582130432129,-13.755631446838379,23.78310203552246,-14.73151683807373,10.69628620147705,-13.472493171691895,6.080383777618408,-14.718082427978516,0.472602903842926,0.40720608830451965,0.391616553068161,0.5928950905799866,0.5055888891220093,0.34622323513031006,0.4184042513370514,0.63578200340271,0.7768682241439819,0.5868504643440247,0.3728935420513153,0.3706039488315582,hiphop
161.4990234375,0.0706663434116396,1157.86554064085,-405.63311767578125,145.7255401611328,-0.8494923114776611,23.064943313598633,9.217205047607422,-2.6364684104919434,-5.742799282073975,-2.0792975425720215,-0.6383659839630127,6.7459940910339355,2.7888033390045166,2.444667339324951,5.083243370056152,0.2733297348022461,0.22677834331989288,0.14774684607982635,0.11288127303123474,0.2814651429653168,0.36761054396629333,0.15730825066566467,0.2674712538719177,0.30035343766212463,0.16189242899417877,0.32965728640556335,0.2418404072523117,classical
129.19921875,0.1244871725154679,2450.056640885936,-57.8161506652832,86.55978393554688,-11.807114601135254,38.7700080871582,2.370802164077759,8.826809883117676,-1.2821877002716064,9.910632133483887,-1.6604491472244263,9.840832710266113,3.00850510597229,7.504814147949219,1.7077206373214722,0.45866045355796814,0.2908446192741394,0.3376213610172272,0.27619293332099915,0.4575868546962738,0.6380244493484497,0.36891722679138184,0.37891143560409546,0.34541061520576477,0.5005536675453186,0.3376440405845642,0.31227314472198486,disco
123.046875,0.16328041920436967,2954.987188644721,-103.65422058105469,73.85044860839844,-16.14751625061035,53.169349670410156,-25.084609985351562,33.99891662597656,-13.661813735961914,25.987873077392578,-18.908802032470703,18.671436309814453,-12.78964900970459,9.549379348754883,-16.15424919128418,0.4251258671283722,0.3527931571006775,0.4108528792858124,0.4405081868171692,0.45317286252975464,0.58245450258255,0.45149126648902893,0.4709610641002655,0.45391055941581726,0.4628644287586212,0.4222176969051361,0.3658239245414734,metal
129.19921875,0.1549981420388631,3262.9888381783744,-29.299528121948242,53.877113342285156,-1.7004120349884033,15.489957809448242,1.0905542373657227,0.5373252630233765,4.897149562835693,-3.22532320022583,-1.6960158348083496,2.2274169921875,-7.136838912963867,-5.999305248260498,-2.9869275093078613,0.3457673192024231,0.39692044258117676,0.45723459124565125,0.4441188871860504,0.44702574610710144,0.40205439925193787,0.5572282671928406,0.34792837500572205,0.3246016800403595,0.39150470495224,0.3699716031551361,0.4046436846256256,pop
135.99917763157896,0.12011605459686775,2254.606986104016,-82.51111602783203,97.34172058105469,-34.3679313659668,71.40850067138672,-3.2920291423797607,17.3753719329834,-9.02628231048584,16.017791748046875,-19.01093864440918,12.084585189819336,-9.567407608032227,13.953283309936523,-14.459842681884766,0.47129741311073303,0.40974709391593933,0.48877161741256714,0.44260919094085693,0.5039233565330505,0.4273715615272522,0.38984403014183044,0.41093966364860535,0.448522686958313,0.488606721162796,0.4863082468509674,0.6629772186279297,metal
129.19921875,0.10226074596384377,2390.421813618198,-107.20325469970703,88.49288177490234,-4.171899795532227,55.477848052978516,-8.017714500427246,38.413597106933594,-6.413660526275635,28.57575035095215,-19.8199405670166,13.244697570800781,-19.248565673828125,12.076122283935547,-4.582266807556152,0.32435503602027893,0.3589438498020172,0.41985636949539185,0.5677462220191956,0.303768128156662,0.2516188323497772,0.3246229588985443,0.39394134283065796,0.4535377621650696,0.4270082712173462,0.4911220967769623,0.32718488574028015,blues
73.828125,0.061185832366589324,1344.6201262512325,-206.7946319580078,141.81704711914062,-13.789802551269531,49.324588775634766,-24.800514221191406,11.800833702087402,-12.790984153747559,-16.55076026916504,-8.390813827514648,-1.214152216911316,-7.660740852355957,-1.378526210784912,-9.349154472351074,0.2349153459072113,0.1878863275051117,0.2719061076641083,0.28416869044303894,0.2763306498527527,0.37490034103393555,0.3089657127857208,0.32846197485923767,0.20357613265514374,0.2785758674144745,0.35307544469833374,0.3196519613265991,jazz
95.703125,0.1309711547757154,3132.9752097469195,-41.31513977050781,62.78868103027344,7.323929309844971,12.122528076171875,6.358506202697754,9.253000259399414,3.064215898513794,13.849785804748535,0.15274541079998016,8.056879043579102,-2.6997385025024414,-7.220554351806641,-3.241377115249634,0.35473376512527466,0.2668347954750061,0.2646495997905731,0.2871941030025482,0.3309381604194641,0.26033440232276917,0.27287256717681885,0.4559594392776489,0.47100409865379333,0.6162577867507935,0.48626184463500977,0.4153761863708496,disco
63.02400914634146,0.03330886262567672,1070.1534175250665,-199.57513427734375,150.0861053466797,5.6634039878845215,26.85527801513672,1.770071268081665,14.232646942138672,-4.827845096588135,9.286852836608887,-0.7561201453208923,8.134434700012207,-3.200026035308838,6.0780816078186035,-2.478445053100586,0.34137147665023804,0.40862327814102173,0.5243189334869385,0.5470129251480103,0.6570751070976257,0.5115233063697815,0.35555389523506165,0.2516133487224579,0.2462705373764038,0.31511130928993225,0.31657928228378296,0.38319867849349976,blues
107.666015625,0.07725502618178325,2289.4808402193494,-91.53225708007812,82.66671752929688,12.093825340270996,36.692665100097656,-0.7732234001159668,13.448074340820312,5.6481614112854,9.667837142944336,-3.743504524230957,1.8151720762252808,1.504732370376587,1.2590991258621216,0.8051053881645203,0.4378190040588379,0.36273154616355896,0.42902740836143494,0.3773382306098938,0.387843519449234,0.39249661564826965,0.33388546109199524,0.3980272710323334,0.3264579176902771,0.3466629087924957,0.26541298627853394,0.3392009437084198,jazz
107.666015625,0.07533088324149265,2053.421991383234,-204.7189483642578,101.62683868408203,26.38164710998535,9.190343856811523,10.47122859954834,5.117076396942139,-9.461806297302246,9.306168556213379,-12.484944343566895,-2.4797275066375732,6.222000598907471,-9.485394477844238,-2.545012950897217,0.22793784737586975,0.21573784947395325,0.40689319372177124,0.3273020386695862,0.20763055980205536,0.40905487537384033,0.261819988489151,0.25036942958831787,0.19469106197357178,0.27559930086135864,0.3754805326461792,0.23562484979629517,pop
89.10290948275862,0.14473441729505027,3728.3891590040334,-77.92487335205078,32.37364196777344,20.107263565063477,27.61014747619629,16.271459579467773,5.323756694793701,13.48758602142334,3.5022058486938477,7.344570159912109,5.269122123718262,4.007441997528076,5.274863243103027,3.7537496089935303,0.4556562006473541,0.4763975739479065,0.45314615964889526,0.5538046360015869,0.4802483022212982,0.39994826912879944,0.38061410188674927,0.45291709899902344,0.6125276684761047,0.5636575222015381,0.4473860561847687,0.4308810234069824,pop
151.99908088235293,0.11600512676430781,2582.0374965474734,-111.19163513183594,80.62922668457031,-0.8914610743522644,50.62090301513672,-13.467604637145996,35.32001876831055,-14.841075897216797,21.189828872680664,-13.576961517333984,19.619338989257812,-11.766458511352539,16.967947006225586,-9.359965324401855,0.47642579674720764,0.4857245683670044,0.4933778941631317,0.5828275084495544,0.524466335773468,0.43222925066947937,0.4098259210586548,0.4069943130016327,0.4403935372829437,0.44447463750839233,0.4967714250087738,0.49466899037361145,hiphop
92.28515625,0.07476858565351895,1538.5123663814206,-177.25547790527344,136.2346954345703,-26.89328956604004,36.36896896362305,-18.75297737121582,20.897600173950195,-1.7674739360809326,3.0104691982269287,-5.596907138824463,5.641345500946045,-8.101526260375977,5.6564812660217285,-10.77881908416748,0.37288403511047363,0.2551504969596863,0.31601786613464355,0.4246223270893097,0.42012351751327515,0.4387154281139374,0.34108108282089233,0.4382498264312744,0.31610938906669617,0.3315168619155884,0.44395211338996887,0.344340980052948,blues
143.5546875,0.131706408908546,2575.3453604073156,-43.797508239746094,82.77470397949219,-29.609189987182617,70.39717864990234,-21.58884620666504,31.144142150878906,2.0903711318969727,28.8731632232666,-2.6873273849487305,19.882482528686523,-6.934077262878418,19.12005615234375,-7.3687357902526855,0.6527073979377747,0.559360921382904,0.5546223521232605,0.5497828125953674,0.5483172535896301,0.5142402052879333,0.4447973072528839,0.5446652770042419,0.5411096215248108,0.4099562466144562,0.46254414319992065,0.5459660887718201,metal
112.34714673913044,0.1575562373114849,2735.685144773171,-92.64569091796875,77.41155242919922,-32.758094787597656,54.58647537231445,-13.199568748474121,33.66070556640625,-12.07493782043457,28.023540496826172,-11.954623222351074,18.832199096679688,-6.661868572235107,13.044241905212402,-7.0119757652282715,0.5781043171882629,0.5126537680625916,0.5177215337753296,0.5243709087371826,0.5508192777633667,0.5558744072914124,0.571483314037323,0.608631432056427,0.6384505033493042,0.6062150597572327,0.5337900519371033,0.5519773960113525,hiphop
129.19921875,0.12045063865525908,2825.987251028338,-116.93205261230469,75.74908447265625,-4.221549034118652,37.29044723510742,-5.3265275955200195,31.376789093017578,-12.156291007995605,22.918865203857422,-11.431438446044922,14.620311737060547,-13.04833698272705,13.391820907592773,-13.217570304870605,0.3750099539756775,0.33039984107017517,0.3608066439628601,0.27493974566459656,0.2971896529197693,0.5953248143196106,0.33002012968063354,0.2699035406112671,0.3992059528827667,0.4615519940853119,0.8023647665977478,0.48298487067222595,disco
123.046875,0.19571807932134572,3113.773135146241,1.1601229906082153,66.66129302978516,-23.696735382080078,60.959903717041016,-18.879901885986328,29.75010871887207,-17.54132843017578,21.032560348510742,-11.18689250946045,18.812910079956055,-13.062551498413086,19.956680297851562,-10.566299438476562,0.5804813504219055,0.6014360785484314,0.5336800813674927,0.5431553721427917,0.4326576888561249,0.4034094214439392,0.45567411184310913,0.5227372646331787,0.5972145795822144,0.5211144685745239,0.46696221828460693,0.465908408164978,metal
117.45383522727273,0.10012748936581593,3026.5185290322397,-228.3726806640625,67.55174255371094,37.07073974609375,21.323814392089844,17.059919357299805,10.132070541381836,10.780064582824707,8.01708984375,2.043980121612549,0.28312090039253235,2.4854753017425537,3.843087911605835,1.5900073051452637,0.47935062646865845,0.47601860761642456,0.6895289421081543,0.5267544388771057,0.45123663544654846,0.3762058615684509,0.35073211789131165,0.41831663250923157,0.3552764654159546,0.37228333950042725,0.3443189263343811,0.45950981974601746,jazz
99.38401442307692,0.1340670014017788,3289.1034005754636,-85.3402328491211,60.939640045166016,34.79256057739258,19.793851852416992,16.717466354370117,7.9690656661987305,9.3023099899292,11.351190567016602,1.3844681978225708,-0.08300847560167313,6.404622554779053,3.6226322650909424,5.658960819244385,0.44598856568336487,0.575752854347229,0.48912546038627625,0.49555203318595886,0.6392694115638733,0.6639769673347473,0.6321099400520325,0.5147056579589844,0.43661266565322876,0.3881611227989197,0.3472503423690796,0.3959101438522339,reggae
92.28515625,0.10665716538573086,2240.2899872227676,-44.72337341308594,101.19369506835938,-26.26249885559082,52.9281120300293,-11.71543025970459,26.944753646850586,-13.282814979553223,20.712087631225586,-17.486722946166992,11.862879753112793,-10.666727066040039,8.381840705871582,-15.4269380569458,0.3219893276691437,0.27654820680618286,0.3800395727157593,0.3329099714756012,0.3448047339916229,0.4864822030067444,0.4281748831272125,0.6186100840568542,0.42234256863594055,0.4051264524459839,0.2909892499446869,0.2645552158355713,hiphop
135.99917763157896,0.12607323690061872,2384.6349581046015,-120.14749145507812,91.31721496582031,-38.845890045166016,75.0083999633789,-3.8132598400115967,22.66558837890625,-8.119440078735352,23.65489959716797,-14.63077449798584,13.370975494384766,-9.403306007385254,13.70629596710205,-9.315235137939453,0.4205610156059265,0.35271960496902466,0.4387291967868805,0.5885036587715149,0.809106171131134,0.5401576161384583,0.3361360430717468,0.3683133125305176,0.40030160546302795,0.380119264125824,0.4254980683326721,0.5268691778182983,metal
161.4990234375,0.08109509437838361,1314.399292126819,-228.95596313476562,153.91903686523438,-30.704666137695312,20.802928924560547,-6.099662780761719,1.1756067276000977,-10.78927993774414,-3.86613392829895,-11.594045639038086,0.8672082424163818,-8.299901008605957,-0.7155662775039673,-3.0778164863586426,0.33190497756004333,0.23051175475120544,0.4274420738220215,0.1657235324382782,0.1921311616897583,0.17088177800178528,0.2949220538139343,0.44931909441947937,0.199302539229393,0.2820322811603546,0.14900395274162292,0.26153048872947693,classical
99.38401442307692,0.13644361938854488,3084.823804546642,-25.108787536621094,60.825592041015625,-4.187173366546631,14.848387718200684,6.795022964477539,6.098334312438965,15.451295852661133,3.7847344875335693,5.65980863571167,10.247506141662598,0.8633309602737427,4.183889389038086,0.9262049198150635,0.43892431259155273,0.41009587049484253,0.45783641934394836,0.40187445282936096,0.4990420639514923,0.47774121165275574,0.3737168312072754,0.4664868712425232,0.546393871307373,0.6818476915359497,0.5474818348884583,0.45670825242996216,hiphop
117.45383522727273,0.06870037884280743,1733.7356811346049,-154.33811950683594,110.6782455444336,-22.296110153198242,21.155048370361328,4.2708611488342285,4.751124382019043,-4.084910869598389,-1.0139267444610596,-6.408746242523193,-9.24310302734375,-3.6306064128875732,-5.505904674530029,0.538992702960968,0.42080992460250854,0.30744338035583496,0.41178154945373535,0.3118182420730591,0.39170441031455994,0.2490236908197403,0.17939993739128113,0.2924264967441559,0.25351962447166443,0.28188058733940125,0.19736361503601074,0.34143486618995667,jazz
99.38401442307692,0.13179062137470998,2814.947126588473,-1.6945940256118774,73.40455627441406,-15.908844947814941,55.8044319152832,-1.9026609659194946,34.030216217041016,-8.318227767944336,32.759864807128906,-9.707088470458984,20.836563110351562,-9.037429809570312,13.95917797088623,-9.58564281463623,0.5024188160896301,0.5196660757064819,0.5725162625312805,0.6676668524742126,0.5669332146644592,0.4359515607357025,0.4712851941585541,0.5626915693283081,0.5019473433494568,0.4823809564113617,0.593315601348877,0.5273166298866272,metal
123.046875,0.0386682497099768,894.5392325301327,-250.85716247558594,163.07423400878906,-3.874575138092041,30.153005599975586,5.5890607833862305,7.500940322875977,4.026386260986328,-2.116412878036499,-5.477512836456299,-1.0621209144592285,-9.981778144836426,1.8189911842346191,-8.753830909729004,0.2451067566871643,0.22748656570911407,0.14052318036556244,0.2042216956615448,0.3165826201438904,0.28536587953567505,0.3569590747356415,0.2785959243774414,0.3763810992240906,0.3346381187438965,0.26729369163513184,0.3602484166622162,country
107.666015625,0.15871519721577726,2656.9415562858667,-75.53898620605469,81.8748779296875,-22.043092727661133,69.87399291992188,-11.727045059204102,25.740550994873047,-18.521591186523438,27.030561447143555,-14.075854301452637,22.139402389526367,-12.094864845275879,14.948556900024414,-13.51683235168457,0.4751550555229187,0.4469708800315857,0.516327977180481,0.5819812417030334,0.6264346241950989,0.6025798916816711,0.6150858402252197,0.6003120541572571,0.5850091576576233,0.6096059679985046,0.6662610173225403,0.6482182741165161,metal
92.28515625,0.14681442744586234,3140.9185615259057,-94.55955505371094,51.67703628540039,17.531383514404297,28.922719955444336,2.053647756576538,3.7297470569610596,-1.8468494415283203,4.372743129730225,8.770599365234375,2.1283352375030518,-1.3841965198516846,4.6820244789123535,4.068846702575684,0.44031384587287903,0.3819408118724823,0.40226927399635315,0.3886045217514038,0.37331560254096985,0.4056682586669922,0.45275330543518066,0.532965362071991,0.538171112537384,0.5294471979141235,0.49253085255622864,0.4755450487136841,hiphop
83.35433467741936,0.12183240284222738,3296.462832779134,-110.21195983886719,48.5562629699707,29.646896362304688,18.435993194580078,-0.46312665939331055,4.65346622467041,-2.266834020614624,-6.59204626083374,-2.1460580825805664,-0.1494983285665512,-0.6792546510696411,0.5426738858222961,1.9057005643844604,0.4439879357814789,0.3736921548843384,0.41005420684814453,0.3869416117668152,0.44366610050201416,0.2651919424533844,0.2772088348865509,0.40454959869384766,0.3659053146839142,0.4153836667537689,0.39488211274147034,0.47144564986228943,reggae
89.10290948275862,0.0892859840245553,2109.798559689395,-147.4672088623047,113.25333404541016,-6.2853569984436035,9.108814239501953,24.549636840820312,-9.77929973602295,13.13139533996582,-1.9983361959457397,-2.7058117389678955,12.224995613098145,-4.124791622161865,-1.0217456817626953,1.9693737030029297,0.34124186635017395,0.3112197816371918,0.4561356008052826,0.31690508127212524,0.33368608355522156,0.26014357805252075,0.3807089328765869,0.5612512826919556,0.3979799449443817,0.39277026057243347,0.3031514585018158,0.3946869373321533,reggae
95.703125,0.18301936811194897,3274.50233695886,-52.940303802490234,50.09012985229492,-11.4912691116333,46.32493209838867,6.5430006980896,10.116377830505371,5.485528469085693,8.84489917755127,5.9299421310424805,6.6251540184021,-4.033034801483154,9.778292655944824,-3.117231607437134,0.5317407250404358,0.5320149660110474,0.6489441394805908,0.48088857531547546,0.4520881175994873,0.45191317796707153,0.4155397117137909,0.5485609769821167,0.42633137106895447,0.4366057217121124,0.4704267084598541,0.4573950171470642,metal
161.4990234375,0.07083778941898686,1355.7633127675824,-321.1391906738281,134.57177734375,-18.240039825439453,22.185543060302734,0.42837247252464294,-3.802020311355591,0.4877544045448303,-1.1469615697860718,-1.902494192123413,-0.10495498031377792,-2.7560534477233887,0.5838329195976257,2.4930167198181152,0.24000614881515503,0.18260128796100616,0.2523994743824005,0.16895580291748047,0.2124105989933014,0.2714996337890625,0.14149117469787598,0.2172933965921402,0.22599369287490845,0.5398876070976257,0.314498633146286,0.16337962448596954,classical
143.5546875,0.09834769854505027,2159.398277499849,-133.04896545410156,105.73890686035156,-22.158222198486328,41.830692291259766,-26.992502212524414,19.118572235107422,-26.566028594970703,19.23598289489746,-15.342011451721191,6.9899139404296875,-10.814379692077637,6.798669338226318,-11.726956367492676,0.4045827090740204,0.28494757413864136,0.2389233410358429,0.2734425663948059,0.34013208746910095,0.4559099078178406,0.3001370429992676,0.26514700055122375,0.25067710876464844,0.321499764919281,0.415414959192276,0.3226989507675171,blues
78.30255681818181,0.06780765117459396,1640.7106468821482,-256.2340087890625,104.23235321044922,-7.2694902420043945,56.26861572265625,11.037997245788574,27.32465362548828,5.830771446228027,17.7820987701416,-1.2737303972244263,14.674842834472656,-3.4666900634765625,10.861863136291504,-2.460355520248413,0.4337013363838196,0.5005648732185364,0.4533405900001526,0.5050740242004395,0.4727628231048584,0.46946388483047485,0.47356706857681274,0.5166536569595337,0.6500693559646606,0.515450656414032,0.46347180008888245,0.3951472043991089,reggae
135.99917763157896,0.08579060022718484,1945.2525228542231,-83.02947998046875,107.10440826416016,-25.338031768798828,57.1057014465332,0.07983580231666565,34.69768142700195,-11.060304641723633,20.54429054260254,-11.203025817871094,14.82552719116211,-10.235623359680176,12.54819107055664,-9.764641761779785,0.4240017831325531,0.31038323044776917,0.385088175535202,0.42760616540908813,0.45190703868865967,0.36471471190452576,0.4060389995574951,0.30228546261787415,0.327260822057724,0.394140362739563,0.44227272272109985,0.5764097571372986,blues
99.38401442307692,0.10013617495649652,2470.3099575217398,-64.75483703613281,88.22647094726562,-10.355254173278809,41.7951545715332,-2.5577855110168457,22.90805435180664,-6.495010852813721,16.630516052246094,-5.802398204803467,13.089849472045898,-6.913375377655029,3.01932430267334,-9.770440101623535,0.4262765049934387,0.4264920651912689,0.4601188004016876,0.4284357726573944,0.3727473020553589,0.36050906777381897,0.3670719563961029,0.4428353011608124,0.49742093682289124,0.4917900860309601,0.4838576018810272,0.4272606372833252,hiphop
161.4990234375,0.1440546754156999,2847.682766545686,-73.52994537353516,74.65846252441406,-16.444175720214844,55.645469665527344,-7.734650135040283,36.53866195678711,-18.304912567138672,27.820959091186523,-11.92020034790039,20.062938690185547,-11.357837677001953,14.711522102355957,-7.292049407958984,0.4616553783416748,0.5373148322105408,0.5321481823921204,0.4865943491458893,0.5778113603591919,0.5721116662025452,0.5314379930496216,0.45490601658821106,0.4080926775932312,0.42144355177879333,0.4682912230491638,0.5131958723068237,metal
184.5703125,0.1308816554282676,2777.8434123208845,-77.04768371582031,64.53717803955078,-2.8516345024108887,28.523897171020508,4.689330101013184,-2.8045923709869385,-5.941857814788818,1.9067208766937256,-5.199493885040283,-2.3196470737457275,-2.9380128383636475,-6.152337551116943,-0.7627094388008118,0.2684309780597687,0.256277471780777,0.3228982090950012,0.277794748544693,0.3717002868652344,0.4016522467136383,0.2508757412433624,0.24881821870803833,0.28486278653144836,0.48005467653274536,0.3234625458717346,0.20226077735424042,jazz
129.19921875,0.15186113326566125,2464.2908932653336,-93.58541107177734,89.86104583740234,-55.87972640991211,51.63357925415039,-5.566610336303711,28.78887176513672,-13.892081260681152,27.35177993774414,-15.314687728881836,22.83026123046875,-12.409005165100098,9.700515747070312,-19.72762680053711,0.3506149649620056,0.3373875617980957,0.32574185729026794,0.3942018449306488,0.5721116662025452,0.4450557231903076,0.3489611744880676,0.41862809658050537,0.6007183194160461,0.6407778263092041,0.4436191916465759,0.3626479208469391,metal
92.28515625,0.1010474067092034,2032.5080275306436,-296.1459655761719,93.16973876953125,-31.418371200561523,29.494474411010742,-18.943124771118164,1.9469984769821167,-19.490215301513672,-6.239069938659668,-24.016157150268555,-7.100019454956055,-14.198103904724121,3.280730724334717,-10.582573890686035,0.19712089002132416,0.2793523669242859,0.3551636338233948,0.36602121591567993,0.3377140164375305,0.32179778814315796,0.39756524562835693,0.3967701494693756,0.1939082145690918,0.27129167318344116,0.25633156299591064,0.2571266293525696,reggae
123.046875,0.09446561714520495,1867.9449473321624,-95.78373718261719,122.07247924804688,-29.341266632080078,50.33086395263672,-11.952024459838867,28.39348030090332,-7.055488109588623,11.860459327697754,-8.614768028259277,11.576042175292969,-18.401042938232422,6.876073837280273,-11.656872749328613,0.46795299649238586,0.3480287492275238,0.3947673439979553,0.4299384355545044,0.40039896965026855,0.33325454592704773,0.33908480405807495,0.4809693396091461,0.3968094289302826,0.3928817808628082,0.36636802554130554,0.3915773332118988,disco
67.99958881578948,0.07544530645784996,1741.888486282652,-137.86004638671875,121.52003479003906,-13.279322624206543,43.32895278930664,-10.695388793945312,17.859846115112305,-7.9500508308410645,9.101156234741211,-19.791091918945312,9.44209098815918,-19.604745864868164,6.905621528625488,-12.549705505371094,0.2878275513648987,0.3580057919025421,0.23301051557064056,0.3692229092121124,0.2307448536157608,0.24855653941631317,0.2638619542121887,0.279355525970459,0.5625497698783875,0.398262083530426,0.33383068442344666,0.21556314826011658,country
99.38401442307692,0.08936113326566125,2049.246281139036,-101.02086639404297,111.6190414428711,-13.149066925048828,44.60680389404297,-5.945529937744141,29.3388671875,-7.944220542907715,19.591711044311523,-22.431093215942383,17.26593589782715,-17.816373825073242,11.403573036193848,-12.458792686462402,0.3015822470188141,0.3503817915916443,0.6031535863876343,0.46111300587654114,0.2721612751483917,0.22472545504570007,0.38892510533332825,0.4345442056655884,0.3446587324142456,0.49278029799461365,0.3762005567550659,0.397176593542099,country
107.666015625,0.13702236803944315,2460.976249719336,-86.06047821044922,87.53961944580078,-20.164945602416992,53.99480438232422,-1.0499107837677002,19.55442237854004,-4.069276332855225,21.033279418945312,-19.546560287475586,12.37977123260498,-22.00703239440918,9.582276344299316,-15.91219711303711,0.5157284736633301,0.4109083414077759,0.4574965834617615,0.3529835343360901,0.40380915999412537,0.5225192904472351,0.3345845341682434,0.407419353723526,0.3100842833518982,0.45606034994125366,0.38664624094963074,0.3404536545276642,disco
123.046875,0.17507016446732404,3488.5019910192823,-58.58379364013672,64.91177368164062,15.929983139038086,5.428902626037598,7.524496555328369,9.88312816619873,1.594664216041565,5.353822708129883,-1.2404981851577759,-2.0384182929992676,2.442232847213745,-0.7197204828262329,-0.30926552414894104,0.3999069333076477,0.27280393242836,0.42507225275039673,0.3298856019973755,0.43723493814468384,0.44366902112960815,0.4245326519012451,0.41537073254585266,0.3071562349796295,0.4701065719127655,0.3081759810447693,0.4472730755805969,rock
117.45383522727273,0.1373478888727765,2269.1618713103626,-100.42342376708984,104.69320678710938,-57.254005432128906,56.57685089111328,-5.555651664733887,22.833269119262695,-6.171516418457031,23.097108840942383,-19.071958541870117,17.79535675048828,-13.78298282623291,9.962791442871094,-14.858658790588379,0.4421302080154419,0.39692971110343933,0.4344116151332855,0.49933263659477234,0.5587801337242126,0.41302984952926636,0.45349007844924927,0.49047040939331055,0.49833208322525024,0.5149857401847839,0.3701763451099396,0.41243550181388855,metal
143.5546875,0.06088825647718484,1778.172233591523,-151.81317138671875,105.13033294677734,-6.16091775894165,47.94136047363281,11.341760635375977,15.082947731018066,11.639795303344727,6.618643760681152,6.823285102844238,2.3987531661987305,-1.0343650579452515,-0.21745535731315613,-0.6371479034423828,0.4898734390735626,0.3732357323169708,0.35110074281692505,0.32976266741752625,0.37841933965682983,0.29786670207977295,0.33145615458488464,0.37247976660728455,0.3731735646724701,0.47442716360092163,0.4506525695323944,0.5248978137969971,reggae
117.45383522727273,0.14988572783739365,2694.7841274938905,-89.9049301147461,79.77236938476562,-25.733449935913086,47.740089416503906,-10.016579627990723,31.5546875,-22.20848846435547,26.642223358154297,-10.969623565673828,18.825157165527344,-15.554682731628418,14.415654182434082,-10.034326553344727,0.46525055170059204,0.47291550040245056,0.48871561884880066,0.4079046845436096,0.46033763885498047,0.463201642036438,0.38478338718414307,0.41205376386642456,0.42830222845077515,0.5193092226982117,0.5223938226699829,0.49752077460289,hiphop
112.34714673913044,0.21382753589037123,4036.598130555536,-34.21064758300781,40.40638732910156,17.48912811279297,13.413984298706055,13.248571395874023,7.451952934265137,18.18960189819336,2.7271251678466797,4.349294185638428,5.822959899902344,-1.1435415744781494,3.119577169418335,2.4273858070373535,0.45437633991241455,0.41095203161239624,0.4789232909679413,0.4470202922821045,0.411027729511261,0.4932430684566498,0.4226778447628021,0.5059919953346252,0.4458830654621124,0.4793221652507782,0.4259444773197174,0.3672480285167694,pop
123.046875,0.12767176322022428,3433.9852325067322,-48.960479736328125,62.627906799316406,34.22712326049805,12.32216739654541,16.56319808959961,8.615025520324707,8.765819549560547,5.259592056274414,6.799548625946045,9.06004810333252,-4.0810699462890625,-0.7451283931732178,-0.38003915548324585,0.4744383990764618,0.38627269864082336,0.36735817790031433,0.48578158020973206,0.3925994038581848,0.36721479892730713,0.3067304193973541,0.42944976687431335,0.5332220792770386,0.3810216188430786,0.417372465133667,0.37864044308662415,pop
117.45383522727273,0.0924305454853055,1937.5108828466305,-143.2467041015625,122.6179428100586,-23.91728973388672,28.13870620727539,-23.69029998779297,23.092947006225586,-17.90481185913086,18.745880126953125,-18.637712478637695,18.351133346557617,-13.917981147766113,9.72555160522461,-12.233235359191895,0.4143769145011902,0.27856993675231934,0.3367580473423004,0.581756055355072,0.34625595808029175,0.35043227672576904,0.2585488259792328,0.39220020174980164,0.5199593901634216,0.324619859457016,0.34565940499305725,0.29218536615371704,disco
107.666015625,0.1562231879592034,2997.8538382881115,-58.31211853027344,62.513267517089844,-12.654888153076172,31.943603515625,8.115569114685059,2.26064133644104,3.9070799350738525,1.4533549547195435,-2.7132813930511475,1.1064515113830566,-0.45957499742507935,-2.379528760910034,1.2424838542938232,0.4125945270061493,0.48037707805633545,0.4722505807876587,0.3632473349571228,0.4013184607028961,0.4102433919906616,0.5290244817733765,0.5930373072624207,0.5050975680351257,0.5161073803901672,0.4585314095020294,0.39515018463134766,rock
123.046875,0.17633637253480278,3623.47282265526,-51.765159606933594,55.67180252075195,11.406057357788086,7.478551864624023,12.00295352935791,6.261124610900879,4.352581024169922,4.310238838195801,-5.940638065338135,0.5639912486076355,3.5921661853790283,-2.3924636840820312,-5.827445030212402,0.2740803360939026,0.2910597622394562,0.3583610951900482,0.578460156917572,0.44941359758377075,0.4531662166118622,0.4489004909992218,0.37573501467704773,0.3933243751525879,0.37679407000541687,0.5111477375030518,0.32002246379852295,disco
107.666015625,0.15762987601508122,2650.7330123265733,-77.26700592041016,89.39314270019531,-34.234031677246094,38.69170379638672,-22.262561798095703,31.242887496948242,-16.38173484802246,22.335460662841797,-16.019210815429688,19.276945114135742,-13.239377975463867,16.723400115966797,-10.39064884185791,0.6304535269737244,0.35660919547080994,0.3897983133792877,0.554844856262207,0.3918447196483612,0.4203767478466034,0.43868935108184814,0.6395101547241211,0.3939380645751953,0.346488893032074,0.5197389125823975,0.44284379482269287,disco
129.19921875,0.1706677028953983,3016.9654959671584,-68.9268798828125,63.11762237548828,-15.855326652526855,28.00232696533203,8.173501968383789,7.323384761810303,-4.9316792488098145,9.490028381347656,-0.9740489721298218,-1.5963366031646729,-6.184393882751465,-3.936596632003784,-1.1669566631317139,0.5565842986106873,0.4800017178058624,0.5722894072532654,0.49309787154197693,0.3801824748516083,0.5343367457389832,0.38702040910720825,0.38592466711997986,0.2899445593357086,0.30312392115592957,0.44463464617729187,0.47897398471832275,disco
129.19921875,0.09577563080046404,1962.10174151712,-76.91048431396484,113.3077163696289,-6.224120140075684,19.930395126342773,15.107154846191406,-3.2840230464935303,4.783031463623047,1.013845443725586,2.294792652130127,-0.014044742099940777,-3.7734732627868652,4.239926815032959,2.301614761352539,0.3091225326061249,0.2416347861289978,0.3977442979812622,0.36267003417015076,0.21994304656982422,0.31839683651924133,0.17833346128463745,0.21028389036655426,0.16171061992645264,0.28282007575035095,0.5483586192131042,0.27626097202301025,pop
86.1328125,0.06812788512664346,1537.7806406173002,-213.6230010986328,117.20726776123047,-21.871633529663086,45.65717315673828,-10.280003547668457,5.057990550994873,-11.914002418518066,5.5748677253723145,-17.79960060119629,0.18725953996181488,-14.170548439025879,-1.1572179794311523,-10.304957389831543,0.12035797536373138,0.20695307850837708,0.3276323080062866,0.2099483758211136,0.25032854080200195,0.18343256413936615,0.32001587748527527,0.3818938434123993,0.2591457962989807,0.3553488552570343,0.19258897006511688,0.2045459747314453,country
107.666015625,0.1765742821925754,2889.070230029977,9.593644142150879,76.35295104980469,-31.271177291870117,56.885223388671875,-20.743324279785156,27.245622634887695,-16.636316299438477,19.367923736572266,-13.913679122924805,19.664995193481445,-16.06060218811035,17.488628387451172,-12.954190254211426,0.5218952298164368,0.7678084969520569,0.5200003385543823,0.40405693650245667,0.42505934834480286,0.43696990609169006,0.40942221879959106,0.435024231672287,0.600914478302002,0.42598915100097656,0.35452333092689514,0.4226990044116974,metal
95.703125,0.07952338009957463,1804.7976374158895,-141.05447387695312,110.75529479980469,-27.479686737060547,51.97261047363281,-8.65980052947998,28.612815856933594,-1.6032471656799316,9.656118392944336,-11.17746353149414,6.51175594329834,-9.409138679504395,-0.1234995648264885,-4.926243305206299,0.2585233151912689,0.16909393668174744,0.22404004633426666,0.41297850012779236,0.3530203104019165,0.4651479721069336,0.28718024492263794,0.3269363343715668,0.44177737832069397,0.28513702750205994,0.293059766292572,0.22317497432231903,jazz
99.38401442307692,0.07539659162316319,2025.649761830973,-100.6465072631836,110.21670532226562,1.0290091037750244,38.75421905517578,-14.497625350952148,20.640644073486328,-18.037574768066406,12.566879272460938,-14.129199028015137,15.09619426727295,-9.24337100982666,11.397926330566406,-9.508859634399414,0.47455376386642456,0.4732404947280884,0.40575340390205383,0.3357054889202118,0.3734016716480255,0.48442551493644714,0.41483524441719055,0.38240933418273926,0.44054415822029114,0.44274789094924927,0.5497995018959045,0.4969382882118225,hiphop
129.19921875,0.06491837055297757,1171.8345898377106,-358.2756042480469,137.953857421875,-10.996047973632812,20.851852416992188,1.9459161758422852,-3.409778356552124,-11.53309440612793,-3.274732828140259,-11.018583297729492,-8.387628555297852,-7.478257179260254,-0.9960914850234985,-6.737069606781006,0.26815471053123474,0.10611715167760849,0.26331666111946106,0.18190421164035797,0.29161936044692993,0.23056773841381073,0.14039036631584167,0.21374920010566711,0.12743417918682098,0.18792682886123657,0.17040874063968658,0.20221132040023804,jazz
95.703125,0.06552258555684455,1701.0178296815602,-239.98526000976562,108.75726318359375,-8.204984664916992,32.18833541870117,-8.809303283691406,18.63970947265625,-4.675816535949707,15.522416114807129,-3.7181525230407715,14.518621444702148,-4.797606945037842,6.407276630401611,-2.9404187202453613,0.2454100251197815,0.2609679102897644,0.26719993352890015,0.35393083095550537,0.47562265396118164,0.4493683874607086,0.5278995037078857,0.5046995878219604,0.4926503002643585,0.34406742453575134,0.26187753677368164,0.30291301012039185,reggae
99.38401442307692,0.09429756984725444,2539.081379106247,-103.1638412475586,67.22570037841797,2.2265329360961914,28.500446319580078,4.17234468460083,11.872511863708496,14.247099876403809,14.287373542785645,3.257277011871338,15.844996452331543,8.03518295288086,4.460183143615723,8.67322063446045,0.5270684957504272,0.4730927050113678,0.39352694153785706,0.33345746994018555,0.3272267282009125,0.3700803518295288,0.42757657170295715,0.41441094875335693,0.5163706541061401,0.5695076584815979,0.6745724678039551,0.6957945227622986,reggae
117.45383522727273,0.13159538440158547,2568.447243315681,9.566638946533203,88.86885833740234,-20.312074661254883,5.1106977462768555,-2.9176502227783203,-0.17563916742801666,0.3321540057659149,1.6097707748413086,-2.2632651329040527,-0.9502326846122742,-6.214681148529053,-2.9705684185028076,-1.8106344938278198,0.5031803846359253,0.42251065373420715,0.4595002830028534,0.45010241866111755,0.4270085096359253,0.4661715626716614,0.4296860694885254,0.5348107218742371,0.5464292168617249,0.47834616899490356,0.5238175988197327,0.5266509056091309,pop
151.99908088235293,0.15991871797660479,2740.9191494780016,-42.05906677246094,86.99414825439453,-27.527782440185547,62.616233825683594,-27.002370834350586,32.33119583129883,-18.95716667175293,22.128767013549805,-14.316716194152832,19.505413055419922,-10.960919380187988,16.760108947753906,-12.377029418945312,0.3942010700702667,0.3612992763519287,0.4391361474990845,0.39281654357910156,0.3984830975532532,0.3745352625846863,0.44185158610343933,0.4083315134048462,0.48311442136764526,0.5842980742454529,0.4960465133190155,0.5166139006614685,metal
107.666015625,0.08311732646945089,1752.518630056562,-128.18356323242188,124.55867767333984,-37.181148529052734,43.88912582397461,-12.773453712463379,18.995405197143555,-9.288907051086426,19.78291130065918,-6.878304958343506,13.470523834228516,-5.971913814544678,12.324474334716797,-4.645992755889893,0.3771168887615204,0.3753589391708374,0.4157320559024811,0.48970091342926025,0.5749293565750122,0.5032433867454529,0.3674484193325043,0.34521546959877014,0.40675535798072815,0.4206191897392273,0.40593504905700684,0.4168342351913452,hiphop
129.19921875,0.1392005631283836,2581.5076039009973,-94.26873016357422,91.890869140625,-17.60138511657715,45.5273323059082,-15.701892852783203,32.63561248779297,-18.01371192932129,21.570966720581055,-15.723526000976562,16.806913375854492,-18.290828704833984,13.340855598449707,-15.457928657531738,0.3302399516105652,0.29748842120170593,0.43860694766044617,0.25826776027679443,0.3630457818508148,0.2650497555732727,0.3659094572067261,0.5250802040100098,0.31960758566856384,0.3979334533214569,0.32334572076797485,0.39611557126045227,rock
135.99917763157896,0.046179019842420725,1492.5309939204085,-315.0382385253906,112.7200927734375,9.75959300994873,38.984004974365234,3.9417922496795654,20.022207260131836,-7.214859485626221,15.278688430786133,-13.67844295501709,10.154261589050293,-4.878445148468018,4.7041120529174805,-2.7004826068878174,0.3397635221481323,0.19819502532482147,0.2240874171257019,0.36531561613082886,0.30030322074890137,0.2985173761844635,0.3030693233013153,0.4620610177516937,0.3376869261264801,0.23839132487773895,0.25407975912094116,0.22984090447425842,jazz
151.99908088235293,0.046537772500966745,1443.8328603987698,-90.71682739257812,128.03282165527344,-34.7298698425293,73.73097229003906,4.348353385925293,28.087520599365234,-0.521448016166687,17.345399856567383,4.391153812408447,12.304351806640625,2.2642078399658203,5.675271987915039,-6.760372638702393,0.19764527678489685,0.2535597085952759,0.5305768847465515,0.676283597946167,0.6031669974327087,0.41659510135650635,0.4690571129322052,0.5864334106445312,0.5346536040306091,0.49084359407424927,0.44233787059783936,0.2713211178779602,metal
143.5546875,0.0605177971529389,1261.4987366751002,-185.85482788085938,155.27069091796875,-25.0155086517334,20.559324264526367,-3.840679168701172,-0.579582691192627,-4.573758125305176,-5.901455879211426,-16.531105041503906,-0.44806432723999023,-16.29958152770996,-4.212399482727051,-16.8046817779541,0.19654592871665955,0.23051992058753967,0.4250628352165222,0.26807984709739685,0.2955347001552582,0.1894124448299408,0.2868773341178894,0.28618958592414856,0.25841888785362244,0.36206379532814026,0.2837812006473541,0.4291280210018158,country
78.30255681818181,0.06650367966937355,1729.7885870910534,-162.78079223632812,119.89014434814453,-2.9078404903411865,20.508928298950195,27.810157775878906,5.490170478820801,6.040869235992432,1.191266655921936,-3.6965749263763428,0.35227885842323303,4.416835308074951,-0.4102477431297302,2.4561374187469482,0.2956182658672333,0.3605746626853943,0.26924723386764526,0.4463852643966675,0.39330756664276123,0.2578883469104767,0.4102812111377716,0.34494566917419434,0.4583207666873932,0.3969220519065857,0.3328005373477936,0.35487160086631775,country
123.046875,0.13527580904389017,2396.988699228778,-45.15996170043945,98.66787719726562,-24.66595458984375,40.49519729614258,-18.095556259155273,26.11712646484375,-12.685221672058105,13.979275703430176,-15.417926788330078,16.17708969116211,-14.37568473815918,8.136640548706055,-11.938591957092285,0.43714746832847595,0.3664228022098541,0.3418538570404053,0.4458027780056,0.3498803675174713,0.3550060987472534,0.46763089299201965,0.33694517612457275,0.4948715269565582,0.39011669158935547,0.4616129994392395,0.6076704263687134,disco
112.34714673913044,0.06368954828886311,1650.9582872211786,-253.17776489257812,122.69337463378906,-5.665437698364258,40.57578659057617,-5.834477424621582,18.414371490478516,-16.655174255371094,14.596437454223633,-15.156902313232422,8.209847450256348,-13.885358810424805,8.284788131713867,-7.303146839141846,0.4413570165634155,0.31007736921310425,0.3311063051223755,0.3532398045063019,0.28808194398880005,0.3685498833656311,0.3435240387916565,0.3831630349159241,0.4158180356025696,0.3714156448841095,0.4378437399864197,0.3212674558162689,jazz
99.38401442307692,0.19398775860402165,2980.0365062158285,10.0198392868042,74.12789154052734,-32.23573303222656,62.768585205078125,-23.328832626342773,30.02989387512207,-14.879809379577637,20.15920066833496,-12.146162986755371,19.18972396850586,-14.975018501281738,18.799034118652344,-12.281957626342773,0.5285235643386841,0.61134934425354,0.5102490186691284,0.42314863204956055,0.5495691299438477,0.427347332239151,0.4191877543926239,0.5301145315170288,0.609955906867981,0.6628932356834412,0.5145389437675476,0.5064225196838379,metal
129.19921875,0.12021650534126063,2624.814629146055,-69.63065338134766,83.07227325439453,-16.59992790222168,0.11837119609117508,7.420607566833496,0.7700080275535583,1.3374780416488647,4.695798397064209,-1.416824460029602,3.3194353580474854,-2.878265142440796,-8.202150344848633,-5.767510890960693,0.28671687841415405,0.3696708679199219,0.2740699052810669,0.3717687726020813,0.3111177086830139,0.4872511923313141,0.5516754388809204,0.3753361403942108,0.5085594654083252,0.28271692991256714,0.37627682089805603,0.2776903808116913,disco
103.359375,0.11293582502902477,2898.787368032488,-20.817459106445312,64.90751647949219,6.767101287841797,26.357126235961914,11.665423393249512,13.185628890991211,-1.9791066646575928,8.582197189331055,0.47289520502090454,7.44109582901001,-0.4149094223976135,6.945586204528809,3.660606622695923,0.4749506413936615,0.4291466772556305,0.38608184456825256,0.5202968120574951,0.3613884150981903,0.3855162262916565,0.3128998875617981,0.4275357723236084,0.5793954730033875,0.39890056848526,0.4305238425731659,0.3507532775402069,country
112.34714673913044,0.09937373114849188,2235.2480118461262,-232.95944213867188,93.83140563964844,-16.19234848022461,49.591522216796875,-13.951523780822754,13.500869750976562,-11.832385063171387,13.29676342010498,-25.82591438293457,17.382801055908203,-13.318090438842773,9.286802291870117,-5.49476957321167,0.3106444776058197,0.39770427346229553,0.36903220415115356,0.39607152342796326,0.31147873401641846,0.2869943380355835,0.2953343093395233,0.26066768169403076,0.27638325095176697,0.24226737022399902,0.2405172735452652,0.2643166780471802,jazz
151.99908088235293,0.06583149047757154,1510.7924591573858,-243.82345581054688,123.33696746826172,-15.560957908630371,38.88987731933594,6.496987819671631,25.511035919189453,3.038435697555542,17.182750701904297,-0.21878767013549805,8.984407424926758,-2.490307569503784,6.76583194732666,-3.4475502967834473,0.4302211105823517,0.43749845027923584,0.6471956372261047,0.4768056571483612,0.4923032522201538,0.522028386592865,0.4187344014644623,0.4254469573497772,0.4894088804721832,0.6109006404876709,0.5003846883773804,0.3911733627319336,reggae
117.45383522727273,0.09766418032192575,2006.8272650214387,-142.4162139892578,116.20545959472656,-32.16026306152344,49.11151123046875,-8.38990592956543,22.885154724121094,-18.317211151123047,20.11055564880371,-22.1026611328125,10.792424201965332,-12.998067855834961,14.083412170410156,-16.39295768737793,0.2740071713924408,0.49946412444114685,0.32832542061805725,0.34730854630470276,0.5619506239891052,0.2984563112258911,0.26372432708740234,0.26051124930381775,0.5629987716674805,0.703196108341217,0.3635637164115906,0.3229256570339203,rock
151.99908088235293,0.04197368341550657,1430.6028402421157,-238.96987915039062,108.68231964111328,34.158817291259766,30.20716094970703,-0.49822133779525757,27.279754638671875,-21.377927780151367,14.166391372680664,-24.50922393798828,-1.8904002904891968,-28.051816940307617,-11.257109642028809,-16.457557678222656,0.3122583031654358,0.21676723659038544,0.17699013650417328,0.15533997118473053,0.24401143193244934,0.4567616283893585,0.31697580218315125,0.2353542298078537,0.21037855744361877,0.26926448941230774,0.28182485699653625,0.25340771675109863,blues
112.34714673913044,0.1314991138599537,2737.358914673473,-57.95558547973633,68.42820739746094,-15.226617813110352,23.414100646972656,14.886022567749023,13.217155456542969,2.180786609649658,12.793449401855469,0.04898050054907799,12.763608932495117,0.00702368188649416,3.3800199031829834,0.8436663746833801,0.5504568815231323,0.42339015007019043,0.3731447458267212,0.3485910892486572,0.41133978962898254,0.3419863283634186,0.34158855676651,0.4805067181587219,0.46191859245300293,0.5225592255592346,0.4280720055103302,0.45688092708587646,disco
117.45383522727273,0.050776340753093584,853.0763810402855,-338.8304443359375,190.1424560546875,-16.293914794921875,3.7036423683166504,-0.4407285749912262,-8.890434265136719,-10.388580322265625,-16.3609676361084,-13.28485107421875,-10.79232406616211,-8.643244743347168,-8.279583930969238,-4.624200820922852,0.5079936981201172,0.17903336882591248,0.19536010921001434,0.08823492377996445,0.22357912361621857,0.41003257036209106,0.14121155440807343,0.21639445424079895,0.15872830152511597,0.4760897159576416,0.20284214615821838,0.1381089687347412,classical
129.19921875,0.14628158533932714,2521.2256237987226,-160.15704345703125,88.74144744873047,-35.47688293457031,47.494300842285156,-12.603619575500488,17.30156135559082,-19.14414405822754,14.59506893157959,-20.38782501220703,11.093687057495117,-11.14493465423584,7.69911003112793,-9.863814353942871,0.292505145072937,0.3871890604496002,0.4626728594303131,0.3886628746986389,0.4896775484085083,0.36768579483032227,0.3896690607070923,0.2983282804489136,0.3512609004974365,0.5113862752914429,0.3772638142108917,0.37627384066581726,rock
184.5703125,0.11156375769412878,2693.217660121341,-120.94078063964844,77.27129364013672,29.065610885620117,10.437187194824219,3.5667598247528076,5.368396282196045,5.1985554695129395,-0.8017176985740662,1.3497724533081055,2.302973747253418,3.0739121437072754,1.1976855993270874,-0.6719622015953064,0.441330224275589,0.40625545382499695,0.4125814735889435,0.4118703305721283,0.3844171166419983,0.3753107786178589,0.3583430051803589,0.41108500957489014,0.34044235944747925,0.3920075297355652,0.4095139801502228,0.37028801441192627,hiphop
151.99908088235293,0.12114926225348027,2860.0275833530027,-118.05889892578125,74.18070983886719,8.26566219329834,15.44716739654541,6.157881736755371,8.441981315612793,4.111673355102539,5.726583957672119,-1.9592636823654175,3.163398504257202,5.048195838928223,-1.1217973232269287,2.4379732608795166,0.49622640013694763,0.37055593729019165,0.4321274757385254,0.34086179733276367,0.42038702964782715,0.3270379304885864,0.36279579997062683,0.39418038725852966,0.2461911290884018,0.28536665439605713,0.2886068820953369,0.4427199363708496,country
112.34714673913044,0.23009564723511214,4157.988001710874,-14.192339897155762,44.35686111450195,12.703166961669922,10.150148391723633,11.26891040802002,3.966003179550171,12.500946998596191,-2.167647361755371,10.71873664855957,2.298257350921631,5.04768705368042,-0.8659441471099854,3.80293607711792,0.4192897081375122,0.4749443829059601,0.547135591506958,0.4212130010128021,0.441476970911026,0.43262600898742676,0.4765496253967285,0.5810176730155945,0.419700026512146,0.4015771150588989,0.37573233246803284,0.3730000853538513,pop
103.359375,0.08170157518851508,1933.3373461978688,-95.37553405761719,112.45124053955078,-2.0774407386779785,47.046688079833984,-10.369908332824707,29.785518646240234,-15.113547325134277,20.186107635498047,-12.673778533935547,16.497211456298828,-7.859228610992432,11.876694679260254,-11.186995506286621,0.3414696156978607,0.30188867449760437,0.4414399564266205,0.3469943106174469,0.3715989887714386,0.3202773332595825,0.4739847183227539,0.4844951927661896,0.37231242656707764,0.5205857753753662,0.43303269147872925,0.43425577878952026,rock
107.666015625,0.1002388915071539,2139.9275394701567,-100.28072357177734,109.98675537109375,-26.644407272338867,36.837772369384766,-10.409534454345703,28.786537170410156,-14.846010208129883,21.28755760192871,-19.685312271118164,18.507953643798828,-16.396865844726562,9.154231071472168,-13.790872573852539,0.45013228058815,0.3684295117855072,0.3585475981235504,0.3902338445186615,0.38077715039253235,0.48148930072784424,0.4209427535533905,0.40607911348342896,0.38665056228637695,0.339020699262619,0.32014161348342896,0.3135296106338501,disco
135.99917763157896,0.13163352547370458,3259.351118526445,-20.244306564331055,57.76261520385742,16.799440383911133,18.260643005371094,8.965956687927246,14.902180671691895,2.6743502616882324,3.7542834281921387,1.1086355447769165,1.8431586027145386,-5.978664398193359,-3.60349440574646,-3.650311231613159,0.6426357626914978,0.44537797570228577,0.464067667722702,0.4200116693973541,0.32585451006889343,0.38233569264411926,0.3250243365764618,0.4706130623817444,0.3597943186759949,0.3192075490951538,0.37946975231170654,0.4517427682876587,pop
78.30255681818181,0.11588466139791183,2109.417730689385,-126.90664672851562,103.49356842041016,-31.8978214263916,58.72883605957031,-1.9615224599838257,-3.1359188556671143,-2.942936658859253,0.36023780703544617,-3.0343480110168457,-0.8273261189460754,5.58687162399292,-10.137715339660645,0.7289897203445435,0.23344673216342926,0.36729830503463745,0.4067130386829376,0.35911887884140015,0.5566786527633667,0.4547867774963379,0.40137791633605957,0.3329039216041565,0.42736315727233887,0.4840705692768097,0.2593348026275635,0.20701727271080017,country
112.34714673913044,0.14475178847641146,3010.0558252943074,-65.91230773925781,61.280311584472656,-1.9368678331375122,35.30937576293945,9.312999725341797,7.555877685546875,3.409661054611206,2.9779460430145264,4.606907367706299,2.909939765930176,1.7725732326507568,-0.3918253183364868,-5.758149147033691,0.39011871814727783,0.4469296634197235,0.5126078724861145,0.5137909054756165,0.4583986699581146,0.3703418970108032,0.3594217896461487,0.4196889102458954,0.40743520855903625,0.3855086863040924,0.34318938851356506,0.3861522078514099,rock
103.359375,0.07510279207753287,1796.8948919886877,-189.09104919433594,110.86749267578125,2.982771158218384,48.362510681152344,-6.426241397857666,20.72869873046875,-12.561619758605957,15.884038925170898,-13.63097095489502,9.418685913085938,-8.044495582580566,8.090904235839844,-10.641822814941406,0.384236216545105,0.37537240982055664,0.445619136095047,0.3488731384277344,0.44407814741134644,0.39776095747947693,0.4714915454387665,0.36443397402763367,0.24920327961444855,0.23226463794708252,0.30479952692985535,0.5225844383239746,reggae
117.45383522727273,0.12496148129350348,2843.3506413882114,-71.623046875,81.1082992553711,16.360794067382812,8.947615623474121,13.826505661010742,-0.7539969086647034,12.511420249938965,-0.6541830897331238,3.0359156131744385,3.063342332839966,-3.2248902320861816,-1.3291910886764526,-0.6551507711410522,0.42126789689064026,0.4014855623245239,0.35996806621551514,0.4066268801689148,0.3887675106525421,0.5051565766334534,0.3611171841621399,0.46833011507987976,0.5160040855407715,0.3773203194141388,0.4040103852748871,0.3437241315841675,pop
161.4990234375,0.0730159845079273,1798.3807585425818,-176.7651824951172,116.84068298339844,-21.30806541442871,38.76340866088867,-5.450562477111816,26.62083625793457,-8.181731224060059,15.778047561645508,-10.48444652557373,11.04460334777832,-10.051370620727539,9.914849281311035,-3.2497031688690186,0.46734726428985596,0.37569114565849304,0.4067344069480896,0.48783549666404724,0.3860546946525574,0.34389349818229675,0.3532377779483795,0.4869242310523987,0.257846474647522,0.20975863933563232,0.2824550271034241,0.32029834389686584,reggae
198.76802884615384,0.1693078753591954,3191.9170162946484,5.626781940460205,53.15753173828125,-9.09119987487793,26.983356475830078,0.5944693088531494,15.572928428649902,1.6008063554763794,7.687560081481934,4.979696273803711,8.549695014953613,3.3433353900909424,8.506850242614746,1.0881996154785156,0.4484734535217285,0.47340503334999084,0.4824965298175812,0.5117852687835693,0.5015426874160767,0.48809051513671875,0.4570443332195282,0.43768391013145447,0.4602929949760437,0.4321090877056122,0.4995579421520233,0.46120670437812805,hiphop
107.666015625,0.07680441258217324,1875.1802164622393,-120.44552612304688,117.58979797363281,-27.63533592224121,42.83806610107422,-6.757944107055664,21.64213752746582,-12.103039741516113,17.95223045349121,-10.473285675048828,12.275668144226074,-6.569044589996338,13.523021697998047,-2.420073986053467,0.5070451498031616,0.4839385449886322,0.7297075986862183,0.39711761474609375,0.2893681824207306,0.2761322855949402,0.2931212782859802,0.2948593199253082,0.42637431621551514,0.614952564239502,0.45172223448753357,0.47702622413635254,rock
117.45383522727273,0.13959632395591648,2467.1929456866374,-67.11287689208984,80.68692016601562,-43.87355041503906,57.72136688232422,-12.790038108825684,33.588191986083984,-7.7333598136901855,14.119093894958496,-1.2372345924377441,7.412739276885986,-2.04415225982666,6.099488735198975,-6.627344131469727,0.4060256779193878,0.4214881956577301,0.4085835814476013,0.4888058304786682,0.5995883345603943,0.5453588962554932,0.3729760944843292,0.35847368836402893,0.3453100323677063,0.6543851494789124,0.3076482117176056,0.26517632603645325,reggae
112.34714673913044,0.1774496386794277,2986.810443330355,16.490421295166016,71.1860122680664,-22.35201644897461,60.27137756347656,-18.553720474243164,27.623319625854492,-12.408052444458008,16.954391479492188,-8.729571342468262,17.865869522094727,-13.46914005279541,18.926591873168945,-11.023098945617676,0.5443352460861206,0.6344397068023682,0.5767462253570557,0.45099765062332153,0.48945870995521545,0.3722836673259735,0.3759647011756897,0.4573342204093933,0.5460196733474731,0.6257759928703308,0.4812083840370178,0.47334912419319153,metal
143.5546875,0.0697996725154679,1218.1514494719816,-300.907470703125,161.12789916992188,-24.24585723876953,27.95691680908203,-2.863050699234009,2.389012575149536,-11.268324851989746,0.22309760749340057,-6.838934421539307,6.093652725219727,-8.139802932739258,-1.8150442838668823,-4.120981216430664,0.21471762657165527,0.12444900721311569,0.35887157917022705,0.34733816981315613,0.1614479422569275,0.3332139253616333,0.1537846177816391,0.26446792483329773,0.28617262840270996,0.28250160813331604,0.5175045132637024,0.18309268355369568,classical
129.19921875,0.11039008120649652,2108.2221109107218,-103.10111236572266,107.49596405029297,-33.5389518737793,52.786155700683594,-9.130404472351074,30.337116241455078,-9.325206756591797,23.03729820251465,-11.889161109924316,18.16913414001465,-7.546331882476807,9.400738716125488,-5.4251604080200195,0.6206455230712891,0.4465196132659912,0.4564480483531952,0.3886053264141083,0.4258335530757904,0.4384864866733551,0.4101797640323639,0.5691258907318115,0.4084569811820984,0.4597508907318115,0.4803858697414398,0.45353245735168457,disco
184.5703125,0.04460126341357309,1291.4990686418096,-238.91705322265625,132.32330322265625,-0.10172205418348312,41.22397232055664,2.420530319213867,19.089252471923828,7.958698749542236,19.936880111694336,-0.6286661028862,11.096807479858398,-1.7136847972869873,9.9411039352417,3.0233516693115234,0.5477600693702698,0.46003100275993347,0.5595837831497192,0.5442348122596741,0.4765777587890625,0.49745866656303406,0.46969643235206604,0.5396566390991211,0.46339812874794006,0.34910738468170166,0.32421863079071045,0.4146949350833893,reggae
135.99917763157896,0.14055017052051083,2794.9630916287133,-15.928070068359375,67.15309143066406,-20.12190055847168,15.576830863952637,4.801263332366943,10.825858116149902,5.959400177001953,11.796420097351074,-0.39681529998779297,5.655035495758057,0.11372397094964981,1.097923994064331,-1.7415591478347778,0.41759413480758667,0.4508093595504761,0.34054529666900635,0.3127889931201935,0.29648202657699585,0.38110312819480896,0.497086763381958,0.39840224385261536,0.4670011103153229,0.42836815118789673,0.4701429009437561,0.47741279006004333,rock
143.5546875,0.07395969281709204,1591.310655282915,-170.84280395507812,124.7550277709961,-19.236621856689453,39.212093353271484,-3.7663841247558594,15.302874565124512,-12.97920036315918,8.5299654006958,-11.831753730773926,11.324966430664062,-13.77603530883789,3.1141600608825684,-10.082475662231445,0.33368444442749023,0.2650756239891052,0.3650447726249695,0.2732338607311249,0.3738972842693329,0.2361927181482315,0.2703682780265808,0.480988472700119,0.322392076253891,0.3547714948654175,0.2809624671936035,0.3862517476081848,country
135.99917763157896,0.10146053871809745,1835.12851277257,-160.3541717529297,126.20948028564453,-35.58139419555664,22.13925552368164,-32.473548889160156,10.850701332092285,-23.35007095336914,0.4932493269443512,-11.796538352966309,1.2035192251205444,-13.084959030151367,-2.8104991912841797,-6.9344706535339355,0.1926048845052719,0.31726667284965515,0.39202219247817993,0.25582700967788696,0.19266362488269806,0.5302209258079529,0.25377947092056274,0.1391213834285736,0.2764242887496948,0.32432687282562256,0.5551238059997559,0.272930771112442,blues
117.45383522727273,0.10365534971964424,2117.6008935704253,-95.0460433959961,109.33905029296875,-30.173484802246094,16.371213912963867,20.0415096282959,11.963911056518555,3.490323066711426,6.177454471588135,5.204813003540039,8.618460655212402,0.33158281445503235,0.38170957565307617,0.5376681089401245,0.36937788128852844,0.37306031584739685,0.5337568521499634,0.5034797787666321,0.44068044424057007,0.47497880458831787,0.36040231585502625,0.4374728202819824,0.384959876537323,0.5148171186447144,0.5766546726226807,0.37093815207481384,disco
117.45383522727273,0.14444628226508122,3301.0929850079233,-40.90408706665039,61.540000915527344,9.868571281433105,10.098779678344727,8.45436954498291,5.371933460235596,8.382929801940918,3.518721342086792,8.250459671020508,5.878693103790283,-0.0978313758969307,-0.5606232285499573,0.5559624433517456,0.3589239716529846,0.4472217857837677,0.3490358293056488,0.39470845460891724,0.4625079929828644,0.3737715780735016,0.4397764801979065,0.42213869094848633,0.5127318501472473,0.44014060497283936,0.3342791795730591,0.39804571866989136,pop
135.99917763157896,0.10197110039636505,2046.8578301908997,-92.63433074951172,101.83766174316406,-33.49186706542969,48.72511291503906,12.3981351852417,20.813831329345703,8.697565078735352,9.275422096252441,2.7734899520874023,5.233724594116211,-9.328544616699219,-3.486363649368286,-4.360380172729492,0.4067879021167755,0.3928234875202179,0.38631096482276917,0.4076366126537323,0.35058996081352234,0.4761510193347931,0.34099656343460083,0.3751556873321533,0.4951339364051819,0.5510219931602478,0.6587957739830017,0.4723970890045166,rock
103.359375,0.06370125495456304,1420.438571434397,-238.51962280273438,120.10218811035156,-4.22194766998291,42.294593811035156,5.923821926116943,13.911397933959961,5.350523948669434,1.8952672481536865,-16.92808723449707,12.343145370483398,3.938899517059326,-1.3966830968856812,0.01302774902433157,0.2700388729572296,0.1651015728712082,0.24188968539237976,0.24282655119895935,0.2829267382621765,0.2934614419937134,0.26243236660957336,0.17003141343593597,0.1948607712984085,0.24148696660995483,0.3523685038089752,0.519353449344635,blues
117.45383522727273,0.08823464991782676,2098.946281494044,-99.87088012695312,102.13179016113281,-23.619749069213867,63.05523681640625,-8.763340950012207,30.72507667541504,-9.637297630310059,14.158515930175781,0.3801097571849823,13.219310760498047,-10.086185455322266,9.186030387878418,-4.928890228271484,0.20818445086479187,0.19662758708000183,0.32316747307777405,0.547641396522522,0.47074824571609497,0.27893710136413574,0.2589225172996521,0.3888775110244751,0.6511042714118958,0.5062342882156372,0.38769230246543884,0.3345194458961487,metal
95.703125,0.11002037715100542,2223.969176505625,-61.695621490478516,103.56620025634766,-16.916410446166992,49.24767303466797,-14.815669059753418,31.691503524780273,-17.21519660949707,24.615047454833984,-14.486075401306152,18.019432067871094,-11.672710418701172,11.470351219177246,-9.824015617370605,0.445467084646225,0.3643798232078552,0.6020576357841492,0.3929833769798279,0.45666512846946716,0.49939748644828796,0.44463440775871277,0.6412317156791687,0.42163199186325073,0.4069831669330597,0.40599963068962097,0.42041024565696716,rock
112.34714673913044,0.12834093133700697,2198.9192293914725,-62.23499298095703,115.17359161376953,-42.7843017578125,54.301395416259766,-24.871057510375977,20.127164840698242,-21.635332107543945,20.84162712097168,-8.395901679992676,20.322467803955078,-10.730716705322266,9.666507720947266,-14.542503356933594,0.37112894654273987,0.4286954998970032,0.3858337104320526,0.3423111140727997,0.45944923162460327,0.4195077419281006,0.5618707537651062,0.5057576298713684,0.46480193734169006,0.47979220747947693,0.3829672932624817,0.3910365700721741,metal
143.5546875,0.15013458889211137,2474.465349821513,-74.30769348144531,100.11083984375,-47.357513427734375,49.60930252075195,-18.405359268188477,24.609189987182617,-15.91098690032959,23.892093658447266,-22.828266143798828,23.324926376342773,-16.94343376159668,14.924824714660645,-11.495659828186035,0.3400340974330902,0.4201619029045105,0.4544318616390228,0.5068841576576233,0.5809093117713928,0.3516940474510193,0.43110203742980957,0.32881927490234375,0.417545884847641,0.5339162945747375,0.40234294533729553,0.5537146925926208,rock
112.34714673913044,0.08885850190931942,2068.4834099126797,-40.493350982666016,105.29485321044922,-14.107665061950684,54.84363555908203,-1.19119393825531,20.077199935913086,-11.698836326599121,22.175390243530273,-10.23194694519043,14.189077377319336,-6.911011219024658,13.343561172485352,-9.252238273620605,0.338858962059021,0.37126702070236206,0.3593473732471466,0.47278302907943726,0.32833099365234375,0.3319551646709442,0.46230608224868774,0.5277992486953735,0.7114014625549316,0.530700147151947,0.4917789101600647,0.45549333095550537,metal
129.19921875,0.12182258434841454,2077.565822171052,-124.98965454101562,115.18234252929688,-47.98588562011719,52.820343017578125,-13.493602752685547,21.751258850097656,-12.417659759521484,20.127153396606445,-18.37324333190918,10.123631477355957,-16.045312881469727,10.477310180664062,-17.955707550048828,0.3845002353191376,0.37607985734939575,0.5337098240852356,0.4073218107223511,0.4563687741756439,0.34251493215560913,0.4785594344139099,0.46618056297302246,0.3559764623641968,0.5270723104476929,0.38660457730293274,0.46887442469596863,rock
107.666015625,0.15931563587587008,3194.0815505953037,24.324636459350586,68.9615249633789,-4.2270355224609375,-1.0471316576004028,5.240407943725586,2.989914894104004,4.333371639251709,4.2808637619018555,6.430776596069336,3.631894826889038,0.1111217513680458,-0.010404794476926327,2.062168836593628,0.3549329936504364,0.43447718024253845,0.3412652611732483,0.47309327125549316,0.37543514370918274,0.2964424788951874,0.41536062955856323,0.3846191167831421,0.5313690900802612,0.35477185249328613,0.48756903409957886,0.4939536154270172,pop
66.25600961538461,0.10456258734097919,2505.851670781852,-19.763225555419922,76.64637756347656,-4.8265228271484375,32.23872375488281,7.7104949951171875,17.183759689331055,-1.4951015710830688,9.149327278137207,2.7572665214538574,9.145537376403809,-2.6543097496032715,7.519622325897217,0.387550950050354,0.35568422079086304,0.36208802461624146,0.26729851961135864,0.3227209746837616,0.48402634263038635,0.38064682483673096,0.38942772150039673,0.28034836053848267,0.3909517228603363,0.29855504631996155,0.26630711555480957,0.4659971594810486,country
129.19921875,0.14627101157675948,2626.8195142103973,-71.13558959960938,79.4583740234375,-20.803537368774414,30.64813804626465,5.5313944816589355,3.704120397567749,4.703727722167969,7.269519329071045,-5.486207008361816,2.504746913909912,0.8459367156028748,-0.5797618627548218,-1.8930234909057617,0.5384385585784912,0.3778744637966156,0.4193992614746094,0.39854463934898376,0.5361354351043701,0.5025791525840759,0.4713502824306488,0.5822036266326904,0.3983231782913208,0.362819105386734,0.3944995701313019,0.4391128718852997,rock
95.703125,0.07751058886794276,2345.299206046104,-87.56048583984375,79.35381317138672,25.052841186523438,45.152496337890625,11.185014724731445,18.171783447265625,3.516493558883667,6.999547004699707,1.2637460231781006,2.3608531951904297,-1.775681734085083,-0.008662626147270203,-2.702415704727173,0.3216365575790405,0.2857178747653961,0.27977749705314636,0.3622004985809326,0.5343288779258728,0.4926714301109314,0.45293760299682617,0.4611819386482239,0.46705979108810425,0.5874799489974976,0.44270673394203186,0.3107353150844574,hiphop
95.703125,0.1591457004060325,3644.7182707334355,-68.86014556884766,40.489044189453125,25.370588302612305,35.75651168823242,13.383732795715332,2.8279078006744385,12.753466606140137,4.48529577255249,3.3516154289245605,10.027183532714844,-2.380499839782715,2.9910669326782227,-1.7973542213439941,0.4106878638267517,0.47073495388031006,0.4785499572753906,0.38549596071243286,0.41590043902397156,0.3393072187900543,0.46941322088241577,0.3333679437637329,0.3257564902305603,0.3887827694416046,0.4021385610103607,0.49195539951324463,pop
143.5546875,0.05208824258023975,790.5070052979679,-437.6044006347656,170.93153381347656,7.419581413269043,-3.083472967147827,0.7893821001052856,-11.128748893737793,-12.522781372070312,-6.907835960388184,-5.858702182769775,-8.461236953735352,-8.481487274169922,-8.339387893676758,-7.378574848175049,0.12168769538402557,0.10355794429779053,0.3032594919204712,0.3554382026195526,0.1276109218597412,0.19596555829048157,0.14067363739013672,0.18200555443763733,0.2872038781642914,0.22796864807605743,0.40883010625839233,0.15912972390651703,classical
151.99908088235293,0.16831088674593966,2939.593464244178,-108.10115814208984,65.76789855957031,-20.839345932006836,47.55382537841797,0.8670945167541504,8.987105369567871,-3.201554775238037,20.969146728515625,-10.341167449951172,7.869070529937744,-8.12182331085205,12.040539741516113,-9.151337623596191,0.5236150622367859,0.5977526903152466,0.6534449458122253,0.5890309810638428,0.6256994009017944,0.5895875096321106,0.5275748372077942,0.6000054478645325,0.6913754343986511,0.6091155409812927,0.48623597621917725,0.4842694401741028,metal
129.19921875,0.16179669373549885,3669.810466570258,-8.573004722595215,54.2957878112793,20.964115142822266,13.1004056930542,9.71585464477539,6.022176265716553,10.73078727722168,6.10681676864624,0.6969411969184875,5.003989219665527,-3.447253942489624,0.8748061060905457,-1.9368966817855835,0.34423232078552246,0.477341890335083,0.46131446957588196,0.38329440355300903,0.43053433299064636,0.36027058959007263,0.5956786870956421,0.4065845012664795,0.3541017770767212,0.46461352705955505,0.3705034852027893,0.43413442373275757,pop
129.19921875,0.10873717553654293,3085.556031555025,-44.58633804321289,41.587158203125,29.919214248657227,51.8719367980957,12.87827205657959,13.721710205078125,7.9571733474731445,9.288721084594727,8.395910263061523,1.9085698127746582,1.1404614448547363,4.559787750244141,5.519351005554199,0.5012043118476868,0.5056045651435852,0.4841465353965759,0.4403195083141327,0.405645489692688,0.3978215456008911,0.38217392563819885,0.41835373640060425,0.520025372505188,0.6289024949073792,0.5779027342796326,0.5464314818382263,hiphop
112.34714673913044,0.14664940122293116,2628.9166256267,-90.24029541015625,80.0685806274414,-46.36334991455078,56.04554748535156,-8.09264850616455,27.47739028930664,-17.326692581176758,22.967056274414062,-17.591236114501953,18.405153274536133,-17.440149307250977,7.649233341217041,-19.298675537109375,0.2879880666732788,0.5053219795227051,0.32482317090034485,0.2899927496910095,0.2778547704219818,0.3998350203037262,0.80361407995224,0.44620224833488464,0.29688727855682373,0.2303820103406906,0.45982131361961365,0.3486568033695221,rock
107.666015625,0.1422416527697216,2235.5723889220876,-86.26868438720703,91.95877838134766,-23.415849685668945,68.26197052001953,-3.8848536014556885,22.74706268310547,-9.89794635772705,16.88896942138672,-11.390698432922363,18.42913246154785,-7.012551784515381,10.75953197479248,-11.943845748901367,0.4520763158798218,0.40451544523239136,0.4144081771373749,0.2743662893772125,0.3709237277507782,0.4435492157936096,0.43165016174316406,0.526506245136261,0.36678361892700195,0.3939460217952728,0.408627450466156,0.38429445028305054,blues
107.666015625,0.1533135150812065,3488.897943286259,-97.0539779663086,51.83452224731445,18.751598358154297,20.48731803894043,5.610611438751221,3.575838088989258,5.573987007141113,0.7409073114395142,7.338095188140869,1.6581377983093262,-2.697901725769043,-0.44195854663848877,-1.0840604305267334,0.39611127972602844,0.44269290566444397,0.40839916467666626,0.48618707060813904,0.3533450663089752,0.3263421058654785,0.3720000982284546,0.3003985583782196,0.33486807346343994,0.3343522846698761,0.45055511593818665,0.46048080921173096,pop
69.83741554054055,0.09353588130800464,1981.982382184166,-201.77865600585938,109.28779602050781,-15.506361961364746,44.262638092041016,-11.0437650680542,18.838415145874023,-11.305834770202637,18.402467727661133,-18.903079986572266,11.213675498962402,-11.905747413635254,6.954172611236572,-11.655336380004883,0.36342310905456543,0.32759344577789307,0.34114304184913635,0.35885852575302124,0.35186097025871277,0.4005736708641052,0.3610353469848633,0.33256715536117554,0.35810261964797974,0.33248159289360046,0.36824965476989746,0.4058983325958252,jazz
92.28515625,0.153338438950116,3592.2181145867817,-53.1693000793457,57.1737174987793,21.16082763671875,11.305262565612793,18.11834144592285,1.6628117561340332,0.3451026976108551,2.323979377746582,-5.105269432067871,2.747910976409912,3.1522436141967773,-5.514477729797363,-3.1615028381347656,0.3198029398918152,0.31203219294548035,0.37158817052841187,0.3714718222618103,0.5163390040397644,0.5070171356201172,0.5735121369361877,0.4311748743057251,0.3646213114261627,0.44412705302238464,0.3352125883102417,0.3970208466053009,disco
112.34714673913044,0.15097822409126063,3167.5553238891907,-32.17642593383789,60.0426025390625,3.374227285385132,18.975921630859375,4.333144664764404,0.6889650225639343,-2.022076368331909,1.329651951789856,-4.642695426940918,3.7909770011901855,-6.739723205566406,-4.887253284454346,-2.336693048477173,0.45452645421028137,0.3732589781284332,0.3986380100250244,0.45151713490486145,0.3900618255138397,0.47304826974868774,0.4580967128276825,0.5332932472229004,0.4680408835411072,0.4107787311077118,0.4314757287502289,0.38199102878570557,disco
71.77734375,0.07305223740815932,1459.4696908114731,-190.0688018798828,130.27023315429688,-36.36211395263672,33.03621292114258,11.093892097473145,-0.5918818712234497,-20.89026641845703,0.27844250202178955,-6.496385097503662,-5.512735366821289,-7.8474040031433105,-3.124300718307495,-6.602821350097656,0.42551302909851074,0.2232433706521988,0.1313476860523224,0.15259741246700287,0.24195794761180878,0.49116912484169006,0.24550841748714447,0.16911275684833527,0.28835591673851013,0.46184447407722473,0.3592758774757385,0.30718594789505005,blues
92.28515625,0.10530825538959783,3126.570348199454,-59.05157470703125,61.004276275634766,27.743501663208008,23.84954071044922,12.297715187072754,7.377119064331055,12.31706714630127,7.139926910400391,13.406534194946289,2.4973204135894775,-1.9689048528671265,-2.4171175956726074,-4.5162858963012695,0.2887047827243805,0.27573567628860474,0.32040005922317505,0.3279229998588562,0.3239254355430603,0.44378846883773804,0.3910336196422577,0.3432549834251404,0.2635316550731659,0.3507811725139618,0.4595926105976105,0.29041069746017456,pop
151.99908088235293,0.05495977438611756,1529.2908080956652,-111.25285339355469,134.15211486816406,-24.658050537109375,41.54233932495117,-3.075080633163452,28.475191116333008,-10.599550247192383,14.917008399963379,-14.410270690917969,8.844091415405273,-4.547977447509766,9.940146446228027,-4.680241107940674,0.29498082399368286,0.3191109895706177,0.3383049964904785,0.39390847086906433,0.47899729013442993,0.3133995532989502,0.27673935890197754,0.3082905113697052,0.4129998981952667,0.49694693088531494,0.39391857385635376,0.35725560784339905,rock
95.703125,0.042435530259087396,1193.6599936500752,-260.92547607421875,138.53469848632812,-16.334735870361328,49.14583206176758,-5.2526445388793945,19.349973678588867,2.2014174461364746,5.547832012176514,-7.881401062011719,-0.2059130221605301,-1.6223303079605103,-1.7267847061157227,3.9365222454071045,0.24650536477565765,0.27663519978523254,0.2585699260234833,0.2870720624923706,0.2407049983739853,0.22639738023281097,0.23005998134613037,0.23037251830101013,0.31133151054382324,0.3678901493549347,0.35657933354377747,0.255293607711792,jazz
117.45383522727273,0.13560510622099767,3145.363680952142,-47.97561264038086,54.15439987182617,-3.9600956439971924,21.49443817138672,13.905075073242188,5.998558521270752,13.758749008178711,1.0650278329849243,6.729170322418213,6.220572471618652,1.6177513599395752,0.45703449845314026,2.4155867099761963,0.4899458587169647,0.44525203108787537,0.47804465889930725,0.5057555437088013,0.3923179805278778,0.3581463098526001,0.43254005908966064,0.5636427998542786,0.47956228256225586,0.40081584453582764,0.4622654616832733,0.46601757407188416,pop
107.666015625,0.14939442551237433,3702.062802894826,-59.167091369628906,45.31407165527344,36.86272048950195,15.699399948120117,15.664841651916504,1.6692802906036377,7.293103218078613,8.811882019042969,5.827719688415527,7.989068031311035,-2.2795848846435547,1.903961181640625,-0.9152531623840332,0.4467496871948242,0.3625299036502838,0.3626062870025635,0.418584942817688,0.40150874853134155,0.5125421285629272,0.41326579451560974,0.5119886994361877,0.4599575400352478,0.35681071877479553,0.3681907653808594,0.34144094586372375,pop
135.99917763157896,0.05714703270011601,1388.6328938873341,-130.57875061035156,139.96141052246094,-1.28227698802948,39.30622863769531,-6.344083309173584,19.768293380737305,-11.212559700012207,27.240304946899414,-16.548757553100586,7.028903961181641,-1.196459412574768,1.6060348749160767,-6.638545513153076,0.35982486605644226,0.4109346568584442,0.33638960123062134,0.3028460741043091,0.3121410012245178,0.31414303183555603,0.4281025230884552,0.33671173453330994,0.34427475929260254,0.3693249225616455,0.4853258728981018,0.4395414888858795,blues
123.046875,0.1040197668938515,1803.800200335076,-166.42173767089844,122.12507629394531,-32.1141242980957,16.680294036865234,-5.400134086608887,-2.4928677082061768,-9.827045440673828,-4.898499488830566,-6.967042922973633,-4.57145357131958,-6.654088497161865,-5.4923553466796875,-5.371945858001709,0.4097011089324951,0.2299090474843979,0.28209617733955383,0.21545730531215668,0.31906765699386597,0.34033656120300293,0.26599618792533875,0.3825741708278656,0.24953432381153107,0.3410259783267975,0.23356088995933533,0.39519840478897095,classical
117.45383522727273,0.08998536289153132,1959.0741388861084,-167.48876953125,112.50459289550781,-4.578629970550537,37.091392517089844,-8.612248420715332,27.81465721130371,-14.704629898071289,18.514869689941406,-16.47320556640625,13.75543212890625,-13.3242826461792,10.204630851745605,-11.572749137878418,0.32283538579940796,0.3959420323371887,0.4376275837421417,0.45685046911239624,0.552072286605835,0.46517089009284973,0.39668169617652893,0.41737642884254456,0.48892784118652344,0.3832886517047882,0.30837327241897583,0.34505149722099304,disco
151.99908088235293,0.039366118039443156,1379.0236797531356,-206.9323272705078,117.80413818359375,23.241365432739258,28.308992385864258,-1.1260130405426025,18.867395401000977,-21.973020553588867,17.844066619873047,-25.595348358154297,2.1395230293273926,-17.7824764251709,-8.011028289794922,-17.610441207885742,0.24562273919582367,0.1638699173927307,0.19971713423728943,0.2715938091278076,0.29270845651626587,0.4675287902355194,0.37551349401474,0.3863247334957123,0.2224520444869995,0.16297577321529388,0.20574137568473816,0.16624271869659424,blues
117.45383522727273,0.1407455906723485,2507.355264123504,-268.9367370605469,79.90776824951172,-16.974985122680664,19.053913116455078,2.345428943634033,-7.108330249786377,4.773146629333496,-7.594369888305664,-10.017847061157227,10.818717002868652,-2.768312692642212,-5.481197357177734,2.2997920513153076,0.3044869303703308,0.27988994121551514,0.35002604126930237,0.307107537984848,0.36267009377479553,0.3300955891609192,0.4314923882484436,0.42306074500083923,0.36624282598495483,0.422423392534256,0.32631048560142517,0.34855717420578003,hiphop
215.33203125,0.08767017105137509,1462.3835644748758,-121.83351135253906,149.6673583984375,-42.83201599121094,24.485322952270508,-5.406042575836182,10.6646146774292,-2.8184380531311035,0.7835227847099304,-6.398064613342285,4.474059581756592,-1.2259258031845093,1.2524996995925903,-1.198870301246643,0.17962472140789032,0.24987326562404633,0.6558297276496887,0.23977649211883545,0.22517170011997223,0.2788577377796173,0.316528856754303,0.5429540276527405,0.22178198397159576,0.3216714560985565,0.22339995205402374,0.19524049758911133,classical
99.38401442307692,0.11505650920823667,2944.414729189786,-44.171142578125,76.1800537109375,22.907930374145508,16.796279907226562,22.996109008789062,3.2776119709014893,6.9057793617248535,0.09506855905056,6.495517253875732,6.542290687561035,0.8548562526702881,2.7227675914764404,4.514956474304199,0.4178082048892975,0.3586180508136749,0.4490506947040558,0.4081724286079407,0.4762353301048279,0.4027615487575531,0.3568689227104187,0.4176355302333832,0.3593493700027466,0.3840136229991913,0.31053048372268677,0.3944181501865387,pop
107.666015625,0.05480418902262181,1270.301226914328,-194.235107421875,151.79347229003906,-3.0450046062469482,29.49471092224121,9.111862182617188,5.9693474769592285,3.7879228591918945,3.759901523590088,-5.853435039520264,1.5923062562942505,-3.7657809257507324,0.9401923418045044,1.9712703227996826,0.34045183658599854,0.29982519149780273,0.4791754484176636,0.29208487272262573,0.24041427671909332,0.19400081038475037,0.3448466956615448,0.3807982802391052,0.2623550593852997,0.4149317145347595,0.28333204984664917,0.42607107758522034,country
112.34714673913044,0.08737817514984532,1415.4129895873043,-263.9959411621094,142.11691284179688,-51.37895584106445,5.016685485839844,-20.275646209716797,-17.129779815673828,-16.075098037719727,-20.311262130737305,-15.041230201721191,-9.737652778625488,-8.408833503723145,-11.790933609008789,-6.885929584503174,0.22384345531463623,0.16997931897640228,0.2706893980503082,0.22445255517959595,0.2897179126739502,0.31665167212486267,0.33039531111717224,0.3871952295303345,0.28869253396987915,0.3238754868507385,0.31568294763565063,0.2504744827747345,classical
92.28515625,0.14367213179137664,3001.3998390078727,-37.08651351928711,68.89867401123047,10.490167617797852,23.945831298828125,15.357450485229492,3.5560462474823,11.680305480957031,2.919626235961914,2.5507562160491943,4.755030632019043,-1.5914156436920166,2.562260627746582,-1.0137556791305542,0.3524557948112488,0.4652611315250397,0.3230678141117096,0.409151554107666,0.49566036462783813,0.28689345717430115,0.332459419965744,0.3351386487483978,0.45934993028640747,0.35889923572540283,0.35990336537361145,0.3766908645629883,pop
69.83741554054055,0.07925337151972157,1349.5622465655813,-321.24755859375,136.29432678222656,-28.282760620117188,31.008644104003906,0.5742582082748413,0.23691241443157196,0.6586136817932129,-1.3397088050842285,-0.05861177667975426,-0.42391258478164673,-6.176197052001953,-0.14452072978019714,-0.45497721433639526,0.3940444886684418,0.12450966238975525,0.17884215712547302,0.07495175302028656,0.2367875874042511,0.4317414164543152,0.15193937718868256,0.2922138273715973,0.1196398138999939,0.3462190628051758,0.3284713327884674,0.16063129901885986,classical
143.5546875,0.12275949523878577,2559.166384767367,-50.84935760498047,86.40165710449219,-14.424249649047852,12.829984664916992,21.69183921813965,4.235365867614746,1.7406831979751587,3.703730821609497,4.683395862579346,-1.864467740058899,-1.1955879926681519,-0.017734937369823456,-4.12709379196167,0.39405912160873413,0.35009366273880005,0.45528507232666016,0.3647316098213196,0.5647758841514587,0.35064131021499634,0.4328591525554657,0.3443574607372284,0.41691601276397705,0.6941078901290894,0.445886492729187,0.49792423844337463,rock
123.046875,0.04610991275135344,1597.5180157344882,-211.2167510986328,95.7519302368164,40.583526611328125,68.28097534179688,5.30484676361084,30.969951629638672,-5.277175426483154,22.82135772705078,-1.6232680082321167,17.491806030273438,-11.495020866394043,8.730978965759277,-10.45691967010498,0.37774085998535156,0.37099334597587585,0.5627402663230896,0.5790045261383057,0.4666179120540619,0.5059636235237122,0.36737877130508423,0.3619139492511749,0.328129380941391,0.4238494634628296,0.5376712679862976,0.4010160267353058,rock
151.99908088235293,0.11736196708236658,2671.481384342479,-93.51898193359375,80.19956970214844,-0.3210922181606293,15.246740341186523,4.335902214050293,9.050053596496582,1.6788755655288696,2.5456695556640625,-4.296264171600342,0.9993398785591125,-1.6968483924865723,-2.9973220825195312,2.262345552444458,0.4144081771373749,0.3488907516002655,0.49021822214126587,0.3626687526702881,0.34237924218177795,0.4655281603336334,0.30234313011169434,0.2925279140472412,0.26667502522468567,0.3858657777309418,0.4989595115184784,0.33985528349876404,reggae
143.5546875,0.16043343363302398,2685.678092352649,-71.2906723022461,82.33941650390625,-30.162803649902344,56.4561767578125,-10.867369651794434,26.810651779174805,-15.801575660705566,25.33121681213379,-15.626407623291016,17.750356674194336,-13.0545654296875,14.613809585571289,-14.269171714782715,0.4490847885608673,0.4512961506843567,0.4824569821357727,0.5703797340393066,0.5923897624015808,0.5793036818504333,0.5443454384803772,0.5288910865783691,0.558060348033905,0.5137302875518799,0.5125854015350342,0.44637149572372437,metal
103.359375,0.09832088650425368,1939.7222612064536,-114.78572082519531,119.2933349609375,-50.7344970703125,42.62416076660156,-6.701606273651123,19.70798683166504,-16.883588790893555,19.39400863647461,-17.410425186157227,17.302907943725586,-10.872791290283203,6.6578369140625,-15.766664505004883,0.32091155648231506,0.4288037419319153,0.25221341848373413,0.2738704979419708,0.1760062277317047,0.3254105746746063,0.6983246207237244,0.32382678985595703,0.3168609142303467,0.20364008843898773,0.33464688062667847,0.46654292941093445,rock
215.33203125,0.08414373670726992,1934.3602751013966,-233.11557006835938,105.91352844238281,-2.663625955581665,37.423095703125,-8.166695594787598,15.727240562438965,-15.060574531555176,8.373820304870605,-16.36957359313965,8.638240814208984,-9.372575759887695,7.0943284034729,-5.996860504150391,0.2301374226808548,0.24177904427051544,0.2663477063179016,0.393040269613266,0.26201945543289185,0.2958052456378937,0.2853643596172333,0.2726125717163086,0.37591877579689026,0.5823675990104675,0.6008301377296448,0.336477130651474,jazz
161.4990234375,0.07550308451759474,1811.5485980815154,-145.29241943359375,102.85078430175781,-12.567544937133789,56.99361801147461,2.2211055755615234,26.61408233642578,-4.2984299659729,17.34142303466797,-8.016129493713379,15.23747444152832,-6.9487624168396,7.47066068649292,-10.477944374084473,0.29452550411224365,0.27192193269729614,0.4010947644710541,0.40661677718162537,0.518402099609375,0.4150226414203644,0.43759337067604065,0.41844698786735535,0.3771559000015259,0.3906988501548767,0.34149622917175293,0.4190223515033722,blues
80.74951171875,0.05492503202339521,1468.457465978388,-164.78546142578125,123.44315338134766,4.224730014801025,48.80087661743164,-5.1533308029174805,22.848054885864258,-7.809706211090088,19.28812026977539,-11.021052360534668,21.25664710998535,-9.741073608398438,5.161777973175049,-6.143531799316406,0.36177629232406616,0.24791838228702545,0.2080434113740921,0.1553444117307663,0.2722897231578827,0.6047757267951965,0.3641064763069153,0.2882733941078186,0.2774956524372101,0.4324752986431122,0.37617024779319763,0.2408856600522995,country
143.5546875,0.07521004024071926,1431.0801468671511,-264.3355712890625,138.17970275878906,-30.096487045288086,37.83662033081055,-7.173123359680176,6.774080276489258,-11.809728622436523,4.705630302429199,-9.825993537902832,5.859127044677734,-9.563162803649902,2.6768574714660645,-4.788712024688721,0.31518837809562683,0.15671297907829285,0.2554921805858612,0.3887135982513428,0.18431319296360016,0.2761913537979126,0.16458240151405334,0.3620685338973999,0.42971840500831604,0.25386273860931396,0.2583712637424469,0.17686177790164948,classical
123.046875,0.14385528446442383,2710.4946367774082,-74.91183471679688,79.12138366699219,-40.89167785644531,54.720924377441406,-9.68823528289795,37.257720947265625,-14.983510971069336,20.934234619140625,-17.433067321777344,16.575284957885742,-11.098043441772461,15.470943450927734,-11.129679679870605,0.4435917139053345,0.4112864136695862,0.4767351746559143,0.6176916360855103,0.6347818374633789,0.41684281826019287,0.38791802525520325,0.3781243562698364,0.42901673913002014,0.5123472809791565,0.4301966428756714,0.5320320725440979,metal
95.703125,0.130993435203983,3141.575395070785,-59.55325698852539,77.30152893066406,26.37185287475586,3.185246229171753,6.758668422698975,-0.05026794970035553,-0.6197856068611145,-0.6796597242355347,4.14129114151001,-0.4434501826763153,-4.536903381347656,-3.5553581714630127,-2.1957290172576904,0.35779955983161926,0.26544561982154846,0.34875115752220154,0.30385351181030273,0.29862159490585327,0.4752451181411743,0.2992289662361145,0.3152228593826294,0.26665183901786804,0.3970298767089844,0.4743725657463074,0.28934043645858765,pop
123.046875,0.11677021401295437,2339.8927465134484,-35.23794937133789,93.94743347167969,-35.179420471191406,62.7963981628418,-11.72390365600586,26.997770309448242,-10.754325866699219,24.073627471923828,-13.038537979125977,13.602751731872559,-12.412999153137207,13.569140434265137,-12.245765686035156,0.39413100481033325,0.48582983016967773,0.5708197355270386,0.42647048830986023,0.39076176285743713,0.5113827586174011,0.571803867816925,0.5634438991546631,0.432895302772522,0.35637786984443665,0.3138006329536438,0.32756996154785156,metal
107.666015625,0.10435170751160093,2068.3321715131897,-95.44058990478516,105.23432922363281,-26.953481674194336,60.81648635864258,-4.854668140411377,21.543472290039062,-13.520524024963379,12.135530471801758,-20.2319278717041,12.156193733215332,-5.226213455200195,10.26781940460205,-9.459799766540527,0.3492790460586548,0.463458776473999,0.4121699929237366,0.48248761892318726,0.30605244636535645,0.28159844875335693,0.37192651629447937,0.30505648255348206,0.3382037281990051,0.2933861315250397,0.28728270530700684,0.3909023702144623,blues
107.666015625,0.04626700865235885,1304.644766298671,-189.9823760986328,134.4188995361328,-25.650020599365234,45.7294921875,8.180398941040039,21.443511962890625,-4.585944175720215,14.390953063964844,-12.663227081298828,10.280888557434082,-7.942294597625732,-1.135284423828125,-5.053429126739502,0.3864315450191498,0.36357128620147705,0.35364729166030884,0.3693614900112152,0.3017827868461609,0.3507380187511444,0.3384843170642853,0.3753092885017395,0.30225586891174316,0.31865066289901733,0.45982906222343445,0.3677481710910797,jazz
129.19921875,0.08087606643948182,1388.1392656380106,-343.1435241699219,140.1046600341797,-20.919519424438477,32.316123962402344,-3.683278799057007,2.940859079360962,-10.663065910339355,0.310630738735199,-5.795960903167725,7.683308124542236,-3.6783318519592285,2.547743320465088,-3.4992897510528564,0.3120013475418091,0.2017824649810791,0.40739667415618896,0.14307306706905365,0.1952040195465088,0.1814541071653366,0.186257004737854,0.43233463168144226,0.17801348865032196,0.2274376004934311,0.11537374556064606,0.20496833324432373,classical
95.703125,0.17726459783449341,2683.2329169635404,-110.882080078125,83.17749786376953,-45.26238250732422,56.57573699951172,-7.491790294647217,19.97442626953125,-13.380712509155273,21.21055793762207,-15.712455749511719,18.088773727416992,-18.11153793334961,12.935683250427246,-17.240480422973633,0.3910903334617615,0.4331151843070984,0.3734167814254761,0.42017027735710144,0.5013427138328552,0.4846666157245636,0.487905889749527,0.42244353890419006,0.47760704159736633,0.4670574367046356,0.3948119878768921,0.40582147240638733,metal
161.4990234375,0.13070114619586234,2302.533109168331,-99.95562744140625,106.37162017822266,-40.66634750366211,52.7149658203125,-20.73712730407715,25.275590896606445,-11.828839302062988,22.083070755004883,-12.473505973815918,13.768815040588379,-14.382096290588379,15.966246604919434,-11.72227954864502,0.4684496819972992,0.4117896556854248,0.3676620125770569,0.4863834083080292,0.6504555344581604,0.4611012041568756,0.3345257639884949,0.3686595559120178,0.4864243268966675,0.614429235458374,0.4544660747051239,0.45212748646736145,metal
184.5703125,0.09738436612215909,2208.65791984026,-61.83587646484375,72.1310806274414,-16.305072784423828,27.443157196044922,5.20880651473999,1.4985305070877075,3.9459919929504395,8.331700325012207,-2.1303648948669434,5.8373541831970215,0.04664593189954758,-0.4366466999053955,-0.7864779233932495,0.29121237993240356,0.27791574597358704,0.38519594073295593,0.3048340976238251,0.33007681369781494,0.4347127377986908,0.4738406240940094,0.48255836963653564,0.4344489276409149,0.5318372845649719,0.480522483587265,0.3530634343624115,hiphop
215.33203125,0.08464938913863108,1687.9309171434163,-319.0247802734375,115.67261505126953,-23.03746223449707,52.5950927734375,-12.811131477355957,14.634926795959473,-8.212763786315918,0.3054489195346832,-23.86931037902832,10.836662292480469,-9.588440895080566,7.476500511169434,-4.249779224395752,0.2146320790052414,0.25515323877334595,0.26313936710357666,0.21949079632759094,0.30173230171203613,0.21713458001613617,0.14855597913265228,0.12632490694522858,0.22517521679401398,0.3488115668296814,0.28883588314056396,0.21226276457309723,jazz
99.38401442307692,0.05871157192575406,1490.683575771141,-202.88803100585938,132.3721466064453,12.01728343963623,43.7468147277832,-10.215272903442383,17.12158203125,-13.547270774841309,15.044367790222168,-16.24814796447754,9.423360824584961,-11.636702537536621,7.048088073730469,-4.321259021759033,0.39225029945373535,0.40130382776260376,0.41632816195487976,0.3756684362888336,0.3437180519104004,0.3709711730480194,0.30665504932403564,0.28789690136909485,0.361844927072525,0.46989205479621887,0.6071159839630127,0.5172948241233826,hiphop
95.703125,0.07884288295146945,2169.6559456996456,-177.44117736816406,98.3211669921875,14.72994327545166,21.14199447631836,14.945245742797852,10.197005271911621,4.980916976928711,0.8440800309181213,4.833774089813232,6.865349292755127,3.5423429012298584,-0.3503009080886841,0.5797670483589172,0.36467891931533813,0.4167974293231964,0.5463567972183228,0.43198758363723755,0.2935434877872467,0.3000137507915497,0.3315110206604004,0.4321035146713257,0.29553911089897156,0.3549221158027649,0.38421204686164856,0.3261389136314392,reggae
86.1328125,0.15372966816511988,2807.8057561673,-78.6478042602539,80.88358306884766,-24.585786819458008,47.03044509887695,-23.74613380432129,27.425704956054688,-17.417694091796875,22.277847290039062,-13.530479431152344,21.572742462158203,-11.101341247558594,15.585339546203613,-9.702446937561035,0.46133360266685486,0.6036805510520935,0.4981370270252228,0.4968551695346832,0.49481603503227234,0.48822611570358276,0.49296835064888,0.44580313563346863,0.5254522562026978,0.4065748453140259,0.40684598684310913,0.4402085840702057,metal
80.74951171875,0.09586928412606342,2503.5410170407163,-141.47613525390625,70.87621307373047,-0.5249314904212952,33.5633659362793,1.429835557937622,-9.165380477905273,0.7725241184234619,0.5435523986816406,-9.180862426757812,-2.5613811016082764,4.068378448486328,-2.2332980632781982,-0.6956007480621338,0.2722291946411133,0.23656657338142395,0.3434000313282013,0.2709364891052246,0.3795444965362549,0.3355482816696167,0.2376631498336792,0.22653162479400635,0.22458893060684204,0.3015534281730652,0.1869894117116928,0.17758697271347046,jazz
86.1328125,0.0993631573859242,1797.2434967059141,-175.11410522460938,116.63851165771484,-55.12106704711914,59.89545440673828,1.9730685949325562,1.093350887298584,14.589569091796875,-3.2228152751922607,2.7886486053466797,5.700029373168945,-1.8436574935913086,7.875682830810547,0.4008883833885193,0.3875596821308136,0.31915947794914246,0.42441973090171814,0.41093483567237854,0.5093420147895813,0.46303555369377136,0.4142913818359375,0.48565196990966797,0.38939180970191956,0.3298857808113098,0.28237539529800415,0.3351534605026245,reggae
89.10290948275862,0.14555350625966745,3682.7414342574343,-80.3970718383789,35.97154235839844,20.43450927734375,26.347640991210938,17.400066375732422,4.578968048095703,13.495072364807129,3.6207120418548584,7.326969623565674,5.4819111824035645,3.9622955322265625,5.320307731628418,3.540330648422241,0.45166632533073425,0.4741785526275635,0.4499627947807312,0.5491666793823242,0.4755012094974518,0.39702263474464417,0.3794761598110199,0.4539107084274292,0.6138721704483032,0.5616927146911621,0.4454694092273712,0.4268381595611572,pop
69.83741554054055,0.09404153373936582,1832.0115969728517,-177.80174255371094,118.20316314697266,-17.570629119873047,30.760927200317383,-21.7425537109375,11.919262886047363,-20.734298706054688,3.185288190841675,-8.580818176269531,-0.9328851103782654,-11.772245407104492,-2.408763885498047,-9.348445892333984,0.23832274973392487,0.30023741722106934,0.6171864867210388,0.2357410490512848,0.12398714572191238,0.24376851320266724,0.2796512544155121,0.41129279136657715,0.2439858466386795,0.28553324937820435,0.2843368649482727,0.36621910333633423,blues
123.046875,0.13140618957849962,2238.5348872355758,-97.90475463867188,101.02156066894531,-40.56285095214844,51.033695220947266,-11.708700180053711,25.06258773803711,-14.040237426757812,17.196807861328125,-9.614368438720703,16.974563598632812,-7.166897773742676,11.722058296203613,-5.717738628387451,0.4983633756637573,0.34214186668395996,0.4761146306991577,0.3106282949447632,0.36029040813446045,0.4031832814216614,0.3536350429058075,0.5766759514808655,0.3634948134422302,0.40897756814956665,0.30134186148643494,0.38084468245506287,disco
143.5546875,0.1428334058391338,2459.520891914009,-15.672693252563477,100.0849609375,-37.59761047363281,45.951026916503906,-20.771991729736328,25.64026641845703,-18.628997802734375,26.507003784179688,-20.16448211669922,21.11976432800293,-13.650189399719238,10.966075897216797,-15.52978515625,0.3754260838031769,0.37975800037384033,0.4606219530105591,0.4122034013271332,0.47891318798065186,0.5263028740882874,0.45215973258018494,0.5773600339889526,0.5505326986312866,0.5035445690155029,0.44408848881721497,0.37679776549339294,rock
135.99917763157896,0.16203007178074247,3347.8914159725437,-23.554235458374023,57.342735290527344,6.998447895050049,16.5434513092041,5.511960983276367,11.862945556640625,1.6884781122207642,5.461319446563721,2.751831293106079,7.338019847869873,1.9618067741394043,1.2653591632843018,-2.344999074935913,0.5258702039718628,0.40978294610977173,0.4497814178466797,0.32549765706062317,0.4004135727882385,0.49463504552841187,0.37503260374069214,0.5291292071342468,0.4242803454399109,0.5326157808303833,0.3644983470439911,0.38581225275993347,disco
151.99908088235293,0.07740447360788863,1907.6056942036873,-170.86712646484375,107.73832702636719,-1.7606594562530518,46.44626235961914,-0.1945246160030365,24.937530517578125,-10.676094055175781,18.083887100219727,-10.790390014648438,11.160346984863281,-7.255221843719482,6.207867622375488,-6.469770908355713,0.4152703285217285,0.36248552799224854,0.41755470633506775,0.39484572410583496,0.44183242321014404,0.4119439721107483,0.3175900876522064,0.31313061714172363,0.33323076367378235,0.5299214124679565,0.42169126868247986,0.3774344027042389,reggae
151.99908088235293,0.06751573980085074,1725.6171874007612,-168.13131713867188,108.28004455566406,-14.153984069824219,30.439228057861328,3.8875532150268555,4.680405139923096,3.1929495334625244,1.9267526865005493,-1.1429433822631836,0.2342340648174286,-5.252840518951416,-2.5567290782928467,-7.226263523101807,0.39287564158439636,0.23982775211334229,0.177088662981987,0.1677650660276413,0.24662479758262634,0.35940420627593994,0.25529590249061584,0.3614374101161957,0.3392854630947113,0.2521795332431793,0.3142271637916565,0.3225332200527191,jazz
112.34714673913044,0.15141816814095127,2455.249157769272,-197.21649169921875,83.34770202636719,-38.580997467041016,43.67588806152344,-7.302443504333496,25.634618759155273,-8.659459114074707,13.366768836975098,-12.161141395568848,12.14454460144043,-12.045272827148438,10.619483947753906,-2.3993301391601562,0.47936123609542847,0.5560317635536194,0.49441686272621155,0.4271849989891052,0.4394970238208771,0.398348331451416,0.4718463122844696,0.4277595281600952,0.5221761465072632,0.561690628528595,0.6588279008865356,0.6061527132987976,disco
135.99917763157896,0.07877792983855375,1516.848913603582,-292.0929870605469,127.7622299194336,-29.910951614379883,37.43417739868164,-9.569950103759766,5.109292030334473,-13.82546329498291,7.040885925292969,-7.033254623413086,6.498644828796387,-9.904662132263184,4.7110419273376465,0.36506906151771545,0.47982317209243774,0.20529712736606598,0.22564037144184113,0.1686953902244568,0.17334239184856415,0.32570838928222656,0.17470213770866394,0.24690523743629456,0.19397446513175964,0.3135334253311157,0.3427774906158447,0.20646201074123383,classical
143.5546875,0.08184394334880124,1137.8827996451196,-349.9482727050781,161.85740661621094,-3.369462251663208,14.163237571716309,5.731614589691162,3.5070765018463135,2.973919153213501,-7.0916595458984375,-7.915771007537842,-0.36118283867836,2.8649027347564697,-2.4754703044891357,-6.782114028930664,0.2587205171585083,0.15503045916557312,0.4030318856239319,0.14624670147895813,0.36034151911735535,0.4155054986476898,0.21998651325702667,0.3773576617240906,0.17043109238147736,0.3739582598209381,0.11160647869110107,0.1950657218694687,classical
112.34714673913044,0.12735455034319412,3151.3426232441357,-45.02928161621094,69.75469970703125,11.873838424682617,8.160096168518066,12.59626293182373,7.7551703453063965,11.303385734558105,0.25089406967163086,9.658153533935547,2.805539608001709,3.8566477298736572,-0.8445407748222351,2.099679946899414,0.3920711874961853,0.4281582832336426,0.5237887501716614,0.3855544328689575,0.36622679233551025,0.4331128001213074,0.4440559148788452,0.5912672281265259,0.43726691603660583,0.4134067893028259,0.4219754934310913,0.364004522562027,pop
117.45383522727273,0.06370465366395979,1243.6691621009502,-315.7878112792969,149.66810607910156,-30.549936294555664,23.21352195739746,-8.68628978729248,-10.101966857910156,-15.724106788635254,-4.040028095245361,-7.639376640319824,0.046328186988830566,-11.144776344299316,-7.673778057098389,-5.867612838745117,0.25737813115119934,0.19094178080558777,0.3932623863220215,0.3089241683483124,0.17858831584453583,0.2807726562023163,0.22993789613246918,0.3681293725967407,0.33378052711486816,0.2960907220840454,0.31523051857948303,0.187417671084404,classical
112.34714673913044,0.17634505812548337,2847.3774256059246,-95.26956939697266,82.22648620605469,-26.23598861694336,37.5103759765625,-16.362791061401367,25.288150787353516,-21.807662963867188,21.80565643310547,-20.065622329711914,16.303895950317383,-16.12240982055664,14.43095588684082,-11.909069061279297,0.38438427448272705,0.3990078270435333,0.649864137172699,0.35055479407310486,0.40919601917266846,0.5110660791397095,0.44865334033966064,0.621006429195404,0.3440902829170227,0.36890295147895813,0.4468660354614258,0.42242786288261414,disco
64.599609375,0.0592791563950116,1553.0252624967882,-204.6436767578125,121.9170913696289,-17.759082794189453,46.32515335083008,-1.8045662641525269,17.017440795898438,-14.691548347473145,14.671546936035156,-19.392051696777344,10.927665710449219,-13.475390434265137,1.1953375339508057,-6.209474563598633,0.22538937628269196,0.12675166130065918,0.10140568763017654,0.2287483960390091,0.3806268870830536,0.2788078784942627,0.29369187355041504,0.24616970121860504,0.40156903862953186,0.3786022663116455,0.27411210536956787,0.35993337631225586,country
99.38401442307692,0.10436530234918794,2321.8879492685483,-120.41706848144531,95.35442352294922,-6.025269985198975,25.163818359375,20.95363426208496,-7.127004623413086,8.549671173095703,2.433668851852417,-14.656026840209961,9.286930084228516,-2.3609254360198975,-3.1556684970855713,0.6114374399185181,0.42542564868927,0.2990857660770416,0.2939600944519043,0.27789580821990967,0.46206942200660706,0.5493124723434448,0.33836913108825684,0.38342049717903137,0.3336299657821655,0.42962443828582764,0.3954797685146332,0.32228899002075195,country
89.10290948275862,0.14395686811194897,2739.501165243808,-62.134620666503906,75.87378692626953,-26.72933006286621,18.28122901916504,2.4590399265289307,5.833554267883301,11.579477310180664,0.010207032784819603,8.693243026733398,5.515676498413086,-0.24614883959293365,2.3988749980926514,-1.7415359020233154,0.47132739424705505,0.509697675704956,0.4779224097728729,0.41430920362472534,0.4128201901912689,0.31021761894226074,0.35106831789016724,0.4822908341884613,0.41952794790267944,0.5122475028038025,0.3372853100299835,0.34401559829711914,rock
161.4990234375,0.1025643835864938,2174.1604935047117,-57.759788513183594,95.7664794921875,-10.109318733215332,40.979637145996094,13.979035377502441,-0.9898583292961121,-0.18847127258777618,7.425077438354492,-3.6333374977111816,9.54513931274414,-2.9410641193389893,2.436251163482666,1.9947803020477295,0.30632686614990234,0.3565916419029236,0.6214753985404968,0.34400612115859985,0.33014705777168274,0.23276834189891815,0.3699313998222351,0.5071029663085938,0.37883710861206055,0.4702664315700531,0.2734431326389313,0.3329557180404663,country
123.046875,0.07374708466260634,1708.9705332649198,-177.2835693359375,110.98926544189453,-15.664685249328613,36.7674560546875,0.05347680300474167,24.459619522094727,-3.758826732635498,18.421552658081055,-3.356894016265869,13.789158821105957,-2.092427968978882,8.603011131286621,-5.94291353225708,0.3644011616706848,0.299287885427475,0.4167633354663849,0.36611804366111755,0.4444214701652527,0.38237378001213074,0.32411476969718933,0.42601659893989563,0.36670687794685364,0.3340183198451996,0.271505206823349,0.3537263572216034,reggae
143.5546875,0.059544633362335654,1436.1116636001782,-148.53709411621094,141.28717041015625,-15.904905319213867,44.66475296020508,0.9870617985725403,13.670252799987793,-13.241114616394043,12.654531478881836,-11.70802116394043,12.162337303161621,-10.482789993286133,9.917887687683105,-5.069251537322998,0.2700067460536957,0.3418865501880646,0.24118497967720032,0.3190731108188629,0.3975410461425781,0.2486249804496765,0.2892288267612457,0.25571122765541077,0.43294647336006165,0.3562373220920563,0.2815917730331421,0.3875526487827301,country
129.19921875,0.1282435016676334,2398.182089992321,-36.52052688598633,94.80007934570312,-36.59345626831055,54.99103927612305,-8.21615219116211,29.66417694091797,-13.687590599060059,28.703134536743164,-11.987736701965332,19.36151695251465,-15.656161308288574,13.932657241821289,-11.961837768554688,0.42405009269714355,0.3960210680961609,0.42175084352493286,0.47817230224609375,0.45384591817855835,0.4856145977973938,0.40059784054756165,0.38893720507621765,0.567242443561554,0.6243738532066345,0.5928162932395935,0.4659338891506195,metal
123.046875,0.08445301926237432,2009.7625946802295,-175.5784912109375,104.87787628173828,-15.688772201538086,27.520797729492188,-8.110774040222168,24.028858184814453,-10.312877655029297,18.851533889770508,-8.380903244018555,11.850701332092285,-7.579115867614746,12.561644554138184,-6.039825916290283,0.3541826605796814,0.48644009232521057,0.33248549699783325,0.2907428741455078,0.41026878356933594,0.3681209087371826,0.41583144664764404,0.37915298342704773,0.4877445697784424,0.5609498023986816,0.3908856213092804,0.34547725319862366,reggae
143.5546875,0.12158920630317092,3109.7327645271375,-141.76858520507812,44.18373489379883,21.729690551757812,43.29262924194336,21.7321720123291,11.185504913330078,3.5456061363220215,15.014225959777832,-1.7388556003570557,6.430994987487793,6.913938522338867,0.7089670896530151,3.9630043506622314,0.5133218765258789,0.42924532294273376,0.4195035398006439,0.3653595447540283,0.383648544549942,0.3782786726951599,0.36201754212379456,0.4293335974216461,0.3877841532230377,0.43389374017715454,0.39842894673347473,0.40787214040756226,reggae
107.666015625,0.04948709698859242,1170.256219376788,-449.5513000488281,151.49676513671875,-12.753422737121582,44.25980758666992,6.250194072723389,4.054498672485352,-1.4762169122695923,-1.6236227750778198,-2.486520528793335,-4.285675525665283,-9.663298606872559,-1.3531811237335205,0.13567714393138885,0.5364035964012146,0.6131533980369568,0.22302743792533875,0.15458235144615173,0.1213168352842331,0.22327427566051483,0.2529378831386566,0.25962987542152405,0.2832823395729065,0.19475384056568146,0.3753903806209564,0.19437603652477264,classical
99.38401442307692,0.15234903688128384,2657.9674957731663,-75.01481628417969,81.18275451660156,-20.20418930053711,68.3038330078125,-11.353894233703613,23.656469345092773,-19.828418731689453,24.192089080810547,-13.16445541381836,22.281841278076172,-11.55250072479248,13.555419921875,-15.050374984741211,0.40118521451950073,0.4065289795398712,0.4494568407535553,0.45470166206359863,0.4789334833621979,0.48735830187797546,0.602619469165802,0.5714330077171326,0.5524833798408508,0.5312257409095764,0.5052794814109802,0.5108862519264221,metal
92.28515625,0.14650325671887085,3267.766911666797,-15.759889602661133,59.259124755859375,-1.6016734838485718,12.559829711914062,8.738308906555176,3.9566614627838135,2.043591022491455,4.2241692543029785,4.979794502258301,2.8969738483428955,2.3294625282287598,1.9885528087615967,1.715372085571289,0.32095786929130554,0.44713714718818665,0.33713796734809875,0.410076379776001,0.48883339762687683,0.36075034737586975,0.40534088015556335,0.35647812485694885,0.5366020202636719,0.43664681911468506,0.3574898838996887,0.3504827618598938,pop
95.703125,0.07118068143368136,1659.5913676703003,-132.39337158203125,124.6791763305664,-9.692770004272461,46.4520263671875,-6.30609130859375,30.534198760986328,-11.145722389221191,20.40423583984375,-11.221900939941406,9.368879318237305,-5.829723834991455,7.818747520446777,-8.726417541503906,0.3763304054737091,0.3590044379234314,0.30489954352378845,0.28892257809638977,0.41221123933792114,0.31452885270118713,0.2895863354206085,0.24191522598266602,0.3268907964229584,0.48151707649230957,0.37272942066192627,0.37837469577789307,rock
123.046875,0.07027624709976799,1995.2769651140734,-198.73211669921875,102.4083251953125,-9.996929168701172,30.804916381835938,-3.2927677631378174,20.27937126159668,-5.631608009338379,28.096033096313477,-11.504985809326172,18.203847885131836,-7.360594749450684,12.280452728271484,-4.362416744232178,0.47119882702827454,0.40684735774993896,0.5343433618545532,0.4536541700363159,0.48018038272857666,0.3232205808162689,0.36757463216781616,0.3792979419231415,0.33285510540008545,0.3857031464576721,0.3970566689968109,0.49019065499305725,reggae
103.359375,0.11988569762664346,2414.1618650276037,-123.67156982421875,94.75337982177734,-9.552752494812012,53.266990661621094,-13.762558937072754,17.746736526489258,-19.21525764465332,25.295883178710938,-18.70551109313965,15.396703720092773,-12.51217269897461,9.378815650939941,-11.606868743896484,0.32085755467414856,0.39524176716804504,0.4075755476951599,0.29610395431518555,0.31815043091773987,0.33786261081695557,0.5191282629966736,0.4103847146034241,0.41833212971687317,0.4855271577835083,0.38578593730926514,0.4204901158809662,rock
112.34714673913044,0.1909561098221191,3889.1427979836844,-52.58420181274414,37.492366790771484,14.082900047302246,18.178388595581055,16.777841567993164,5.952136993408203,6.420661449432373,2.6906490325927734,-0.44427061080932617,3.2166364192962646,-3.943319797515869,1.6200884580612183,0.31675970554351807,0.37904974818229675,0.3872392773628235,0.5467228889465332,0.48812633752822876,0.5031338334083557,0.42617088556289673,0.42225801944732666,0.5205479860305786,0.3969188332557678,0.41296300292015076,0.4191513955593109,0.46411019563674927,pop
123.046875,0.099600311774942,1545.8301777915788,-190.61761474609375,144.0196075439453,-28.387868881225586,33.796573638916016,-1.2907629013061523,-2.298157215118408,-5.647254467010498,-3.6466972827911377,-10.532907485961914,-2.8500466346740723,-7.704916477203369,-8.587103843688965,-5.302704334259033,0.30893921852111816,0.323661208152771,0.44823095202445984,0.24322658777236938,0.2746896743774414,0.39696288108825684,0.20401781797409058,0.3057272732257843,0.24799610674381256,0.37961986660957336,0.49053213000297546,0.24544879794120789,jazz
123.046875,0.11831247281032482,2875.155262931994,-178.03915405273438,61.93402099609375,1.4865071773529053,36.0452766418457,7.582726955413818,5.154582500457764,-0.90878826379776,2.9489564895629883,1.4483311176300049,2.1402089595794678,5.176123142242432,2.027972936630249,0.5181928277015686,0.46984606981277466,0.4165073037147522,0.4476233422756195,0.38666650652885437,0.3678295612335205,0.3308272659778595,0.3682580590248108,0.42290371656417847,0.31326955556869507,0.4299454391002655,0.38192394375801086,0.3803381025791168,jazz
99.38401442307692,0.08474190956109823,2144.4212945283607,-219.40530395507812,94.6740493774414,12.12384033203125,48.861881256103516,-7.206564426422119,16.640010833740234,-15.078675270080566,21.715749740600586,-19.99355697631836,13.237187385559082,-15.695850372314453,5.0565505027771,-15.275193214416504,0.35406720638275146,0.4548777937889099,0.2854880094528198,0.3053700923919678,0.33953097462654114,0.5425769686698914,0.4853435456752777,0.35739371180534363,0.46141016483306885,0.3516683578491211,0.4260867238044739,0.3009125888347626,disco
107.666015625,0.04564919881090487,1044.7200862613543,-209.33364868164062,167.10169982910156,-20.841472625732422,36.80299758911133,10.272971153259277,3.995864152908325,-5.669880390167236,-4.625789165496826,-6.244420051574707,-4.174177646636963,-6.680476665496826,-3.2626216411590576,-7.968837738037109,0.35796651244163513,0.2297511100769043,0.2272970974445343,0.17803272604942322,0.28875261545181274,0.31486862897872925,0.26844799518585205,0.2988086938858032,0.2846415340900421,0.42782992124557495,0.30738136172294617,0.28709059953689575,country
129.19921875,0.11182509184068058,2128.9326621445252,-114.9353256225586,113.47694396972656,-29.81976890563965,42.611167907714844,-10.305927276611328,26.97817039489746,-14.481592178344727,21.235637664794922,-17.64386558532715,17.091943740844727,-13.474371910095215,8.58603572845459,-11.412158012390137,0.5649431347846985,0.3776799738407135,0.3964923620223999,0.34256792068481445,0.4124644100666046,0.4493533670902252,0.41090282797813416,0.5714749693870544,0.3788788318634033,0.42201969027519226,0.43738430738449097,0.39284205436706543,disco
172.265625,0.09764303279679042,2272.4696393575086,-110.2850341796875,90.71587371826172,-2.5352985858917236,74.06490325927734,-11.763081550598145,39.21094512939453,-13.171311378479004,20.54419708251953,-17.162982940673828,12.813971519470215,-21.43714714050293,5.957196235656738,-8.02690601348877,0.3762999176979065,0.4515623450279236,0.35624080896377563,0.43875375390052795,0.29064688086509705,0.2843315005302429,0.3264366686344147,0.4896584749221802,0.6703285574913025,0.4578566253185272,0.336238294839859,0.2970620393753052,blues
143.5546875,0.11999294578982986,2170.387167840117,-138.14923095703125,101.49220275878906,-35.34273910522461,36.134857177734375,-9.498246192932129,14.763236999511719,-0.23156775534152985,11.52083683013916,-2.100818634033203,3.403310537338257,4.196897029876709,0.13718973100185394,9.018027305603027,0.42389488220214844,0.3918099105358124,0.48466071486473083,0.35971713066101074,0.3490583896636963,0.3757477104663849,0.3548615276813507,0.3993428647518158,0.3306487500667572,0.4787079691886902,0.4069070816040039,0.4313214421272278,reggae
143.5546875,0.1149432188950116,2478.0490603630687,-140.3340301513672,69.64920806884766,-9.967759132385254,52.151145935058594,3.2525928020477295,4.55845308303833,-3.496384620666504,2.917757987976074,-6.563016414642334,-2.655315637588501,-1.7345277070999146,-6.945272445678711,-5.833262920379639,0.4089663624763489,0.32129544019699097,0.3708752989768982,0.30532869696617126,0.3172094523906708,0.389020174741745,0.3489193916320801,0.46874725818634033,0.3485024571418762,0.29395705461502075,0.24559961259365082,0.2913017272949219,reggae
161.4990234375,0.08173216357308585,1278.5184062359635,-319.23529052734375,143.68849182128906,-31.17431640625,10.929482460021973,-5.559395790100098,-4.257987022399902,-8.956228256225586,-5.580583572387695,-8.022720336914062,2.342867851257324,-4.480284690856934,-0.32078662514686584,0.9629119634628296,0.31265079975128174,0.17159560322761536,0.38512083888053894,0.14286379516124725,0.2086106538772583,0.1924358606338501,0.1802845299243927,0.4918081760406494,0.20510073006153107,0.22384171187877655,0.16179707646369934,0.2721235156059265,classical
117.45383522727273,0.13647177711716937,2645.7246950388817,-52.707645416259766,74.4546127319336,-18.709468841552734,56.29268264770508,-3.956631660461426,31.99110221862793,-16.460792541503906,22.406429290771484,-12.258079528808594,27.22262954711914,-9.239789962768555,7.799892902374268,-10.568794250488281,0.3257865905761719,0.2637314796447754,0.3800869286060333,0.30828386545181274,0.3169635832309723,0.5363515019416809,0.3259638547897339,0.39812609553337097,0.277789443731308,0.42794886231422424,0.4769580662250519,0.3490239083766937,blues
103.359375,0.04801998743232792,1115.5894796268244,-248.9888153076172,139.0577392578125,-16.270870208740234,57.13714599609375,20.188508987426758,10.186956405639648,4.542910575866699,0.33107179403305054,-7.874578475952148,-3.4545717239379883,-2.6574361324310303,-2.8329575061798096,-0.9046584367752075,0.2911837100982666,0.22086824476718903,0.2587514817714691,0.17773188650608063,0.21091914176940918,0.3096267580986023,0.16718783974647522,0.10157466679811478,0.16208432614803314,0.3374146521091461,0.5993866920471191,0.47659966349601746,blues
123.046875,0.039961269818252126,1318.6118508553814,-255.96311950683594,110.83973693847656,21.4660701751709,67.55891418457031,4.295572757720947,43.09500503540039,-4.502763748168945,10.435256958007812,-8.718684196472168,1.650306224822998,-20.581207275390625,-2.4358413219451904,-7.1460280418396,0.2747995853424072,0.36551302671432495,0.3468473255634308,0.328998327255249,0.21967780590057373,0.23847559094429016,0.18782435357570648,0.17453855276107788,0.21840068697929382,0.25680091977119446,0.4224075675010681,0.29683345556259155,blues
92.28515625,0.13354284488592422,3123.715745645115,-74.10668182373047,57.9962043762207,9.13595962524414,29.254283905029297,12.531282424926758,-0.18686547875404358,0.15999461710453033,1.368849754333496,-5.089509963989258,1.3554950952529907,2.846723794937134,-1.5618767738342285,0.8844494223594666,0.4421881437301636,0.5115274786949158,0.41174307465553284,0.4362110495567322,0.4281683564186096,0.43328502774238586,0.3535793423652649,0.3859594762325287,0.44159838557243347,0.31841716170310974,0.2880427837371826,0.2963624894618988,reggae
89.10290948275862,0.047179750942575406,1282.1973339054578,-140.46417236328125,149.3004913330078,-10.073524475097656,38.78474426269531,1.53509521484375,20.12026596069336,-11.341879844665527,16.292198181152344,-13.255261421203613,10.18355941772461,-9.257682800292969,4.699765205383301,-8.370977401733398,0.40850192308425903,0.3421114385128021,0.36756250262260437,0.2899218797683716,0.5177228450775146,0.5221739411354065,0.3334273397922516,0.31746259331703186,0.355701744556427,0.3659900426864624,0.20820142328739166,0.28072845935821533,rock
99.38401442307692,0.0717101248308198,1877.9683471767157,-130.98306274414062,111.02361297607422,-2.1509993076324463,41.78348159790039,-3.2020328044891357,34.655052185058594,-17.609729766845703,19.878576278686523,-9.14621353149414,14.884944915771484,-6.846542835235596,9.204596519470215,-6.970772743225098,0.4653538763523102,0.3955734968185425,0.4529455900192261,0.3480667173862457,0.29389849305152893,0.2657192647457123,0.2999832332134247,0.42271921038627625,0.33095625042915344,0.3962221145629883,0.29653990268707275,0.3279906213283539,rock
71.77734375,0.10894638498163187,1526.6289318249846,-326.8974304199219,127.40060424804688,-30.596176147460938,37.471397399902344,-5.296175479888916,20.81356430053711,-1.778685450553894,-4.615456581115723,-4.040198802947998,5.242275238037109,-0.6424486637115479,2.794567346572876,7.229206085205078,0.3340000808238983,0.13985668122768402,0.34869304299354553,0.2535521686077118,0.2600843608379364,0.26660773158073425,0.20028217136859894,0.3221641480922699,0.11452201753854752,0.20057934522628784,0.16780023276805878,0.20250611007213593,classical
117.45383522727273,0.14967274204853054,2606.2611466468375,-87.9643783569336,93.53565216064453,-23.224027633666992,48.12346649169922,-21.444711685180664,27.754806518554688,-20.335535049438477,18.751483917236328,-15.218708038330078,16.133468627929688,-21.412179946899414,10.867748260498047,-12.026507377624512,0.3470088243484497,0.2905564308166504,0.3626333773136139,0.4444037079811096,0.2972122132778168,0.4063667953014374,0.27563178539276123,0.4145561754703522,0.3444989323616028,0.3092120289802551,0.5575548410415649,0.37362152338027954,rock
161.4990234375,0.0721379845804331,1360.1636476762342,-289.74127197265625,143.90283203125,-27.002756118774414,24.06556510925293,-1.1469277143478394,-6.300431728363037,-2.7458789348602295,-3.5241739749908447,-3.016345739364624,-3.146998643875122,-7.264606952667236,-1.6910163164138794,3.0758981704711914,0.2773732841014862,0.13728244602680206,0.30251172184944153,0.1472727358341217,0.2124795764684677,0.44970688223838806,0.14754922688007355,0.13920794427394867,0.10035689175128937,0.31572723388671875,0.43988537788391113,0.17940305173397064,classical
151.99908088235293,0.06084407325502707,2112.968318838473,-265.698486328125,80.6396255493164,9.737632751464844,36.64745330810547,27.827783584594727,12.08629322052002,15.011353492736816,15.113030433654785,6.559152603149414,6.2827467918396,7.484470844268799,5.643650531768799,4.348831653594971,0.37867873907089233,0.3678451478481293,0.31679272651672363,0.31937581300735474,0.41642484068870544,0.5002654194831848,0.6848886609077454,0.5938625335693359,0.45722696185112,0.4381996989250183,0.412423700094223,0.4531981647014618,reggae
117.45383522727273,0.06336251691802011,1854.6319159219006,-219.79693603515625,100.83246612548828,-1.4313541650772095,41.2765007019043,-0.9436150193214417,23.37851905822754,-11.509499549865723,20.01531410217285,-15.975561141967773,13.942784309387207,-7.988525867462158,5.734378814697266,-6.879344940185547,0.36976757645606995,0.28167861700057983,0.40936779975891113,0.34258562326431274,0.3490108251571655,0.28343120217323303,0.2539040744304657,0.38478517532348633,0.29539406299591064,0.2732140123844147,0.24136000871658325,0.2518773674964905,jazz
129.19921875,0.048048310010634185,1739.1187830723618,-163.24342346191406,89.7838363647461,12.974767684936523,80.69834899902344,3.663784980773926,39.734092712402344,-5.409265995025635,26.490928649902344,-13.169032096862793,2.7055442333221436,-20.547697067260742,6.011404991149902,-2.9064910411834717,0.4138147234916687,0.3768790662288666,0.32688087224960327,0.3764837384223938,0.31558510661125183,0.28809085488319397,0.36018621921539307,0.4306950867176056,0.544673502445221,0.5705837607383728,0.6343094706535339,0.5180447697639465,blues
61.5234375,0.14432166292053364,2390.3250702324603,-135.48129272460938,93.34420013427734,-43.3029670715332,59.23185729980469,-8.526451110839844,20.959758758544922,-6.542695999145508,21.90274429321289,-18.982999801635742,17.05289649963379,-15.888565063476562,11.074281692504883,-18.49104118347168,0.38055282831192017,0.41361019015312195,0.43982744216918945,0.4558345377445221,0.5282869338989258,0.40460413694381714,0.3977140486240387,0.49244335293769836,0.41864877939224243,0.4784533977508545,0.3570343852043152,0.39745762944221497,metal
83.35433467741936,0.07416238114009939,2308.811438098025,-120.3051986694336,79.22588348388672,5.229386329650879,34.5482177734375,16.506736755371094,13.129608154296875,6.345089435577393,9.962078094482422,-2.00150728225708,6.810066223144531,-6.352068901062012,0.22815078496932983,-6.812808513641357,0.2632969319820404,0.3307700753211975,0.2521613538265228,0.25248005986213684,0.3602123558521271,0.2617184817790985,0.22777993977069855,0.2216861993074417,0.3736513555049896,0.4660134017467499,0.29311904311180115,0.26204749941825867,country
123.046875,0.19837511480085074,3715.1863608882204,-20.493900299072266,53.69212341308594,5.980858325958252,10.135650634765625,17.066591262817383,9.531476974487305,4.618680477142334,6.399700164794922,-0.33616524934768677,1.7284749746322632,3.6760637760162354,-0.7774311900138855,-5.8819684982299805,0.4188971519470215,0.4984923005104065,0.6146534085273743,0.5235768556594849,0.45308932662010193,0.4647543430328369,0.4560588300228119,0.57709139585495,0.4764770567417145,0.45104584097862244,0.4745238423347473,0.38870376348495483,disco
161.4990234375,0.12120930611948956,2335.089633019832,-50.792259216308594,96.71365356445312,-24.32533073425293,66.08502960205078,-14.70022964477539,24.393627166748047,-21.029590606689453,12.470781326293945,-18.1508846282959,13.26036548614502,-12.81322193145752,9.800076484680176,-11.347793579101562,0.2709380090236664,0.2866821885108948,0.47188690304756165,0.40748849511146545,0.4517950713634491,0.26802006363868713,0.3680974245071411,0.5437890887260437,0.4019443988800049,0.3756677210330963,0.2692086100578308,0.3297751545906067,country
103.359375,0.09830917983855375,2200.1104645288874,-94.94584655761719,94.21479797363281,-2.5425851345062256,49.543235778808594,-6.608905792236328,33.22038269042969,-7.631567001342773,20.948034286499023,-8.870919227600098,16.786115646362305,-5.258269309997559,10.7630615234375,-3.474364995956421,0.6223043203353882,0.5301128625869751,0.5406934022903442,0.5957190990447998,0.6398892402648926,0.6359426379203796,0.5602840185165405,0.480814665555954,0.44367262721061707,0.46527206897735596,0.5595353841781616,0.6528237462043762,hiphop
123.046875,0.0648764531370843,2144.867078927163,-189.1540069580078,93.94434356689453,7.849922180175781,41.894195556640625,-7.111259460449219,31.876928329467773,-12.59196949005127,24.20943260192871,-6.070887088775635,24.529634475708008,-6.031068801879883,16.755128860473633,-2.0233445167541504,0.6106061935424805,0.44274458289146423,0.36713534593582153,0.2938362658023834,0.3623236119747162,0.3751436471939087,0.381573349237442,0.45183560252189636,0.289554625749588,0.25123170018196106,0.31273525953292847,0.5213061571121216,disco
112.34714673913044,0.07328712599091261,1796.7119762329241,-101.29830169677734,120.43597412109375,-0.4128374457359314,49.037689208984375,-15.870199203491211,19.877580642700195,-13.096619606018066,18.572925567626953,-15.718033790588379,15.243731498718262,-5.916707992553711,6.655968189239502,-10.362752914428711,0.32264024019241333,0.21286579966545105,0.3185804784297943,0.5221744775772095,0.3462890386581421,0.41033732891082764,0.28657209873199463,0.31664031744003296,0.26905032992362976,0.29502129554748535,0.5648796558380127,0.31370997428894043,country
135.99917763157896,0.10695209783449343,2218.825904089443,-45.85560607910156,107.99908447265625,-11.737645149230957,66.3268814086914,-30.206829071044922,9.242657661437988,-25.77802276611328,21.8715763092041,-17.935884475708008,10.272775650024414,-14.11247444152832,18.74616050720215,-14.231650352478027,0.2588634192943573,0.39178112149238586,0.3178071081638336,0.39597687125205994,0.6101874113082886,0.3188948631286621,0.24973136186599731,0.25602129101753235,0.43996405601501465,0.6745204925537109,0.3070559799671173,0.21916596591472626,metal
172.265625,0.13911899410286155,2511.714306230509,-202.2234344482422,75.23143005371094,-14.236296653747559,66.30633544921875,-8.28785228729248,24.383792877197266,-16.236677169799805,17.128633499145508,-21.28603172302246,3.9629781246185303,-19.76038932800293,0.4826735258102417,-4.509063720703125,0.29787856340408325,0.33777666091918945,0.37377282977104187,0.2970290780067444,0.38311079144477844,0.24060963094234467,0.3005244731903076,0.3419201374053955,0.43117499351501465,0.5823076963424683,0.38493284583091736,0.444484144449234,rock
112.34714673913044,0.1283081334879495,2807.9125120088343,-23.201923370361328,71.15686798095703,1.5760129690170288,24.43892478942871,16.319950103759766,4.576766490936279,-3.885664224624634,17.993045806884766,-3.3505053520202637,2.4355409145355225,2.915714979171753,0.8152115345001221,-1.1092839241027832,0.38722193241119385,0.3239738345146179,0.4794762134552002,0.41007283329963684,0.4554080367088318,0.6417345404624939,0.4221310615539551,0.4380606710910797,0.2958625257015228,0.3834453523159027,0.48703813552856445,0.3348093628883362,country
107.666015625,0.09522957149071926,1751.5809593775805,-367.07080078125,112.81916046142578,-18.745601654052734,10.175581932067871,-1.6043580770492554,3.799531936645508,0.9256811738014221,5.063905715942383,-5.370904445648193,-9.51462459564209,-8.494093894958496,-1.7862540483474731,1.287040114402771,0.39460480213165283,0.21213394403457642,0.36819881200790405,0.20349739491939545,0.21090398728847504,0.23706947267055511,0.14349141716957092,0.30546411871910095,0.2085469365119934,0.24783095717430115,0.3078763484954834,0.2069156914949417,classical
161.4990234375,0.12693159984048724,2411.5244663469507,-186.65797424316406,86.64906311035156,-15.726743698120117,14.733743667602539,-2.2077507972717285,6.2551727294921875,-0.8924627304077148,0.6554031372070312,-6.094046592712402,-5.222849369049072,-7.879543781280518,-1.7255487442016602,-4.700312614440918,0.4450674057006836,0.34220802783966064,0.3832675814628601,0.3518494963645935,0.3969426453113556,0.39336439967155457,0.33778610825538635,0.3311169445514679,0.3096737265586853,0.4606698453426361,0.5096737742424011,0.3932878375053406,classical
151.99908088235293,0.03690734060808198,1247.5800479447862,-200.1853790283203,116.34859466552734,17.990737915039062,25.287694931030273,0.2871708273887634,24.19377326965332,-22.253931045532227,11.182933807373047,-26.854318618774414,-7.637254238128662,-24.876745223999023,-12.010828971862793,-17.02494239807129,0.26551851630210876,0.13945214450359344,0.13098149001598358,0.14862848818302155,0.2569226622581482,0.5004205107688904,0.27031177282333374,0.12934014201164246,0.17691464722156525,0.24980735778808594,0.3171377182006836,0.21448472142219543,blues
161.4990234375,0.048334934503093584,812.1207958821843,-477.9434814453125,155.32089233398438,12.760221481323242,5.531442642211914,2.384131669998169,-10.652273178100586,-16.651351928710938,-12.546622276306152,-11.187110900878906,-9.374713897705078,-3.2156121730804443,-2.7692902088165283,-6.477841377258301,0.1746213734149933,0.09397804737091064,0.2828889787197113,0.4023955464363098,0.19133815169334412,0.3296639919281006,0.19870734214782715,0.19234998524188995,0.275300532579422,0.16432103514671326,0.15872010588645935,0.1637982428073883,classical
123.046875,0.1643124669216705,2801.719944106093,-32.56987762451172,65.03629302978516,-26.761167526245117,30.30056381225586,5.6973371505737305,11.660782814025879,-2.227686882019043,10.421781539916992,-2.3734118938446045,5.365474224090576,-3.878614664077759,-0.8631799221038818,-0.21064341068267822,0.42070329189300537,0.49952271580696106,0.3979951739311218,0.4463774859905243,0.38258352875709534,0.515753448009491,0.4917931854724884,0.41706299781799316,0.577190637588501,0.456804484128952,0.45252156257629395,0.3931783437728882,disco
143.5546875,0.103432186901341,2827.4503871683432,-100.84442138671875,64.22758483886719,12.814460754394531,26.545551300048828,12.65839958190918,12.176755905151367,2.396233081817627,18.4956111907959,1.5657250881195068,12.027026176452637,-1.552072286605835,6.710306644439697,3.873631238937378,0.5865859389305115,0.48768937587738037,0.39753231406211853,0.333141952753067,0.343432754278183,0.38759517669677734,0.48245060443878174,0.5347706079483032,0.6560824513435364,0.7556759715080261,0.7174618244171143,0.6717328429222107,hiphop
135.99917763157896,0.17988877912316317,2789.433630096567,-28.094532012939453,84.01356506347656,-43.699222564697266,47.96339797973633,-22.446866989135742,19.900108337402344,-25.177614212036133,24.784860610961914,-13.102411270141602,24.66082191467285,-16.402719497680664,17.54640007019043,-15.407458305358887,0.4355231821537018,0.4749357998371124,0.3989548981189728,0.5687668919563293,0.5168755650520325,0.5312192440032959,0.5243043899536133,0.44109806418418884,0.4855022430419922,0.45264506340026855,0.5774768590927124,0.36562663316726685,metal
123.046875,0.08426080336426914,2489.447357851833,-104.46266174316406,86.86334228515625,28.752208709716797,26.619091033935547,8.907511711120605,5.665374279022217,7.753581523895264,0.46252959966659546,6.6260905265808105,6.566946983337402,0.37621787190437317,2.1416807174682617,-0.022565163671970367,0.33359575271606445,0.2910044491291046,0.24733801186084747,0.43236416578292847,0.27937421202659607,0.28225281834602356,0.1982409656047821,0.34549617767333984,0.31648775935173035,0.23182182013988495,0.36664891242980957,0.25326526165008545,pop
172.265625,0.048326248912412995,1089.0053435041514,-245.68724060058594,140.4812469482422,-2.7912185192108154,60.40451431274414,18.903512954711914,9.828393936157227,3.563823938369751,0.5228625535964966,-16.378488540649414,6.6293535232543945,7.258424282073975,-4.02123498916626,1.6011250019073486,0.30274367332458496,0.2072666883468628,0.1575661450624466,0.15969352424144745,0.30663740634918213,0.2563744783401489,0.2543010711669922,0.31278470158576965,0.4252115786075592,0.5784972310066223,0.35299789905548096,0.3126504421234131,blues
99.38401442307692,0.06758635742942769,1823.2405420958114,-237.9395294189453,97.7332992553711,6.4867448806762695,45.97126770019531,2.1488120555877686,16.21855926513672,8.811720848083496,7.7636332511901855,-0.5899205207824707,4.483778953552246,0.1491989940404892,3.0199270248413086,-1.662581205368042,0.37682101130485535,0.2878803312778473,0.2132808417081833,0.2994995415210724,0.49094852805137634,0.34727510809898376,0.2859063148498535,0.2151477187871933,0.27332547307014465,0.31126800179481506,0.3460852801799774,0.525458037853241,country
103.359375,0.12164094221287702,2403.5943006159314,-62.33566665649414,92.05890655517578,-19.732219696044922,17.626943588256836,-3.195096015930176,5.407782554626465,-4.014354705810547,8.878787994384766,-2.5088322162628174,3.1547820568084717,-0.5376992225646973,-1.5001121759414673,1.2933992147445679,0.38532209396362305,0.3342258930206299,0.6355282068252563,0.39836612343788147,0.34552982449531555,0.2576840817928314,0.32549232244491577,0.5447060465812683,0.4053569436073303,0.387102872133255,0.3196178078651428,0.3896181583404541,disco
92.28515625,0.16172267739752513,2590.781523555563,-117.97405242919922,84.05840301513672,-50.267879486083984,46.04964065551758,-17.698415756225586,20.855792999267578,-21.6411190032959,16.67160987854004,-12.952742576599121,12.837911605834961,-13.08016586303711,11.310620307922363,-12.596915245056152,0.4416561424732208,0.41839340329170227,0.5344569683074951,0.4301363229751587,0.41783657670021057,0.39334636926651,0.3284902572631836,0.39066100120544434,0.3984375596046448,0.47632306814193726,0.31016361713409424,0.35903480648994446,rock
143.5546875,0.10796566850348027,2375.3719707454475,-66.68022918701172,88.36957550048828,-27.548221588134766,53.18235778808594,-9.19176197052002,27.966815948486328,-8.108184814453125,26.296600341796875,-8.240403175354004,12.689763069152832,-7.128515243530273,13.68277359008789,-8.36914348602295,0.5556800365447998,0.554876446723938,0.6462703347206116,0.5244541168212891,0.5091830492019653,0.5023427605628967,0.4738297462463379,0.5061421990394592,0.4822157919406891,0.5378004312515259,0.4386579096317291,0.4635939300060272,metal
161.4990234375,0.2237736701227765,4281.984674096292,-120.34941864013672,16.420616149902344,25.026824951171875,37.23860549926758,9.279793739318848,13.024576187133789,3.2330548763275146,5.978342056274414,4.086191177368164,1.7150490283966064,1.9000333547592163,2.675161838531494,2.021357774734497,0.4850628077983856,0.44783303141593933,0.47293776273727417,0.45782238245010376,0.511619508266449,0.5171605348587036,0.377000093460083,0.4008120596408844,0.3494286835193634,0.4743958115577698,0.5456981062889099,0.45279914140701294,reggae
95.703125,0.03604482369006187,690.5300405312647,-465.89727783203125,180.18096923828125,56.64645004272461,11.035487174987793,5.847320079803467,0.7351601123809814,-3.9715194702148438,-5.886589050292969,-8.459514617919922,-9.785687446594238,-7.691812515258789,-3.2519478797912598,-1.8584505319595337,0.25645720958709717,0.17785879969596863,0.2501850724220276,0.1607411652803421,0.1769125908613205,0.4597574770450592,0.19218169152736664,0.13132315874099731,0.12051568925380707,0.18360885977745056,0.3773367404937744,0.23534896969795227,classical
123.046875,0.09950288210556844,1481.5814852961128,-196.93746948242188,152.82791137695312,-36.87057113647461,41.801151275634766,-8.697372436523438,4.414522171020508,-11.569147109985352,1.4216535091400146,-14.735709190368652,0.4733048975467682,-10.165451049804688,-6.9279656410217285,-6.24993896484375,0.3089280128479004,0.3236205279827118,0.4482334554195404,0.2432018220424652,0.27467289566993713,0.3969675600528717,0.20402592420578003,0.3057502806186676,0.24800248444080353,0.37960365414619446,0.490502268075943,0.2454346865415573,jazz
161.4990234375,0.06057066596577726,1609.8372860104514,-232.50473022460938,131.22950744628906,2.646977186203003,18.397951126098633,11.315558433532715,22.92844009399414,-10.467937469482422,16.771238327026367,-15.256650924682617,15.530609130859375,-8.389644622802734,8.022547721862793,-3.781606435775757,0.517486572265625,0.4454438090324402,0.35620322823524475,0.4176107943058014,0.30411261320114136,0.2790263593196869,0.23929931223392487,0.3854237496852875,0.48208087682724,0.4086484909057617,0.3855431377887726,0.3759399354457855,reggae
123.046875,0.13498352003576952,2725.3111027767286,-201.19769287109375,76.78211212158203,-14.798453330993652,68.73775482177734,-12.944738388061523,36.95658874511719,-10.983901023864746,23.688390731811523,-12.26832103729248,16.6715087890625,-11.07464599609375,15.571093559265137,-11.184891700744629,0.546525776386261,0.7442511320114136,0.5967745780944824,0.4380878806114197,0.4037703573703766,0.4406487047672272,0.4102459251880646,0.4304293692111969,0.49618399143218994,0.44353997707366943,0.39277297258377075,0.4599057137966156,metal
143.5546875,0.16249154098994587,2792.6082415451833,-100.88904571533203,76.13687896728516,-29.544008255004883,69.70980834960938,-17.342714309692383,21.390840530395508,-12.918476104736328,22.007465362548828,-9.841167449951172,18.42464256286621,-12.04720687866211,8.983144760131836,-20.870849609375,0.40905866026878357,0.35827797651290894,0.47849753499031067,0.5988069176673889,0.7772713899612427,0.5746974945068359,0.3833150863647461,0.4144325852394104,0.5073501467704773,0.4358886480331421,0.4231148660182953,0.5911042094230652,metal
161.4990234375,0.09391540385730858,1533.6492784629645,-275.443603515625,125.33515930175781,-41.0332145690918,24.59947967529297,-4.762903690338135,-4.257404327392578,-15.002059936523438,-5.042078495025635,-4.998161315917969,2.4723503589630127,-10.893561363220215,-8.016090393066406,-5.168351650238037,0.22662442922592163,0.24946852028369904,0.23456235229969025,0.21464961767196655,0.3832593858242035,0.20867423713207245,0.1858169138431549,0.29450368881225586,0.3395187556743622,0.5397998094558716,0.3000357151031494,0.23324747383594513,classical
172.265625,0.10086425403615623,3094.4494679187587,-70.07770538330078,54.365875244140625,15.587820053100586,19.808748245239258,27.01523208618164,13.240906715393066,0.6896495223045349,10.069889068603516,6.682559967041016,-0.30866414308547974,2.969902992248535,6.021378517150879,1.0961132049560547,0.4447745084762573,0.47014573216438293,0.3888315260410309,0.4182138741016388,0.49524444341659546,0.4212309420108795,0.37614157795906067,0.33284252882003784,0.37925097346305847,0.40200915932655334,0.3788457214832306,0.4939555823802948,reggae
151.99908088235293,0.13431926116589327,2464.5835110221637,-79.60579681396484,93.46551513671875,-27.727807998657227,64.06657409667969,-18.799423217773438,23.316314697265625,-10.544774055480957,13.3568115234375,-17.534975051879883,16.38961410522461,-10.039801597595215,8.944684028625488,-16.075159072875977,0.35933932662010193,0.3713649809360504,0.486592561006546,0.4080365300178528,0.40643975138664246,0.3681494891643524,0.41444140672683716,0.5410574674606323,0.4569782018661499,0.4665142297744751,0.38769665360450745,0.40468037128448486,metal
95.703125,0.0885514851604795,2447.017199907087,-140.10194396972656,77.09097290039062,42.04237747192383,31.247861862182617,12.197925567626953,10.2141695022583,3.7384352684020996,8.296795845031738,-1.555222749710083,-1.7604899406433105,3.6245474815368652,4.591823101043701,-2.548802137374878,0.44593676924705505,0.48378217220306396,0.5236554741859436,0.5316551327705383,0.500084400177002,0.4418831169605255,0.3982388973236084,0.31847208738327026,0.2858276963233948,0.31689268350601196,0.36209532618522644,0.4025282859802246,hiphop
135.99917763157896,0.06010507872968266,1527.645526264714,-230.27236938476562,119.15338134765625,-1.0512242317199707,28.38448715209961,10.008779525756836,16.125822067260742,4.7939453125,6.192378520965576,0.9515957236289978,5.915187358856201,-1.1755236387252808,3.5739166736602783,-2.09965443611145,0.3750728368759155,0.3982393145561218,0.49174514412879944,0.4107602834701538,0.45233428478240967,0.3230753242969513,0.40875887870788574,0.4037615954875946,0.2865438461303711,0.3396205008029938,0.3126252591609955,0.3749490976333618,classical
83.35433467741936,0.07571871374709976,1371.4447396060214,-449.5024108886719,124.97928619384766,-19.90353775024414,27.455209732055664,-5.769779682159424,2.2189133167266846,-6.560758113861084,10.581615447998047,3.342010498046875,14.380342483520508,1.9796470403671265,5.249032974243164,4.427051067352295,0.2079397737979889,0.11142618954181671,0.15264368057250977,0.1779627799987793,0.3892844617366791,0.13990367949008942,0.2870091199874878,0.23639239370822906,0.15832111239433289,0.24954594671726227,0.15751266479492188,0.3316754400730133,classical
143.5546875,0.06845076251933488,1279.5154519537928,-324.6393127441406,147.81375122070312,-31.92625617980957,27.405019760131836,-4.502310276031494,-4.168800354003906,-12.59745979309082,-5.130688667297363,-7.744765281677246,0.8444132208824158,-8.192252159118652,-0.8276448249816895,0.9923772811889648,0.37491464614868164,0.2515835165977478,0.44959557056427,0.15482784807682037,0.13281238079071045,0.06838031858205795,0.17338652908802032,0.2882317006587982,0.14776507019996643,0.25554877519607544,0.13152627646923065,0.38000914454460144,classical
172.265625,0.13613681542440062,2677.746993460678,-109.82441711425781,63.05491638183594,-13.828152656555176,43.019859313964844,6.17240571975708,23.183786392211914,8.033159255981445,10.669684410095215,0.9683619737625122,5.329998970031738,-1.8259577751159668,-1.4317561388015747,-1.8608026504516602,0.5053122043609619,0.501220703125,0.47641003131866455,0.4461175203323364,0.4772398769855499,0.43460580706596375,0.4494192600250244,0.506924033164978,0.5428017377853394,0.6286969184875488,0.5826738476753235,0.5230271816253662,hiphop
95.703125,0.05856995903422274,1155.869256708858,-233.96311950683594,136.14453125,3.3066365718841553,48.930625915527344,8.705183982849121,13.989510536193848,5.362715721130371,0.4101892113685608,-13.483556747436523,16.860368728637695,5.134751796722412,-2.230727434158325,3.9538214206695557,0.3898339867591858,0.2330634742975235,0.21168066561222076,0.2565474510192871,0.3292299211025238,0.4953905940055847,0.3558148443698883,0.3201647102832794,0.2815283536911011,0.3177157938480377,0.2505590617656708,0.23779843747615814,blues
99.38401442307692,0.09938166147041763,2566.857509437963,-115.75506591796875,67.0791244506836,1.883468508720398,29.096534729003906,4.00648307800293,12.040892601013184,14.014686584472656,14.933622360229492,2.3025777339935303,17.069459915161133,7.582192897796631,4.99022912979126,8.537059783935547,0.5735436081886292,0.4881574809551239,0.42355141043663025,0.3416459262371063,0.32274129986763,0.33589085936546326,0.415181428194046,0.40549275279045105,0.4685960114002228,0.5620352029800415,0.6228334903717041,0.721287727355957,reggae
151.99908088235293,0.025934796137857694,1312.5009449202728,-300.4529724121094,99.2520523071289,53.02273178100586,43.228580474853516,18.889394760131836,24.840747833251953,-7.948949337005615,22.167064666748047,1.7830724716186523,24.789506912231445,8.392867088317871,20.708576202392578,2.805034875869751,0.5472298860549927,0.5944220423698425,0.5065693259239197,0.4924701452255249,0.4679410457611084,0.48092761635780334,0.527420163154602,0.5221249461174011,0.4871279001235962,0.517031192779541,0.45568692684173584,0.4920385181903839,reggae
117.45383522727273,0.1361319061774942,2553.6435090564128,-121.46697235107422,89.52725219726562,-33.490352630615234,41.95905303955078,-25.940279006958008,23.04037094116211,-20.253145217895508,14.36585521697998,-16.338193893432617,17.046361923217773,-16.961536407470703,9.144575119018555,-10.106950759887695,0.33311623334884644,0.26011186838150024,0.39307311177253723,0.5055259466171265,0.3072974383831024,0.3743397891521454,0.3118754029273987,0.36669057607650757,0.32358884811401367,0.3275524973869324,0.2915535569190979,0.233101949095726,rock
117.45383522727273,0.08653680575696056,2424.519698838249,-219.11630249023438,94.37081146240234,42.78750991821289,16.115028381347656,9.503606796264648,12.890872955322266,7.731355667114258,2.3898096084594727,-1.020422339439392,-1.953544020652771,-1.9855666160583496,3.146782636642456,-0.8825266361236572,0.31037160754203796,0.30877265334129333,0.5189957022666931,0.31566300988197327,0.3841726779937744,0.24156995117664337,0.31535103917121887,0.3636874556541443,0.27022379636764526,0.3228786289691925,0.2665720582008362,0.45587360858917236,rock
123.046875,0.11474045973557692,2976.3136721854653,-37.92366027832031,65.09797668457031,14.327613830566406,21.301477432250977,7.493529796600342,6.316901206970215,1.900193452835083,6.557405471801758,-2.9158833026885986,5.56787633895874,2.443056583404541,2.996021270751953,0.5928096175193787,0.31669071316719055,0.3161157965660095,0.3911256790161133,0.3976046144962311,0.4106210470199585,0.42381343245506287,0.38542458415031433,0.3955027461051941,0.3860520124435425,0.31810954213142395,0.3127084970474243,0.4200618267059326,jazz
78.30255681818181,0.1528407168406806,2922.9188114176472,-80.1985092163086,64.84029388427734,-15.457801818847656,46.84581756591797,7.914340496063232,21.768800735473633,-2.1780025959014893,21.98413848876953,-7.71354341506958,11.14605712890625,-4.287238597869873,11.445662498474121,-10.364867210388184,0.4293006956577301,0.5540930032730103,0.5102247595787048,0.5750861763954163,0.45433929562568665,0.45148947834968567,0.4640624225139618,0.40482768416404724,0.45336753129959106,0.450913667678833,0.5069907903671265,0.46793514490127563,metal
151.99908088235293,0.07162893343967518,1253.0323992049643,-223.1873321533203,163.25396728515625,-34.41288375854492,24.186994552612305,-10.303666114807129,3.222132444381714,-12.889323234558105,0.8037042617797852,-14.281189918518066,1.6788578033447266,-10.140898704528809,0.2315167784690857,-4.558465957641602,0.23638996481895447,0.2521618902683258,0.45212626457214355,0.26879438757896423,0.13558094203472137,0.1583263874053955,0.18703477084636688,0.30927392840385437,0.2062167376279831,0.3103783130645752,0.343922883272171,0.17914725840091705,classical
117.45383522727273,0.1885523173483103,3292.704549878069,-29.043100357055664,51.860496520996094,-7.56760835647583,21.507436752319336,8.141378402709961,18.118085861206055,6.8945746421813965,6.569046974182129,0.7113645076751709,11.15976333618164,-1.8163269758224487,1.6355899572372437,-2.5911900997161865,0.39817723631858826,0.3206945061683655,0.36278676986694336,0.4569278359413147,0.5894337296485901,0.4127786159515381,0.35375118255615234,0.38463833928108215,0.4298190474510193,0.46828487515449524,0.3253442347049713,0.4241642355918884,disco
184.5703125,0.12097706097737819,2255.8673982367045,-185.50003051757812,98.92578125,-36.44287872314453,44.42753982543945,-17.759830474853516,21.284360885620117,-20.293684005737305,13.771659851074219,-15.498616218566895,11.033225059509277,-16.78775978088379,2.334639072418213,-12.634641647338867,0.4493715167045593,0.27895694971084595,0.3543420433998108,0.24338313937187195,0.3032078444957733,0.46860650181770325,0.271457314491272,0.3038924038410187,0.2468584179878235,0.3233463764190674,0.3113754987716675,0.3070802390575409,rock
129.19921875,0.0682921560808198,1184.2726167313851,-221.30133056640625,173.31781005859375,-37.445777893066406,24.35597038269043,-8.682665824890137,3.384624481201172,-12.844792366027832,1.0788687467575073,-15.323445320129395,0.4238257110118866,-9.623013496398926,2.288309097290039,-4.490511894226074,0.34117764234542847,0.19690442085266113,0.39393797516822815,0.2761904001235962,0.19358864426612854,0.3010575473308563,0.2601172924041748,0.4182458519935608,0.2296503186225891,0.3844299912452698,0.3435114324092865,0.2298588752746582,classical
129.19921875,0.0709397507008894,1211.8707246042645,-306.8560485839844,152.84921264648438,-27.58661460876465,16.32755470275879,-3.1488070487976074,-8.940590858459473,-5.437477111816406,-9.772418022155762,-7.104296684265137,0.29831233620643616,0.8934091329574585,5.4443206787109375,8.212005615234375,0.4292946755886078,0.1525471806526184,0.2866969406604767,0.15262293815612793,0.1938360184431076,0.46074146032333374,0.14129738509655,0.1185077428817749,0.06141114607453346,0.189822256565094,0.24266506731510162,0.1662435233592987,classical
151.99908088235293,0.0760128909271075,1484.7799129182074,-164.638671875,142.70457458496094,-41.48604965209961,41.2175407409668,16.174034118652344,-5.5804338455200195,7.631643295288086,5.613570690155029,0.7995731830596924,-10.474629402160645,-2.337158679962158,-0.4905388057231903,-3.068358898162842,0.6161965131759644,0.2477908879518509,0.22486045956611633,0.2670646607875824,0.49256259202957153,0.4308165907859802,0.3266198933124542,0.48527491092681885,0.22732749581336975,0.2225174903869629,0.14148646593093872,0.33445173501968384,reggae
129.19921875,0.06409059599767981,1716.0497964664391,-209.581298828125,105.26065826416016,2.5705208778381348,34.898067474365234,15.326888084411621,25.199398040771484,-6.06322717666626,18.24307632446289,-5.073920249938965,8.950724601745605,-1.0186209678649902,8.250102996826172,-4.027716636657715,0.41056618094444275,0.3352697491645813,0.35345685482025146,0.34618839621543884,0.4262864291667938,0.32856208086013794,0.3048011064529419,0.39049839973449707,0.4683871865272522,0.5934444069862366,0.4123242497444153,0.37108856439590454,reggae
143.5546875,0.07924770700406032,2118.551041160394,-76.08658599853516,101.11207580566406,-11.623927116394043,46.250247955322266,-11.212148666381836,31.397367477416992,-9.473126411437988,22.474390029907227,-16.81224250793457,15.97439956665039,-9.51278305053711,11.821730613708496,-7.84616756439209,0.47252941131591797,0.48101872205734253,0.5099742412567139,0.38687047362327576,0.40953513979911804,0.36317092180252075,0.419575959444046,0.2887813448905945,0.3295961320400238,0.3748977482318878,0.3942306935787201,0.6034424304962158,reggae
161.4990234375,0.07170823665893271,1857.97259864943,-108.94803619384766,114.95368194580078,-5.211289882659912,46.19136047363281,-9.136667251586914,20.517894744873047,-17.02409553527832,24.221981048583984,-8.050691604614258,13.439370155334473,-18.37755012512207,8.584026336669922,-11.40121841430664,0.3435232639312744,0.41244348883628845,0.45658138394355774,0.29661956429481506,0.31065866351127625,0.26457351446151733,0.38582465052604675,0.4655776917934418,0.4616217613220215,0.5474121570587158,0.42326974868774414,0.4111514985561371,rock
89.10290948275862,0.08495074137180975,1717.0993092104313,-14.946681022644043,138.44056701660156,-41.90241241455078,22.075435638427734,-18.676532745361328,32.0044059753418,-20.37027359008789,15.70364761352539,-17.34882354736328,14.874467849731445,-8.903125762939453,12.260917663574219,-5.8288655281066895,0.36042967438697815,0.4774709939956665,0.40313735604286194,0.36912038922309875,0.3348938226699829,0.29249584674835205,0.37752100825309753,0.5203248858451843,0.47608229517936707,0.5345360040664673,0.3942149877548218,0.3661409914493561,rock
151.99908088235293,0.09423639307811292,1958.9864228599774,-116.19743347167969,111.75399017333984,-5.245356559753418,33.98963928222656,-12.460973739624023,4.241429328918457,-14.408440589904785,8.494256973266602,-8.198440551757812,-1.3370373249053955,-12.551116943359375,-5.001109600067139,-2.13934588432312,0.3378777503967285,0.31778043508529663,0.377704381942749,0.7605423331260681,0.3644408583641052,0.30319827795028687,0.3208971321582794,0.3061196804046631,0.40493375062942505,0.3272418677806854,0.4229552149772644,0.31134968996047974,country
86.1328125,0.044373172249613305,1514.1569585845884,-192.69032287597656,111.15748596191406,21.351842880249023,26.396648406982422,-0.6495014429092407,23.487049102783203,-25.476696014404297,16.921979904174805,-16.97193145751953,5.785404205322266,-25.736196517944336,-5.053073406219482,-17.632251739501953,0.12085096538066864,0.10098543018102646,0.1766868233680725,0.3555172383785248,0.26488593220710754,0.24457882344722748,0.291239857673645,0.3112274706363678,0.3462352454662323,0.31755831837654114,0.4433916509151459,0.21700119972229004,blues
99.38401442307692,0.11074241408062645,2774.785858823798,-68.91117858886719,62.39533615112305,24.2762508392334,53.779544830322266,-1.935107707977295,12.820082664489746,-4.355874538421631,12.355391502380371,-0.2198190838098526,9.055807113647461,-0.9797524809837341,3.9336564540863037,1.9129128456115723,0.3751368820667267,0.42144614458084106,0.5087844133377075,0.5483675003051758,0.5274145603179932,0.5137702226638794,0.4449717700481415,0.46475622057914734,0.49739593267440796,0.5545449256896973,0.43965771794319153,0.3907555341720581,hiphop
64.599609375,0.04775035648685228,1039.4057429757268,-270.3126525878906,137.58981323242188,5.640019416809082,42.49051284790039,-7.959469795227051,9.938034057617188,-6.810832500457764,8.25021743774414,-6.182494640350342,5.475854396820068,-5.440319061279297,-5.177865982055664,-6.99372673034668,0.08935632556676865,0.07805211842060089,0.18301762640476227,0.2726135849952698,0.13272257149219513,0.1007893905043602,0.2944043278694153,0.1962001919746399,0.13535577058792114,0.21231649816036224,0.1557607799768448,0.21216890215873718,jazz
151.99908088235293,0.06325753456109823,1709.7371262036543,-242.43836975097656,98.31111907958984,-3.8230080604553223,46.033687591552734,3.267761707305908,29.20375633239746,8.860404014587402,26.99290657043457,4.714049339294434,13.135102272033691,-0.6497431993484497,12.060078620910645,3.002152442932129,0.5248551368713379,0.5161738395690918,0.5787059664726257,0.5342115163803101,0.5183140635490417,0.42779216170310974,0.4291875660419464,0.4686200022697449,0.5618970394134521,0.5803931951522827,0.5398249626159668,0.5353360176086426,reggae
117.45383522727273,0.09403926793310131,1827.2572927983213,-54.70625305175781,119.4830093383789,-34.874080657958984,37.54063415527344,-15.880536079406738,22.0812931060791,-14.661808967590332,18.532047271728516,-9.647197723388672,11.25658130645752,-11.729358673095703,11.54074478149414,-6.43185567855835,0.4363376498222351,0.3439425826072693,0.4587753415107727,0.35898613929748535,0.4379538297653198,0.2582000195980072,0.29175466299057007,0.46035632491111755,0.30369484424591064,0.3635353446006775,0.29906466603279114,0.40729057788848877,blues
143.5546875,0.21422600023674243,3785.438539628473,-95.94046020507812,30.26817512512207,2.64018177986145,12.595183372497559,-11.173503875732422,-2.2091283798217773,-3.68676495552063,-7.669312953948975,-5.387625217437744,-0.7307738065719604,-4.047160625457764,-3.0586392879486084,-4.9752516746521,0.40801575779914856,0.4338873624801636,0.4557248055934906,0.37138402462005615,0.3702062666416168,0.41116786003112793,0.39160192012786865,0.4826020300388336,0.4075556993484497,0.3520209789276123,0.4174787700176239,0.40831390023231506,hiphop
117.45383522727273,0.11151731982308585,2301.770037760857,-113.65784454345703,94.94122314453125,-4.128477096557617,51.78639602661133,-13.776981353759766,34.347267150878906,-17.603130340576172,22.537715911865234,-12.411016464233398,17.20484161376953,-9.231343269348145,9.977349281311035,-13.473843574523926,0.3589385151863098,0.35127314925193787,0.3656933307647705,0.3918966054916382,0.479050874710083,0.3868562579154968,0.3528170585632324,0.43101823329925537,0.45041102170944214,0.5270723700523376,0.41522854566574097,0.3920099139213562,rock
143.5546875,0.10630558778035576,2449.7536777060777,-102.86876678466797,85.3385238647461,-4.32037878036499,30.584402084350586,3.01487135887146,-1.9487438201904297,4.437098026275635,3.4139795303344727,-4.258277893066406,-1.7707374095916748,-3.9678406715393066,-1.3573309183120728,-3.760347604751587,0.3497447669506073,0.4196488559246063,0.5621703267097473,0.34449487924575806,0.3353463411331177,0.2409456968307495,0.3411983549594879,0.4285057783126831,0.3550640046596527,0.4327651858329773,0.2937084436416626,0.37786632776260376,country
129.19921875,0.11374762845610982,2300.04288038141,-191.19943237304688,96.34123229980469,-17.65896224975586,24.83739471435547,-0.8896690011024475,26.33447265625,-12.934260368347168,19.635568618774414,-9.790512084960938,16.973424911499023,-8.587677955627441,11.422935485839844,-8.20237922668457,0.44586360454559326,0.3859557807445526,0.3482515811920166,0.3613848090171814,0.49279648065567017,0.3946402072906494,0.36578768491744995,0.49723175168037415,0.501152753829956,0.5751333236694336,0.3894989490509033,0.3688543140888214,reggae
123.046875,0.08708475323859242,2200.3688928200886,-240.68844604492188,97.1330337524414,0.40796416997909546,-0.27154120802879333,-10.476205825805664,-15.742857933044434,1.3774213790893555,-17.87753677368164,-9.086609840393066,-8.76285171508789,-14.263193130493164,-5.500077247619629,-8.35724925994873,0.1731383502483368,0.14548958837985992,0.27984821796417236,0.0980217233300209,0.18087360262870789,0.2934262752532959,0.16595853865146637,0.3710117042064667,0.21488533914089203,0.43373537063598633,0.23664066195487976,0.11476320773363113,pop
95.703125,0.08068536107888631,1525.0760420116658,-378.6961975097656,126.49835968017578,-18.83013916015625,42.889591217041016,-14.32557487487793,25.359525680541992,-14.636545181274414,18.717954635620117,-10.1842041015625,21.1190128326416,4.428082466125488,18.228246688842773,-10.292282104492188,0.3057229816913605,0.35224056243896484,0.3314848840236664,0.35217517614364624,0.3939369320869446,0.22778728604316711,0.42461591958999634,0.36581188440322876,0.2528862953186035,0.3207506835460663,0.29910969734191895,0.3802762031555176,classical
99.38401442307692,0.07014558560518175,2355.838782301562,-101.07152557373047,72.411376953125,-2.371432065963745,46.02547073364258,5.528785705566406,24.215314865112305,3.5469202995300293,14.532065391540527,5.650925159454346,13.522769927978516,4.967972755432129,9.913980484008789,2.9338572025299072,0.47873687744140625,0.3931666314601898,0.36263352632522583,0.40761619806289673,0.4929158687591553,0.5715634226799011,0.5519522428512573,0.522028386592865,0.49294957518577576,0.5210751295089722,0.5464624762535095,0.558184027671814,hiphop
89.10290948275862,0.05981539721094354,1474.2739870616333,-169.22511291503906,132.7867889404297,-13.487546920776367,31.18621253967285,6.340468883514404,-3.7556653022766113,-2.0590014457702637,-3.6253163814544678,-4.561240196228027,1.280982494354248,-6.977039813995361,-7.252835273742676,-1.395025610923767,0.22448867559432983,0.34386247396469116,0.4130789637565613,0.27152231335639954,0.3400546610355377,0.3242637515068054,0.4487859010696411,0.36513349413871765,0.2731204032897949,0.36588412523269653,0.21594715118408203,0.2332494854927063,country
80.74951171875,0.058131147887664346,1885.6190151488076,-222.9956512451172,102.87129974365234,-1.6640549898147583,45.214290618896484,-6.754358768463135,25.36249542236328,-14.371585845947266,24.24986457824707,-10.413200378417969,11.150229454040527,-9.152708053588867,6.629903316497803,-7.827207565307617,0.37657955288887024,0.3806866407394409,0.42349839210510254,0.33604416251182556,0.29952943325042725,0.31347423791885376,0.31372255086898804,0.2911580204963684,0.2769804298877716,0.32072964310646057,0.29110249876976013,0.31042933464050293,jazz
83.35433467741936,0.06402488761600927,1719.4633657271252,-121.3897933959961,122.49832916259766,-14.734728813171387,46.122135162353516,-8.179258346557617,20.172466278076172,-19.171894073486328,23.03683853149414,-11.83272933959961,21.15465545654297,-6.722797393798828,6.989504814147949,-12.730548858642578,0.3196752965450287,0.3044869899749756,0.3666152060031891,0.42213305830955505,0.523810863494873,0.4511187672615051,0.4934428632259369,0.35275301337242126,0.3801381587982178,0.46170616149902344,0.3663597106933594,0.4647151529788971,blues
99.38401442307692,0.09160579200502707,2038.0233320076643,-116.88238525390625,98.47116088867188,-18.994415283203125,44.84028625488281,3.8026058673858643,28.490915298461914,-1.1055837869644165,14.694502830505371,-7.755102634429932,9.754842758178711,-10.107707023620605,6.374910831451416,-3.911044120788574,0.5550999045372009,0.5278936624526978,0.5074421167373657,0.47931620478630066,0.323875367641449,0.3232403099536896,0.3277895152568817,0.47352278232574463,0.3353119492530823,0.2347642034292221,0.4512479603290558,0.4595669209957123,disco
89.10290948275862,0.06387005752126837,1470.2190431491572,-171.32308959960938,137.33297729492188,7.95475959777832,28.533639907836914,2.6904232501983643,-0.5032649040222168,-2.956709384918213,-1.148197054862976,-6.15258264541626,-2.3970329761505127,-5.85490083694458,-2.1742196083068848,-5.340976715087891,0.24377046525478363,0.385576069355011,0.5562794208526611,0.3446776568889618,0.42201483249664307,0.2808392643928528,0.40747004747390747,0.395101398229599,0.27666789293289185,0.40430083870887756,0.2475878894329071,0.3228110671043396,country
172.265625,0.07174562246229699,1340.8675515904304,-238.74171447753906,149.72976684570312,-28.855422973632812,28.25653076171875,-0.8001094460487366,-3.9364912509918213,-2.136371374130249,-4.325533866882324,-4.183619976043701,-3.438124895095825,-5.753284454345703,-0.0901024267077446,2.5456483364105225,0.30503109097480774,0.22986538708209991,0.20068123936653137,0.41548287868499756,0.16574105620384216,0.18371862173080444,0.11599599570035934,0.3423256576061249,0.3925648033618927,0.2093469500541687,0.36686623096466064,0.1967688649892807,classical
172.265625,0.08720002350983797,1514.0972710756876,-124.04525756835938,148.5956573486328,-21.58146858215332,17.421335220336914,-1.415514588356018,4.123948097229004,-7.020776271820068,-5.14472770690918,-5.845648288726807,5.024510383605957,-6.226353645324707,-1.9116531610488892,-0.9001434445381165,0.22266508638858795,0.2644590735435486,0.31562700867652893,0.4324735403060913,0.3264709711074829,0.2234376221895218,0.30418872833251953,0.1991460621356964,0.30354729294776917,0.2920907139778137,0.3291712999343872,0.3433103561401367,classical
117.45383522727273,0.14056155742459397,2966.0022578655708,-149.9958953857422,67.8711166381836,-6.662219047546387,32.076026916503906,6.094865322113037,12.234471321105957,9.144556999206543,10.183784484863281,3.7711598873138428,10.598272323608398,0.7679857611656189,7.718593597412109,-1.1560500860214233,0.5081093907356262,0.4292689859867096,0.47738686203956604,0.505554735660553,0.6534092426300049,0.5277859568595886,0.45598873496055603,0.39995434880256653,0.30652111768722534,0.33935636281967163,0.40984365344047546,0.5866385698318481,metal
117.45383522727273,0.10606314651005413,2253.4147941386177,-68.57477569580078,101.34968566894531,-16.899402618408203,51.50786209106445,-10.240495681762695,20.057523727416992,-21.787132263183594,15.519601821899414,-18.78899383544922,16.342649459838867,-17.896718978881836,12.110843658447266,-13.195822715759277,0.35196658968925476,0.3303465247154236,0.44860753417015076,0.3822442293167114,0.39016127586364746,0.3512338101863861,0.4064598083496094,0.5469316244125366,0.373611181974411,0.37801748514175415,0.3141198754310608,0.35698217153549194,country
103.359375,0.08680454853054911,2407.9531761672592,-161.19606018066406,74.76473236083984,22.419219970703125,46.0118293762207,5.280713081359863,25.11343765258789,-0.5761163830757141,10.385748863220215,-6.8337531089782715,5.0545830726623535,-0.7702397108078003,1.403467059135437,-6.012322425842285,0.31707480549812317,0.31210842728614807,0.46917521953582764,0.3918687403202057,0.3245229125022888,0.3755936026573181,0.293111115694046,0.2685427963733673,0.26861587166786194,0.40829259157180786,0.5672914981842041,0.38934892416000366,country
151.99908088235293,0.06396975299690642,1638.9307245186242,-190.93719482421875,127.41596221923828,-3.7882683277130127,26.704463958740234,-12.820788383483887,23.924116134643555,-8.222865104675293,9.962504386901855,-12.229613304138184,13.450587272644043,-7.066006183624268,1.6455317735671997,-14.52818775177002,0.3913293778896332,0.5062696933746338,0.25153738260269165,0.18557614088058472,0.2222752571105957,0.44627028703689575,0.3926355838775635,0.39910128712654114,0.5796712040901184,0.30956214666366577,0.2730283737182617,0.23152367770671844,reggae
83.35433467741936,0.18711179186001548,3934.6761086209804,-19.463871002197266,51.930267333984375,36.985618591308594,13.08738899230957,14.581277847290039,3.204186201095581,15.301875114440918,-0.782204270362854,7.2343645095825195,10.400960922241211,-0.37910374999046326,6.22635555267334,-1.1840758323669434,0.39000385999679565,0.3441586196422577,0.31432414054870605,0.4259186089038849,0.44639065861701965,0.3264262080192566,0.3446493446826935,0.3151552081108093,0.45793700218200684,0.38461923599243164,0.3767721951007843,0.4822975993156433,pop
99.38401442307692,0.11153393573569219,2207.1391896914824,-28.989248275756836,104.531005859375,-30.983427047729492,38.162052154541016,-8.009196281433105,30.894712448120117,-20.6081600189209,25.823612213134766,-12.97468376159668,16.943222045898438,-12.272945404052734,10.787742614746094,-10.566559791564941,0.5560135841369629,0.34056177735328674,0.3536939024925232,0.34392791986465454,0.3972528278827667,0.4460688531398773,0.37061405181884766,0.4640233516693115,0.3448363244533539,0.443627268075943,0.40389809012413025,0.44338732957839966,blues
184.5703125,0.06909500676720805,1360.6856016703396,-207.23829650878906,132.82740783691406,-15.454079627990723,60.98097229003906,0.7190263271331787,12.461328506469727,1.1633851528167725,-1.5329197645187378,-17.89584732055664,8.360363006591797,-2.459650993347168,-0.5846390724182129,0.37226447463035583,0.3037392199039459,0.16060717403888702,0.21950672566890717,0.20335964858531952,0.19669218361377716,0.2666712701320648,0.30215829610824585,0.15772300958633423,0.18236224353313446,0.21339082717895508,0.37535884976387024,0.6504870057106018,blues
184.5703125,0.06476844970514307,2049.705424466469,-165.5166473388672,87.27494812011719,24.825937271118164,28.404272079467773,-2.7653040885925293,-1.3249928951263428,-14.071616172790527,-4.758403778076172,-19.202239990234375,-0.6024584174156189,-11.948310852050781,-8.327139854431152,-8.228103637695312,0.12290150672197342,0.10673146694898605,0.18128050863742828,0.18597100675106049,0.27968719601631165,0.35170984268188477,0.20397798717021942,0.2058783769607544,0.24826441705226898,0.361310750246048,0.17972536385059357,0.09169827401638031,jazz
151.99908088235293,0.07583880147911833,1279.4808753417974,-275.9678039550781,146.3253631591797,-36.60139465332031,24.209836959838867,-2.5517091751098633,-2.1551759243011475,-13.308850288391113,-6.500922203063965,-9.406593322753906,-3.1215193271636963,-11.546324729919434,-4.189929485321045,-1.6999396085739136,0.2435394823551178,0.31892701983451843,0.46821218729019165,0.26855695247650146,0.3154990077018738,0.16610968112945557,0.22196194529533386,0.31601661443710327,0.2638930678367615,0.3872736692428589,0.278516948223114,0.2868228852748871,classical
99.38401442307692,0.14323520881670534,2541.894374434493,-103.80819702148438,92.4626235961914,-27.213504791259766,39.22121047973633,-23.041711807250977,20.6254825592041,-17.769180297851562,18.951480865478516,-15.207714080810547,16.388751983642578,-14.656908988952637,12.241645812988281,-14.979622840881348,0.30299797654151917,0.41753172874450684,0.3544204533100128,0.3095780611038208,0.5722630620002747,0.33016276359558105,0.3364880383014679,0.24086304008960724,0.34553247690200806,0.5174039602279663,0.312007337808609,0.33988818526268005,disco
123.046875,0.09874629682721713,2481.5395079724226,-50.61581802368164,85.0483169555664,3.5498573780059814,22.80669403076172,-1.582943081855774,6.116533279418945,2.3547210693359375,3.650803804397583,-1.8693411350250244,4.322984218597412,1.0399419069290161,0.7945607304573059,-0.7855246067047119,0.34141334891319275,0.3951537311077118,0.47092968225479126,0.3975238502025604,0.4220127463340759,0.47146812081336975,0.3591727316379547,0.3739815056324005,0.32296934723854065,0.3745346665382385,0.35082077980041504,0.3139098286628723,jazz
112.34714673913044,0.03306037920533643,829.6061468763736,-318.7561340332031,162.64056396484375,-16.489927291870117,39.124427795410156,31.428144454956055,15.258031845092773,-0.6904928684234619,5.8004069328308105,-8.641589164733887,-4.002048492431641,1.3683019876480103,0.07209228724241257,-3.1007144451141357,0.2647849917411804,0.2642461359500885,0.43905094265937805,0.3802047371864319,0.35812050104141235,0.24608288705348969,0.2550429403781891,0.4180227518081665,0.33459997177124023,0.36418578028678894,0.32599249482154846,0.305844247341156,jazz
112.34714673913044,0.12325117519818252,2446.973203805007,-123.33120727539062,86.98848724365234,-22.510225296020508,6.942469120025635,8.465195655822754,12.644245147705078,-0.8552823066711426,-0.8346986770629883,-3.2606728076934814,2.624371290206909,-0.7705084681510925,-0.4143340289592743,-3.8346292972564697,0.3794802725315094,0.2942013442516327,0.3922879099845886,0.35718753933906555,0.467767596244812,0.43462318181991577,0.3031643033027649,0.32163286209106445,0.37639036774635315,0.5939793586730957,0.24307744204998016,0.257122278213501,disco
75.99954044117646,0.07047110643851508,1814.1339363070715,-239.29299926757812,98.96102905273438,19.215805053710938,50.779666900634766,2.835383176803589,32.23978805541992,-1.4994841814041138,16.728490829467773,-7.447702407836914,16.71643829345703,1.5062196254730225,16.054792404174805,2.80955171585083,0.4079302251338959,0.5510483980178833,0.6696710586547852,0.6247255802154541,0.5564546585083008,0.4001699388027191,0.37622106075286865,0.41707471013069153,0.47284799814224243,0.5538657903671265,0.42831721901893616,0.3956500291824341,reggae
151.99908088235293,0.07532370818832174,2013.0124617688691,-149.96421813964844,93.66389465332031,6.347333908081055,71.49793243408203,-8.129108428955078,36.19367980957031,-9.783754348754883,17.647096633911133,-21.112293243408203,-0.130592480301857,-22.204635620117188,5.426575183868408,-7.46439790725708,0.31126707792282104,0.4600308835506439,0.27093490958213806,0.3213554322719574,0.5382283329963684,0.3084809184074402,0.33225131034851074,0.3115898072719574,0.43027207255363464,0.2554287314414978,0.21250420808792114,0.2847267687320709,blues
99.38401442307692,0.15433765951276102,2617.495747563951,-105.02220916748047,80.18618774414062,-41.076820373535156,54.00217056274414,-8.363625526428223,25.715185165405273,-12.457801818847656,28.706199645996094,-15.013625144958496,15.607913970947266,-7.619718551635742,12.427018165588379,-7.360461235046387,0.35417482256889343,0.3345224857330322,0.5220293998718262,0.5457648634910583,0.5623040199279785,0.47966650128364563,0.4126983880996704,0.3144794702529907,0.2652899920940399,0.3437250852584839,0.3543987572193146,0.42803940176963806,disco
107.666015625,0.05863604505027069,1295.2393474800779,-204.23126220703125,147.60040283203125,-25.21043586730957,49.35248565673828,-15.65807056427002,2.7013893127441406,-7.8496198654174805,-10.641351699829102,-4.8027873039245605,-3.6693341732025146,-3.5079243183135986,1.564738392829895,1.476261854171753,0.25834921002388,0.19230447709560394,0.19245487451553345,0.3507029116153717,0.22347986698150635,0.2717130780220032,0.24906696379184723,0.25476738810539246,0.21896019577980042,0.1958232820034027,0.3509025573730469,0.24663254618644714,jazz
112.34714673913044,0.07579197481631864,1599.911202685332,-110.04325103759766,134.7767791748047,-24.017364501953125,19.40414047241211,-4.4027628898620605,-4.810311794281006,-7.802365779876709,-0.3913302421569824,-5.40698766708374,-2.956292152404785,0.7801952958106995,-4.774831771850586,-0.17851045727729797,0.29022902250289917,0.20588257908821106,0.4398447871208191,0.32480373978614807,0.3147490918636322,0.24294635653495789,0.30330443382263184,0.42531511187553406,0.2695021331310272,0.33055442571640015,0.3055289387702942,0.4339216351509094,country
89.10290948275862,0.11116763038959783,2673.223822306729,-123.69994354248047,66.20999908447266,8.186224937438965,49.73067092895508,8.534509658813477,25.871931076049805,-5.387690544128418,12.882779121398926,-2.5431158542633057,6.80886697769165,-3.566335916519165,7.638636589050293,-2.051774024963379,0.313830703496933,0.3176025152206421,0.43824777007102966,0.3091048002243042,0.2664227783679962,0.390657514333725,0.43060940504074097,0.5717817544937134,0.47362369298934937,0.3518606126308441,0.4648306667804718,0.3527015745639801,reggae
107.666015625,0.10151491806844548,1963.064381362766,-138.88059997558594,100.20720672607422,-31.442928314208984,32.44932556152344,-2.7517662048339844,13.091755867004395,-14.506294250488281,13.943220138549805,-15.17435359954834,8.177486419677734,-4.925512313842773,3.5089592933654785,-7.984947681427002,0.37658682465553284,0.4517825245857239,0.5966115593910217,0.4718446135520935,0.40831729769706726,0.3761031925678253,0.41972318291664124,0.41676589846611023,0.4459608495235443,0.48085692524909973,0.3732673227787018,0.3529074490070343,hiphop
112.34714673913044,0.12755734000386698,3151.406047783485,-44.98688888549805,69.77589416503906,11.84067153930664,8.117905616760254,12.628617286682129,7.812101364135742,11.339221000671387,0.1848316192626953,9.63578987121582,2.840994358062744,3.8533389568328857,-0.8417092561721802,2.132197380065918,0.3915124535560608,0.42969730496406555,0.5247282385826111,0.3856978714466095,0.3663402497768402,0.4338560700416565,0.4455973207950592,0.5933117270469666,0.4386860430240631,0.4130147099494934,0.4182513654232025,0.3617900311946869,pop
95.703125,0.09665249782482599,2328.52633694279,-111.27532958984375,89.93035125732422,4.450366020202637,14.537683486938477,9.92753791809082,-9.475553512573242,2.903545379638672,-0.15854309499263763,-3.079089879989624,3.2574100494384766,-1.5119746923446655,1.5706157684326172,2.387639284133911,0.5563221573829651,0.5460546612739563,0.49240642786026,0.35911592841148376,0.4001072943210602,0.3836669623851776,0.427141398191452,0.33934757113456726,0.3199189603328705,0.3645423650741577,0.39799317717552185,0.5122035145759583,hiphop
143.5546875,0.0712822650812065,1754.0198285353752,-184.58187866210938,106.21409606933594,4.000761032104492,38.70891189575195,8.41152572631836,30.451200485229492,-3.343836784362793,20.298871994018555,-1.5424035787582397,15.916830062866211,-6.512814521789551,13.191903114318848,-1.7114567756652832,0.444074809551239,0.48700153827667236,0.38909101486206055,0.28376859426498413,0.29650166630744934,0.38424167037010193,0.32903316617012024,0.31089913845062256,0.3937980830669403,0.4126095473766327,0.49342605471611023,0.5038593411445618,reggae
129.19921875,0.07930246398878577,1748.3486883454468,-204.7816619873047,117.43745422363281,-20.93583106994629,42.016048431396484,-10.35555362701416,19.221494674682617,-11.642017364501953,7.983561038970947,-20.26799964904785,8.788082122802734,-11.70052719116211,5.174278259277344,-11.235281944274902,0.34032806754112244,0.2581295669078827,0.3154412508010864,0.24932198226451874,0.29380810260772705,0.25010478496551514,0.29750970005989075,0.3440033793449402,0.24357420206069946,0.24927447736263275,0.21848909556865692,0.33139392733573914,jazz
92.28515625,0.09770647537219644,2808.925771808581,-81.23490905761719,49.59363555908203,-14.547479629516602,57.9649658203125,6.819768905639648,27.149471282958984,-6.858138084411621,31.30455780029297,-10.085701942443848,20.30662727355957,-2.541109561920166,12.749883651733398,3.983400821685791,0.49321427941322327,0.551151692867279,0.7130405306816101,0.8043496012687683,0.6252232789993286,0.4158608019351959,0.2988280653953552,0.24181680381298065,0.26997673511505127,0.33026155829429626,0.34773901104927063,0.39502689242362976,hiphop
143.5546875,0.11862590934358082,3046.523748324695,-78.15640258789062,65.98365020751953,24.5583438873291,25.632707595825195,13.826037406921387,3.5993831157684326,16.210994720458984,0.5761338472366333,3.310032844543457,4.155045509338379,2.7108678817749023,3.6452019214630127,1.3963098526000977,0.4535825848579407,0.5033271312713623,0.41763606667518616,0.3704126477241516,0.41694262623786926,0.35602542757987976,0.3709631860256195,0.3342454731464386,0.40616270899772644,0.4680118262767792,0.4069441258907318,0.463617205619812,pop
89.10290948275862,0.07402917754253674,1474.7414794976396,-305.44927978515625,135.9326934814453,-11.758563041687012,18.213851928710938,10.375581741333008,3.0047125816345215,-5.593382358551025,0.1413443386554718,-1.3541280031204224,-1.8684579133987427,-3.2081379890441895,-6.750213623046875,-2.6937735080718994,0.4338347613811493,0.26041072607040405,0.33321332931518555,0.21783532202243805,0.2429390400648117,0.4536549746990204,0.3321231007575989,0.30259770154953003,0.21622152626514435,0.3674911856651306,0.384440541267395,0.2983192205429077,classical
103.359375,0.17229266362142304,3212.057081839573,-79.72857666015625,62.312957763671875,-5.125499248504639,18.23216438293457,12.871768951416016,-14.090275764465332,4.909826278686523,1.679017186164856,-5.772541522979736,0.8208757638931274,-3.799454927444458,2.015117883682251,3.4152286052703857,0.43953484296798706,0.49402347207069397,0.4557053744792938,0.43344056606292725,0.3819025456905365,0.3654429614543915,0.35714587569236755,0.37228018045425415,0.3870588541030884,0.44847896695137024,0.5280020833015442,0.4658811092376709,hiphop
95.703125,0.11507495897545662,1702.24789858299,-108.06733703613281,127.2767333984375,-44.95274353027344,31.253358840942383,4.346364498138428,-4.941817283630371,-15.889656066894531,14.636188507080078,-7.799101829528809,-1.2097643613815308,2.820962429046631,17.278034210205078,-4.097750663757324,0.5018395781517029,0.503989040851593,0.4906271696090698,0.3764035403728485,0.28572341799736023,0.27733269333839417,0.2093345820903778,0.25144341588020325,0.21093475818634033,0.2110053151845932,0.24348673224449158,0.2723916471004486,classical
112.34714673913044,0.11714180624033256,2280.154186884487,-144.9233856201172,95.73299407958984,-21.61644172668457,49.62627029418945,-29.88751983642578,29.351144790649414,-18.850818634033203,17.902307510375977,-9.670823097229004,5.516722202301025,-9.557408332824707,6.359986782073975,-21.08871841430664,0.4404512643814087,0.2963408827781677,0.2961476743221283,0.2782242000102997,0.2616112530231476,0.4405735731124878,0.2779732048511505,0.34949347376823425,0.35201624035835266,0.24906322360038757,0.2452843338251114,0.2556350529193878,blues
95.703125,0.0982227015661253,1505.3574604811245,-268.21856689453125,135.68165588378906,-34.05637741088867,25.616008758544922,-12.971722602844238,17.903263092041016,-9.990859985351562,5.634088039398193,-14.143672943115234,7.493184566497803,-3.9764394760131836,8.258308410644531,-1.3336012363433838,0.12448594719171524,0.2979745864868164,0.41114217042922974,0.2059633433818817,0.3399754762649536,0.15979333221912384,0.33692726492881775,0.19643400609493256,0.17463092505931854,0.3213180601596832,0.1465153843164444,0.31316661834716797,classical
89.10290948275862,0.10339893597737819,2030.617038436817,-57.941680908203125,109.00659942626953,-36.21866989135742,64.04491424560547,1.4201570749282837,26.31841468811035,-17.484891891479492,20.425649642944336,-9.550731658935547,18.16836166381836,-6.06498384475708,13.874469757080078,-11.295740127563477,0.36975568532943726,0.47393736243247986,0.5470833778381348,0.4798683226108551,0.5048332214355469,0.386116623878479,0.40727537870407104,0.42249271273612976,0.49911510944366455,0.5493522882461548,0.42881035804748535,0.3659152388572693,blues
123.046875,0.1381975662219644,2577.207725556345,-63.61102294921875,94.46295928955078,-13.432527542114258,32.754234313964844,-13.73465633392334,26.770050048828125,-19.40343475341797,24.6492862701416,-11.66947078704834,13.7286376953125,-9.449254989624023,8.831938743591309,-4.984809875488281,0.6227138042449951,0.3912728428840637,0.3539314866065979,0.43080636858940125,0.3498263955116272,0.4196789264678955,0.36344513297080994,0.4848189055919647,0.4531553089618683,0.34321922063827515,0.4077121913433075,0.4520285725593567,disco
78.30255681818181,0.13297072880413766,2777.4882405051285,-61.22266387939453,71.25141906738281,-17.03792381286621,17.11426544189453,5.051262378692627,-4.211960315704346,-1.6805955171585083,1.1818883419036865,-0.8543820977210999,4.96776819229126,-1.7029342651367188,4.841895580291748,-0.16024243831634521,0.31099435687065125,0.28934717178344727,0.32325243949890137,0.5441288352012634,0.30419474840164185,0.29188740253448486,0.2581544518470764,0.384537935256958,0.4531589448451996,0.3175598382949829,0.38529840111732483,0.2839246988296509,country
117.45383522727273,0.06396371084686775,1939.8088633748253,-148.9879608154297,107.24359893798828,11.189903259277344,26.696136474609375,11.397692680358887,-3.8045828342437744,14.020328521728516,-5.876818656921387,-11.048489570617676,2.797104597091675,-8.450596809387207,3.1810462474823,-0.7678390741348267,0.32486119866371155,0.27760234475135803,0.32964932918548584,0.27966544032096863,0.296497106552124,0.4974118769168854,0.2758985459804535,0.2207588255405426,0.18930567800998688,0.2688615024089813,0.4383597671985626,0.33557459712028503,country
129.19921875,0.1981458907337587,2870.915156290069,-61.54559326171875,71.76105499267578,-46.29923629760742,75.41250610351562,-18.515899658203125,35.93107223510742,-12.677865982055664,28.369665145874023,-9.348155975341797,14.50280475616455,-4.263603687286377,11.863775253295898,-16.027109146118164,0.37568050622940063,0.40471652150154114,0.5891053676605225,0.5365069508552551,0.5279780626296997,0.4150072932243347,0.47379451990127563,0.6074027419090271,0.6199873089790344,0.5177176594734192,0.3564186096191406,0.3913852870464325,metal
60.09265988372093,0.04858304028905646,1397.8552412349427,-186.33114624023438,135.86915588378906,5.950401306152344,45.837703704833984,-5.776936054229736,22.777603149414062,-12.99267578125,17.12588119506836,-13.762871742248535,9.738706588745117,-8.365435600280762,6.6548285484313965,-9.085711479187012,0.15066568553447723,0.29893413186073303,0.4374719560146332,0.2556981146335602,0.29160770773887634,0.15949760377407074,0.2385040819644928,0.2893419861793518,0.392356276512146,0.6775434613227844,0.3522721827030182,0.23103444278240204,country
78.30255681818181,0.12512877332269914,2371.309053062196,-121.47392272949219,96.0971908569336,-19.590856552124023,48.0384521484375,-38.78462600708008,24.768978118896484,-32.941410064697266,8.102540969848633,-17.81892204284668,6.117860317230225,-19.995437622070312,6.800340175628662,-19.333209991455078,0.2924332320690155,0.1906302124261856,0.34226396679878235,0.24152638018131256,0.36500006914138794,0.3985465466976166,0.2834252417087555,0.4356427490711212,0.2279987633228302,0.21458226442337036,0.25203362107276917,0.26055464148521423,blues
161.4990234375,0.09398639912026295,2007.0624463203942,-142.80992126464844,103.12613677978516,-15.227189064025879,38.25691223144531,-13.00216293334961,2.7503061294555664,-1.665656328201294,-3.438929319381714,-4.452703475952148,-9.288576126098633,-10.12706470489502,-2.118187189102173,-4.464890480041504,0.4151569902896881,0.24105851352214813,0.22243764996528625,0.2029896229505539,0.29211488366127014,0.3631121516227722,0.19177715480327606,0.22986643016338348,0.25673583149909973,0.3864918649196625,0.24983903765678406,0.21313101053237915,reggae
112.34714673913044,0.0682249371616396,1863.7644718857396,-204.60470581054688,106.97547149658203,-10.207929611206055,45.585975646972656,3.0347537994384766,24.002531051635742,-7.504409313201904,20.06585121154785,-5.168004035949707,8.73842716217041,-10.105713844299316,4.364754676818848,-6.9585676193237305,0.34180372953414917,0.41785216331481934,0.3490968346595764,0.2932222783565521,0.3054196238517761,0.2800843417644501,0.304208368062973,0.2739986181259155,0.3692606985569,0.4170670211315155,0.36119216680526733,0.35417699813842773,rock
172.265625,0.10673155935808198,2290.14021271062,-113.55394744873047,90.0177993774414,-5.54090690612793,25.571491241455078,2.611034631729126,3.191845178604126,1.131387710571289,6.1513776779174805,2.7998387813568115,-1.8603817224502563,-7.1145782470703125,-3.446770429611206,-5.915337085723877,0.2622939944267273,0.4336341619491577,0.2654978930950165,0.2777465283870697,0.21248573064804077,0.21989907324314117,0.5161406397819519,0.31997257471084595,0.30865153670310974,0.24065916240215302,0.38187968730926514,0.43975427746772766,pop
123.046875,0.15901012966453984,2629.8501440745704,-96.31969451904297,90.94971466064453,-32.219547271728516,54.328330993652344,-23.03435516357422,27.715986251831055,-16.943092346191406,21.053058624267578,-18.197134017944336,22.60837745666504,-9.003788948059082,14.271801948547363,-10.993184089660645,0.4659910500049591,0.3684196472167969,0.3971497714519501,0.4603424370288849,0.4128512442111969,0.4918249249458313,0.4132174551486969,0.47320663928985596,0.37921708822250366,0.4281812012195587,0.5037103295326233,0.41978025436401367,metal
92.28515625,0.10350127489365817,2492.954722767294,-40.30154037475586,80.84722900390625,-25.676889419555664,38.44305419921875,-11.072824478149414,24.899412155151367,-7.373213768005371,26.759275436401367,-5.306029796600342,16.782676696777344,-3.507571220397949,8.458928108215332,-5.601728439331055,0.5714963674545288,0.5505549311637878,0.5816279649734497,0.5056278705596924,0.3839316666126251,0.34286731481552124,0.3355490565299988,0.3340512216091156,0.3359872102737427,0.4988999366760254,0.5551939010620117,0.6111453771591187,hiphop
95.703125,0.10058782567188708,1617.409384435443,-216.33937072753906,135.0233917236328,-35.48702621459961,61.59968185424805,-14.55785083770752,11.047006607055664,1.2091343402862549,10.954963684082031,-8.300718307495117,-1.4434432983398438,0.11894793808460236,8.27770709991455,-4.579705238342285,0.32970893383026123,0.20792201161384583,0.3564293086528778,0.4522635340690613,0.3066888153553009,0.29600411653518677,0.23860369622707367,0.3467004597187042,0.22164055705070496,0.2623577415943146,0.40286770462989807,0.2768682539463043,jazz
83.35433467741936,0.08172045690738593,2152.8430463253017,-215.37060546875,100.93507385253906,17.10333824157715,12.981270790100098,16.05994987487793,4.768145561218262,4.571938514709473,-3.135014057159424,-4.152949333190918,-2.2979836463928223,-4.922636985778809,-3.3403124809265137,-1.419828176498413,0.3150694966316223,0.1921677440404892,0.19367563724517822,0.31300389766693115,0.2235269397497177,0.2889711260795593,0.24343733489513397,0.41460809111595154,0.3863116502761841,0.19783248007297516,0.2334958165884018,0.23238743841648102,jazz
198.76802884615384,0.07597437222061099,1788.5211001813198,-150.91212463378906,111.76229858398438,2.933833122253418,42.72235107421875,-3.5816023349761963,15.14064884185791,3.4474072456359863,0.19413989782333374,-4.715359687805176,3.853785991668701,-0.8861767649650574,-5.347798824310303,0.689601719379425,0.4606185257434845,0.7099473476409912,0.4131704270839691,0.2773229777812958,0.23169538378715515,0.32537776231765747,0.20541247725486755,0.2071903795003891,0.3062540888786316,0.264285683631897,0.2375006079673767,0.23188097774982452,reggae
99.38401442307692,0.11971916086620263,2405.830496426096,-27.656530380249023,94.365478515625,-20.57814598083496,49.886653900146484,-14.699278831481934,23.853004455566406,-17.63330841064453,24.027565002441406,-15.877459526062012,16.434722900390625,-10.632630348205566,13.892766952514648,-10.46279525756836,0.36045560240745544,0.36253368854522705,0.3759309947490692,0.4395739734172821,0.4244683086872101,0.4981005787849426,0.6433141231536865,0.54294353723526,0.4752785563468933,0.3835048973560333,0.3301253914833069,0.32472121715545654,hiphop
123.046875,0.12843231885634185,2310.352908011415,-90.67999267578125,100.109619140625,-23.93842315673828,52.60254669189453,-20.937440872192383,31.501323699951172,-11.228660583496094,20.089374542236328,-10.902469635009766,17.561744689941406,-14.09604263305664,12.994767189025879,-11.434560775756836,0.46992558240890503,0.34217554330825806,0.36583781242370605,0.38547030091285706,0.44604387879371643,0.4429789185523987,0.44605711102485657,0.6512311100959778,0.46251600980758667,0.4610247313976288,0.4476524293422699,0.39737772941589355,blues
143.5546875,0.08596620021268368,2246.5077750266328,-137.74447631835938,100.25637817382812,14.398748397827148,15.412896156311035,2.3271780014038086,-1.0672591924667358,-2.105048894882202,-1.6893664598464966,-5.314716815948486,-1.7828497886657715,1.7410486936569214,-6.1848673820495605,-3.0327489376068115,0.4504610598087311,0.32306432723999023,0.40916043519973755,0.33043786883354187,0.40690580010414124,0.5362322330474854,0.3543190360069275,0.42104005813598633,0.3167290985584259,0.37989065051078796,0.25377315282821655,0.2576947808265686,pop
99.38401442307692,0.14982190762761022,2442.504289617461,-15.625048637390137,99.1423568725586,-45.630252838134766,55.01213073730469,-18.020164489746094,23.897811889648438,-19.600196838378906,27.337919235229492,-15.103913307189941,18.797401428222656,-16.146686553955078,9.214215278625488,-16.218490600585938,0.2968847453594208,0.4407038390636444,0.4837421178817749,0.42021656036376953,0.5930987000465393,0.4309428632259369,0.3866671025753021,0.42695116996765137,0.5351651310920715,0.7754606604576111,0.4978325664997101,0.3226144313812256,metal
123.046875,0.11583368075696056,2549.269756774819,-91.98377227783203,87.64009857177734,-2.066795587539673,34.27814865112305,-18.124570846557617,19.345659255981445,-14.665754318237305,17.112077713012695,-15.336201667785645,17.02818489074707,-13.534050941467285,11.835088729858398,-9.814680099487305,0.4329018294811249,0.32164910435676575,0.36638525128364563,0.3444401025772095,0.3215557634830475,0.3351743817329407,0.3329903483390808,0.35291415452957153,0.26963546872138977,0.24492773413658142,0.23906168341636658,0.3180064857006073,disco
117.45383522727273,0.12819063285479504,2321.1497598885144,-84.1865005493164,102.34354400634766,-41.3508186340332,47.0325927734375,-16.946977615356445,26.23381996154785,-18.950122833251953,18.797082901000977,-21.695302963256836,11.054099082946777,-19.239200592041016,5.234156608581543,-16.756317138671875,0.3429184854030609,0.3710327744483948,0.3513675630092621,0.4319602847099304,0.5658074617385864,0.48308315873146057,0.45326539874076843,0.4196323752403259,0.5914267897605896,0.3748740553855896,0.35054028034210205,0.4948136508464813,rock
83.35433467741936,0.06046832704949729,1728.9380569839393,-132.9563446044922,117.10542297363281,-2.7939984798431396,22.532909393310547,25.915470123291016,0.28717511892318726,13.512288093566895,3.4034061431884766,4.527342796325684,0.5465050935745239,-0.06926855444908142,5.095457077026367,-0.1543872207403183,0.33726316690444946,0.34481242299079895,0.4655652344226837,0.38569411635398865,0.4197990894317627,0.41292604804039,0.39118674397468567,0.4319632053375244,0.4438170790672302,0.49607330560684204,0.31728222966194153,0.3089312016963959,reggae
117.45383522727273,0.06086408787703016,1171.477078803794,-413.00115966796875,138.53170776367188,-19.246776580810547,34.156402587890625,8.985243797302246,-4.293563365936279,4.150046348571777,0.8692793846130371,3.0812439918518066,0.12008622288703918,-4.0598015785217285,3.7838356494903564,5.919067859649658,0.5362533926963806,0.2611306309700012,0.0687217190861702,0.09132120758295059,0.1702592819929123,0.2631106972694397,0.12940120697021484,0.2431347519159317,0.22020728886127472,0.11379782855510712,0.23360911011695862,0.27739813923835754,classical
107.666015625,0.1446281579262452,2722.8382056047735,-24.816133499145508,73.69841766357422,-11.74449348449707,28.30463409423828,6.291743755340576,2.1907131671905518,8.419228553771973,12.195894241333008,-4.057584762573242,13.498218536376953,1.8683927059173584,-0.9259458780288696,0.5338901281356812,0.4608183801174164,0.3729085624217987,0.45280781388282776,0.38606658577919006,0.4969331920146942,0.40072596073150635,0.37628817558288574,0.5524575114250183,0.4851253926753998,0.5380489826202393,0.3945390284061432,0.45968589186668396,disco
151.99908088235293,0.08571960496423048,1761.2131331366036,-173.19873046875,111.66873168945312,-35.90760803222656,45.83884811401367,-11.437211036682129,19.691478729248047,-8.076202392578125,17.946382522583008,-8.960495948791504,14.693592071533203,-10.34089469909668,4.678985118865967,-11.800859451293945,0.29162758588790894,0.21511805057525635,0.25809159874916077,0.24818192422389984,0.27069994807243347,0.21136228740215302,0.2226865589618683,0.37797558307647705,0.2521882951259613,0.3206234276294708,0.18808206915855408,0.1930013746023178,jazz
112.34714673913044,0.08486652890564579,1827.8001725934416,-339.64666748046875,97.73859405517578,-9.763496398925781,50.97268295288086,7.814855575561523,11.721100807189941,0.67392498254776,2.4926815032958984,-4.774001598358154,0.2095191925764084,-5.9796576499938965,-2.9014666080474854,-6.158287525177002,0.3695344626903534,0.5966699719429016,0.36558666825294495,0.31230613589286804,0.2181561440229416,0.3013167679309845,0.19629576802253723,0.3141041696071625,0.6202410459518433,0.365325391292572,0.24528586864471436,0.23140932619571686,country
112.34714673913044,0.03944315545243619,822.6139611536199,-374.00146484375,172.4316864013672,6.401390552520752,20.147357940673828,5.86323881149292,1.5984084606170654,-6.712085723876953,-1.190726637840271,-0.2892058193683624,0.3313811421394348,-6.556705474853516,-7.302767753601074,-7.334053039550781,0.29820919036865234,0.21783018112182617,0.3413792550563812,0.19949692487716675,0.25879961252212524,0.35843393206596375,0.3740525245666504,0.4546855390071869,0.42465391755104065,0.23493070900440216,0.1822727620601654,0.29427197575569153,classical
123.046875,0.16977497522718485,2590.895265318272,-70.54645538330078,90.50209045410156,-48.061336517333984,36.668949127197266,-17.682130813598633,21.583450317382812,-30.191699981689453,24.033105850219727,-20.452552795410156,14.475555419921875,-18.496910095214844,9.121702194213867,-12.0477876663208,0.4145609736442566,0.3801300823688507,0.531674861907959,0.33715516328811646,0.3886698782444,0.4006766974925995,0.3850478231906891,0.4406825006008148,0.34404319524765015,0.4919819235801697,0.4579746723175049,0.4234704077243805,disco
103.359375,0.05004033135150812,1117.2614806332522,-237.8958282470703,155.8455810546875,-9.223944664001465,13.184576988220215,6.604550361633301,8.891063690185547,3.9869585037231445,0.26179367303848267,1.7506259679794312,3.3565170764923096,1.183976173400879,3.619755506515503,1.1614974737167358,0.2508203089237213,0.2503623962402344,0.4333758056163788,0.3339449465274811,0.3277759253978729,0.2611609697341919,0.1830134242773056,0.2797248363494873,0.22746914625167847,0.2973567247390747,0.26844167709350586,0.20506079494953156,jazz
129.19921875,0.0711814367024362,1366.6849879747774,-285.8719177246094,138.68125915527344,19.889305114746094,35.23310852050781,-8.018051147460938,7.073943614959717,5.402231693267822,-3.2044293880462646,-1.1590017080307007,3.1945817470550537,1.491781234741211,-4.045571804046631,-6.323490619659424,0.43187013268470764,0.31160280108451843,0.3716782331466675,0.2226610630750656,0.31650468707084656,0.38885945081710815,0.2351699024438858,0.3175358474254608,0.3095037043094635,0.4514692723751068,0.30080240964889526,0.26235219836235046,reggae
107.666015625,0.0724604843387471,1735.1780888053472,-161.52745056152344,104.06317901611328,-10.907193183898926,43.697933197021484,13.963113784790039,14.444334030151367,7.506866931915283,9.481524467468262,6.433391571044922,6.989430904388428,1.359190583229065,4.434304237365723,-2.928879737854004,0.2788323760032654,0.37647831439971924,0.45152872800827026,0.5856026411056519,0.562736988067627,0.44938820600509644,0.4093749225139618,0.33089354634284973,0.27969327569007874,0.28131428360939026,0.3621722459793091,0.31865784525871277,hiphop
117.45383522727273,0.10012635646268368,2519.3455234656853,-111.60003662109375,85.56208801269531,3.525143623352051,16.362411499023438,2.2031197547912598,5.977014541625977,-5.035942077636719,-3.964266061782837,-0.10538265109062195,1.5665888786315918,-5.790408611297607,-5.0873823165893555,-0.21282534301280975,0.35326525568962097,0.2327662706375122,0.23716939985752106,0.23720206320285797,0.28912416100502014,0.45085370540618896,0.3942544758319855,0.49766668677330017,0.39034515619277954,0.37749597430229187,0.3966679871082306,0.2941403090953827,pop
135.99917763157896,0.11795032144238206,2315.021164983005,-19.882247924804688,98.8873291015625,-24.47531509399414,49.5799446105957,-16.1984920501709,30.193225860595703,-18.027517318725586,27.552814483642578,-11.407698631286621,14.870684623718262,-8.914958000183105,11.668754577636719,-10.893210411071777,0.5460374355316162,0.3115728497505188,0.38588467240333557,0.3130694329738617,0.40969231724739075,0.6684679985046387,0.36638787388801575,0.34432244300842285,0.3854084014892578,0.47892090678215027,0.5268352031707764,0.3910582661628723,blues
117.45383522727273,0.07894522186774942,1780.2063536153103,-143.0597381591797,121.87437438964844,-13.355456352233887,47.767852783203125,-12.669740676879883,23.367555618286133,-11.009172439575195,18.859140396118164,-13.707747459411621,15.945982933044434,-11.358796119689941,10.28953742980957,-6.009820938110352,0.4768099784851074,0.2975650429725647,0.3870542347431183,0.30831897258758545,0.3985203802585602,0.301945298910141,0.26912394165992737,0.416595995426178,0.32827436923980713,0.4452560544013977,0.28262922167778015,0.30162450671195984,country
75.99954044117646,0.10714657953886311,2209.486739749316,-245.10092163085938,95.09344482421875,-21.263948440551758,45.649635314941406,-3.5521013736724854,14.970438957214355,-20.681795120239258,19.520776748657227,-21.715768814086914,7.3187174797058105,-9.291168212890625,0.8145841360092163,-13.008130073547363,0.31991609930992126,0.3091387152671814,0.43643441796302795,0.33107730746269226,0.3490782678127289,0.3074379861354828,0.3459542691707611,0.4265918433666229,0.36563462018966675,0.4633438289165497,0.3157169222831726,0.35244348645210266,rock
95.703125,0.14867918600154678,3070.672740776136,-18.168489456176758,72.28312683105469,-4.891368389129639,-0.37640294432640076,1.6872771978378296,-0.9244457483291626,-1.32867431640625,-0.34218719601631165,0.6516297459602356,-0.18650606274604797,-1.224008321762085,-1.0513290166854858,2.5230042934417725,0.4007238745689392,0.5337439775466919,0.29123884439468384,0.37242400646209717,0.2601058781147003,0.3724288046360016,0.2567167282104492,0.28970932960510254,0.4684753715991974,0.32156363129615784,0.441122829914093,0.2833118736743927,pop
161.4990234375,0.09374924473124517,2316.9096279606247,-175.51058959960938,78.04631805419922,-2.533933162689209,52.8558349609375,15.844184875488281,24.744449615478516,5.2989020347595215,8.65998649597168,6.651281833648682,9.800029754638672,-3.353282928466797,4.116686820983887,2.3600361347198486,0.5009934902191162,0.4935796558856964,0.5350974202156067,0.4777984917163849,0.4035739004611969,0.3768939673900604,0.3812169134616852,0.5246754884719849,0.42352980375289917,0.3984178304672241,0.4992471933364868,0.41880133748054504,reggae
112.34714673913044,0.07237627187258314,1752.7248668089464,-237.51991271972656,115.9436264038086,-15.43163013458252,47.10340118408203,-13.503622055053711,18.200197219848633,-13.963651657104492,15.332401275634766,-17.526098251342773,13.422290802001953,-6.228496074676514,8.632211685180664,-7.2494072914123535,0.2349170446395874,0.22107887268066406,0.26774775981903076,0.31440654397010803,0.2902720272541046,0.3153693675994873,0.3119902014732361,0.3422457277774811,0.3297438621520996,0.40050333738327026,0.42908889055252075,0.275983989238739,jazz
58.72691761363637,0.06611396099187936,1988.190131263531,-170.91998291015625,105.89472198486328,31.076892852783203,22.253299713134766,12.815128326416016,-5.158370018005371,11.237187385559082,-2.101557731628418,-0.1528552621603012,5.080048561096191,-11.545418739318848,-3.6124885082244873,1.3871291875839233,0.27304235100746155,0.39335060119628906,0.25200653076171875,0.31111130118370056,0.22763007879257202,0.3447853922843933,0.41785046458244324,0.2949029207229614,0.3899100720882416,0.31771278381347656,0.3499191403388977,0.30108991265296936,pop
95.703125,0.05150064348897912,1276.6513099117217,-198.47012329101562,140.6879119873047,-18.40506935119629,30.508651733398438,-6.6951494216918945,15.716475486755371,-0.7360028028488159,7.292020320892334,-6.588792324066162,6.072186470031738,-5.131031036376953,3.4454891681671143,-2.8457658290863037,0.24355089664459229,0.26897281408309937,0.2704366147518158,0.2840769588947296,0.25442540645599365,0.4189499318599701,0.28919291496276855,0.324504017829895,0.2738600969314575,0.24972446262836456,0.2989228069782257,0.24206583201885223,jazz
135.99917763157896,0.13856991371809746,2492.5900128312974,-57.61141586303711,96.70357513427734,-24.457252502441406,39.99736022949219,-17.280683517456055,27.833837509155273,-13.284010887145996,23.19786834716797,-16.520660400390625,19.428203582763672,-15.479723930358887,11.827777862548828,-10.570341110229492,0.4251895844936371,0.44804567098617554,0.4585501551628113,0.4478624165058136,0.5862995386123657,0.4358599781990051,0.40639278292655945,0.4388613700866699,0.43884146213531494,0.5189315676689148,0.39414751529693604,0.4101235866546631,disco
92.28515625,0.06890203560034802,1651.7562246177304,-118.39433288574219,130.25537109375,-3.0893328189849854,15.728804588317871,3.946537494659424,10.665425300598145,6.837985038757324,3.397979736328125,0.7698096632957458,-2.5344228744506836,-3.10662841796875,-2.866894006729126,-1.6236909627914429,0.5330536961555481,0.24432329833507538,0.20937027037143707,0.19084230065345764,0.35365039110183716,0.3480183780193329,0.3012877404689789,0.5034006237983704,0.3016211986541748,0.3486654758453369,0.14789913594722748,0.2555583417415619,rock
184.5703125,0.05545069907675947,1352.8857477220752,-267.31512451171875,129.04580688476562,-14.718589782714844,41.26822280883789,-1.0152899026870728,22.954587936401367,-8.129341125488281,11.185735702514648,-9.07310962677002,11.322412490844727,-5.50223970413208,13.576353073120117,-1.1756658554077148,0.3322300314903259,0.29730424284935,0.2611686885356903,0.3029439449310303,0.3282402753829956,0.26575371623039246,0.25545644760131836,0.1697898656129837,0.19954663515090942,0.18897965550422668,0.17567341029644012,0.20159359276294708,jazz
80.74951171875,0.07917482356921887,1817.2305900912734,-213.2642364501953,115.16475677490234,-11.698169708251953,39.015357971191406,-20.348329544067383,13.082701683044434,-9.182700157165527,9.017151832580566,-14.1043119430542,4.271254062652588,-6.050780296325684,3.7858355045318604,0.22263547778129578,0.2482471615076065,0.27315470576286316,0.48851197957992554,0.26800474524497986,0.17971840500831604,0.2677254378795624,0.22258572280406952,0.41535109281539917,0.2726885676383972,0.18117539584636688,0.22990083694458008,0.24054767191410065,blues
103.359375,0.04727604770881671,1120.1665687071636,-274.3768310546875,130.40737915039062,-6.357468128204346,70.38822174072266,13.26966381072998,9.47218132019043,7.733089447021484,-1.2365491390228271,-0.5709878206253052,-2.2971627712249756,3.7794153690338135,0.08548221737146378,-0.9368571043014526,0.30598631501197815,0.23333074152469635,0.2313605397939682,0.17506884038448334,0.20530390739440918,0.23783105611801147,0.11781555414199829,0.08231532573699951,0.12756331264972687,0.29739895462989807,0.6092572808265686,0.5336042046546936,blues
103.359375,0.09662455288089714,1798.6768468891007,-129.32366943359375,141.71290588378906,-42.47718811035156,34.01385498046875,-6.975853443145752,8.702186584472656,-11.367335319519043,15.941672325134277,-9.015236854553223,6.635536193847656,-8.340362548828125,7.552734375,-5.472686290740967,0.2912730276584625,0.2341572493314743,0.370642751455307,0.6091389656066895,0.5559198260307312,0.38689151406288147,0.19242218136787415,0.21521255373954773,0.2638649046421051,0.2140025496482849,0.3029192090034485,0.4475511312484741,hiphop
117.45383522727273,0.08802619574149265,1997.9152625255454,-135.3438720703125,107.81293487548828,-13.434144020080566,19.03714942932129,8.818380355834961,12.483625411987305,1.0202105045318604,11.321146011352539,2.55645751953125,1.2326732873916626,-6.387117385864258,5.866214752197266,2.8857545852661133,0.5171506404876709,0.5005013942718506,0.4706857204437256,0.5539350509643555,0.41259294748306274,0.3390912711620331,0.3047385811805725,0.37444794178009033,0.4139179587364197,0.378935843706131,0.41657623648643494,0.4294254183769226,pop
234.90767045454547,0.056246752344354216,1216.3713864035042,-356.10693359375,139.7978515625,-6.2831244468688965,43.187591552734375,-8.87148666381836,11.056035995483398,-8.395702362060547,4.420256614685059,-8.280071258544922,8.684677124023438,-8.132966995239258,3.4333064556121826,-1.4450533390045166,0.3300555944442749,0.22444356977939606,0.4263249933719635,0.41636937856674194,0.1813819408416748,0.17938244342803955,0.23259705305099487,0.3218756318092346,0.2131321281194687,0.2545988857746124,0.28167402744293213,0.1848609447479248,classical
107.666015625,0.09158955372679814,1525.7917091607942,-246.1586456298828,149.4286651611328,-41.98886489868164,11.606255531311035,-10.289648056030273,-4.019357681274414,-7.136854648590088,-10.1355619430542,-9.42032241821289,-7.1718430519104,-3.15836763381958,-5.6406569480896,-2.5862960815429688,0.3375801742076874,0.22729043662548065,0.4992595911026001,0.29681381583213806,0.3628969192504883,0.34906092286109924,0.20823752880096436,0.3922730088233948,0.21896716952323914,0.32106027007102966,0.29744014143943787,0.20600707828998566,classical
95.703125,0.13096813370069604,1807.9280823768647,-299.6929016113281,103.63919067382812,-27.674161911010742,51.01561737060547,12.29365062713623,16.49836540222168,-10.951070785522461,-0.8876349925994873,3.855536699295044,12.946043968200684,-12.410849571228027,2.478123903274536,5.183283805847168,0.29026445746421814,0.09248530119657516,0.042802825570106506,0.12809772789478302,0.2810478210449219,0.12570610642433167,0.1263674795627594,0.06835062801837921,0.10196021944284439,0.3999481201171875,0.1794174611568451,0.3368837535381317,classical
161.4990234375,0.13765528325599383,2794.8199158537072,-74.18399047851562,76.73505401611328,-3.804384708404541,28.03363037109375,8.136066436767578,6.016017436981201,4.299717903137207,0.50605309009552,2.845613718032837,-0.9449357986450195,-2.3550398349761963,-0.28597205877304077,-1.4562419652938843,0.46348151564598083,0.3873039484024048,0.4289425313472748,0.401246577501297,0.4957323670387268,0.4135182201862335,0.40156498551368713,0.44367262721061707,0.4429946839809418,0.546829104423523,0.4291355311870575,0.48059719800949097,rock
99.38401442307692,0.051527455529775716,1821.46331961173,-118.05631256103516,102.2069320678711,20.763097763061523,36.99261474609375,24.375978469848633,7.826650619506836,15.940078735351562,-1.5931469202041626,6.758073806762695,-0.7775802612304688,8.574868202209473,1.491198182106018,-4.211417198181152,0.42918601632118225,0.38955941796302795,0.3812042772769928,0.51173996925354,0.500912070274353,0.479902058839798,0.4693807363510132,0.4510945975780487,0.4137360453605652,0.3737030029296875,0.43666335940361023,0.4189022183418274,hiphop
103.359375,0.09322282240912606,2034.4917204627848,-202.62045288085938,105.84962463378906,-20.564374923706055,43.892127990722656,-14.276479721069336,25.29875373840332,-15.593871116638184,15.321755409240723,-13.293830871582031,12.276257514953613,-8.766581535339355,10.162179946899414,-1.8646471500396729,0.3592519462108612,0.3113168776035309,0.355024129152298,0.4243350625038147,0.3526292145252228,0.3056107759475708,0.2909008264541626,0.33560889959335327,0.34499505162239075,0.35966554284095764,0.3487412631511688,0.4005710780620575,jazz
135.99917763157896,0.08734909730278423,2086.3916625200486,-177.52110290527344,89.96063995361328,4.589544773101807,40.16101837158203,0.166187584400177,23.184371948242188,-9.906549453735352,12.780388832092285,-7.307859420776367,18.74725341796875,-5.744415283203125,6.122314453125,-9.918660163879395,0.4780482053756714,0.3908454477787018,0.36026644706726074,0.3314318358898163,0.45238199830055237,0.45815518498420715,0.3897968530654907,0.4625495672225952,0.3789837658405304,0.3477213382720947,0.35043013095855713,0.44667792320251465,reggae
172.265625,0.08757227921983758,2455.426131281741,-104.17263793945312,83.90962219238281,18.85296630859375,28.910249710083008,10.62236213684082,9.324544906616211,9.320572853088379,6.528050899505615,3.0035240650177,2.4854519367218018,2.7980237007141113,-0.1978268325328827,3.1041364669799805,0.4204530119895935,0.3964283764362335,0.5055891871452332,0.6581076979637146,0.4698929190635681,0.3830869197845459,0.3413771390914917,0.5060251355171204,0.46536770462989807,0.3818552494049072,0.4790988862514496,0.38329336047172546,reggae
89.10290948275862,0.13464402673047177,2796.584436106161,-82.69718933105469,83.51687622070312,-0.5975728034973145,10.497100830078125,10.424635887145996,7.069787502288818,5.0785698890686035,0.07893476635217667,-0.20585685968399048,-0.9349144101142883,-0.09674310684204102,-1.700989842414856,-1.0193594694137573,0.4078643023967743,0.29440271854400635,0.42829033732414246,0.37553656101226807,0.5987508893013,0.38367658853530884,0.32673677802085876,0.44008496403694153,0.35739079117774963,0.546562671661377,0.31319743394851685,0.39383643865585327,rock
135.99917763157896,0.11928223789153132,2614.3440997684415,-153.86862182617188,83.66914367675781,-8.426156997680664,13.954345703125,13.531211853027344,3.7665932178497314,3.0097830295562744,6.355865955352783,2.07790207862854,2.068881034851074,3.1684868335723877,-0.4843805730342865,-3.025616407394409,0.2783803641796112,0.353482723236084,0.4532177150249481,0.35154756903648376,0.39548221230506897,0.35099756717681885,0.3817683458328247,0.3266203701496124,0.30367398262023926,0.4958729147911072,0.32399076223373413,0.2952088713645935,country
123.046875,0.09022025147428461,1996.329188697747,-116.62626647949219,109.25263214111328,-23.16375160217285,40.679481506347656,-11.888836860656738,23.152942657470703,-15.409276962280273,15.12498950958252,-13.522578239440918,12.695886611938477,-10.871556282043457,8.497990608215332,-11.577595710754395,0.3753868043422699,0.4899829626083374,0.495441198348999,0.41690999269485474,0.47650429606437683,0.3313867449760437,0.2833212912082672,0.32555538415908813,0.38845294713974,0.5040149688720703,0.28743961453437805,0.2747999429702759,rock
198.76802884615384,0.09386497754204894,1326.2905913173308,-160.66152954101562,164.2650909423828,-48.74266815185547,1.6567883491516113,-7.611865520477295,-2.663522720336914,-11.042241096496582,-7.000247955322266,-8.097651481628418,1.2511177062988281,-5.369691848754883,-4.13939094543457,-5.426858425140381,0.2811131477355957,0.15588143467903137,0.19329068064689636,0.1721029430627823,0.5790697336196899,0.2150968462228775,0.15761835873126984,0.29777655005455017,0.24062226712703705,0.43210935592651367,0.13525263965129852,0.2819564640522003,classical
92.28515625,0.09735036615429234,2011.7251476004385,-100.76679229736328,106.98420715332031,-27.15841293334961,29.099830627441406,5.0396809577941895,-5.423926830291748,3.2426602840423584,-5.179370880126953,-5.118582725524902,-0.8158500790596008,-3.834214687347412,-2.7052550315856934,-6.645411014556885,0.2672760486602783,0.3642912209033966,0.3319756090641022,0.40060532093048096,0.5926682949066162,0.39323118329048157,0.3299645185470581,0.28913429379463196,0.4509738087654114,0.5626846551895142,0.3610771894454956,0.35789546370506287,country
117.45383522727273,0.147308750845901,2668.0004395576575,-80.9342269897461,84.78052520751953,-31.53462791442871,33.90174102783203,-19.836761474609375,23.55393409729004,-22.136857986450195,20.026500701904297,-16.764808654785156,19.219478607177734,-13.098828315734863,11.502165794372559,-10.718428611755371,0.37549060583114624,0.3575955033302307,0.478376179933548,0.4515606462955475,0.614051342010498,0.47052016854286194,0.45571368932724,0.4683745503425598,0.46523308753967285,0.5391837358474731,0.4175224006175995,0.43590015172958374,hiphop
99.38401442307692,0.07872191436531008,2145.890945678912,-148.12135314941406,90.5676498413086,-0.2753233015537262,28.85523796081543,19.306163787841797,15.24502944946289,4.281466484069824,15.5199556350708,1.27260422706604,11.12907600402832,8.849079132080078,6.316172122955322,1.6312522888183594,0.5252236127853394,0.5453060865402222,0.48688817024230957,0.49849724769592285,0.508746862411499,0.44167858362197876,0.474263995885849,0.42628997564315796,0.47757869958877563,0.42958104610443115,0.4141101837158203,0.4757997989654541,hiphop
123.046875,0.12072102486948956,2564.2888412274115,-98.18701171875,92.40616607666016,2.6589999198913574,19.365163803100586,3.572561740875244,-1.752833604812622,-1.7048804759979248,-3.1811251640319824,-9.103381156921387,-4.084536075592041,-5.1873955726623535,-5.481767654418945,-4.2330322265625,0.4863830804824829,0.36115118861198425,0.5284547209739685,0.4310581386089325,0.38022106885910034,0.4326063394546509,0.374439537525177,0.5200361609458923,0.26928678154945374,0.2842140197753906,0.4468984305858612,0.33977970480918884,disco
107.666015625,0.10707709481341841,3079.2339737601815,-144.92160034179688,66.67506408691406,44.26943588256836,22.51215934753418,6.504938125610352,8.84709644317627,11.890134811401367,5.838830947875977,3.0452945232391357,6.454954147338867,3.565835952758789,2.524190664291382,3.82987904548645,0.5519638657569885,0.473001629114151,0.4483768045902252,0.47044482827186584,0.4452730417251587,0.4605843126773834,0.40144842863082886,0.500209391117096,0.6072697043418884,0.5619407296180725,0.5944077372550964,0.5660330653190613,hiphop
117.45383522727273,0.11578005667536737,2209.182003690989,-67.59407043457031,109.12802124023438,-32.71141815185547,45.652374267578125,-11.680288314819336,27.491209030151367,-16.3299503326416,22.08125114440918,-15.446939468383789,19.393972396850586,-11.610447883605957,11.576828002929688,-10.516490936279297,0.43491455912590027,0.42456743121147156,0.4329530894756317,0.46141210198402405,0.5622691512107849,0.509877622127533,0.5340682864189148,0.5606865882873535,0.5000206232070923,0.43770334124565125,0.4406394064426422,0.4668012261390686,rock
123.046875,0.09779937342904099,2133.3521515473035,-159.48033142089844,104.85739135742188,-10.333498001098633,34.64784622192383,-4.978135108947754,26.80373191833496,-21.940200805664062,23.424680709838867,-14.025367736816406,19.575532913208008,-8.296036720275879,9.72955322265625,-10.074868202209473,0.2526018023490906,0.44541171193122864,0.3240804970264435,0.24811676144599915,0.4125795364379883,0.37163102626800537,0.4203151762485504,0.2717582583427429,0.3011971414089203,0.38434159755706787,0.2660600543022156,0.25042709708213806,reggae
135.99917763157896,0.07953924074342614,1371.3948853640538,-278.1651306152344,147.88018798828125,-31.55019187927246,20.351749420166016,-9.574066162109375,-6.230633735656738,-13.595257759094238,-0.6612343788146973,-7.273571968078613,1.0149182081222534,-11.761825561523438,-0.9655799269676208,-2.2157323360443115,0.30239394307136536,0.2519040107727051,0.23004579544067383,0.19932566583156586,0.21009080111980438,0.3980906307697296,0.26288944482803345,0.18401415646076202,0.17211611568927765,0.29130715131759644,0.4094217121601105,0.2905953526496887,classical
123.046875,0.12063605713457076,2495.684155844957,-89.01615905761719,86.21833038330078,-24.4122257232666,47.093177795410156,-33.65718078613281,29.464834213256836,-19.75049591064453,21.635778427124023,-16.746688842773438,6.538771152496338,-13.391207695007324,7.485586643218994,-12.85138988494873,0.462155282497406,0.21258588135242462,0.19679702818393707,0.13637754321098328,0.1684339940547943,0.21648640930652618,0.19443674385547638,0.3124425411224365,0.22955982387065887,0.30852362513542175,0.30935221910476685,0.32092905044555664,rock
112.34714673913044,0.12290601737722351,2263.203109326082,-58.98198699951172,106.57720947265625,-31.803863525390625,47.910945892333984,-17.42542266845703,27.755239486694336,-14.01004695892334,22.419034957885742,-20.549541473388672,19.56253433227539,-14.581267356872559,10.176431655883789,-10.946365356445312,0.45060139894485474,0.33721545338630676,0.5086103677749634,0.2646278440952301,0.3095889687538147,0.49969497323036194,0.40622478723526,0.4976215660572052,0.3303147256374359,0.39095190167427063,0.30025264620780945,0.3041718006134033,rock
83.35433467741936,0.056141769987432324,1537.4913865266892,-252.48178100585938,104.94515991210938,15.2964448928833,42.68783950805664,6.77045202255249,21.611764907836914,-1.3111783266067505,5.6817450523376465,-16.636873245239258,12.169349670410156,-1.9619532823562622,1.9602652788162231,-0.8982277512550354,0.21087254583835602,0.1609884351491928,0.1892978996038437,0.20331990718841553,0.2173755019903183,0.280020147562027,0.3292940557003021,0.2505771219730377,0.3302189111709595,0.37681806087493896,0.2984076142311096,0.39363691210746765,blues
112.34714673913044,0.13615569714327147,3089.7484730911488,-94.26048278808594,68.13410186767578,4.029074192047119,7.6326212882995605,12.799715042114258,-3.186748504638672,-3.9116668701171875,3.817122220993042,-6.116797924041748,-0.35358282923698425,0.3277284502983093,-4.678537845611572,-3.011047601699829,0.3682393431663513,0.4633358418941498,0.48200303316116333,0.41940733790397644,0.47160273790359497,0.44650012254714966,0.5130807161331177,0.4041763246059418,0.39293473958969116,0.4832132160663605,0.3706223666667938,0.3789465129375458,reggae
129.19921875,0.16753371519721577,2503.9377448690093,-82.52998352050781,94.16451263427734,-27.11260414123535,75.65927124023438,-27.521812438964844,35.577274322509766,-20.303491592407227,25.112028121948242,-15.370208740234375,11.353974342346191,-13.391487121582031,8.147320747375488,-8.500548362731934,0.36954930424690247,0.3148382604122162,0.5480679273605347,0.35690736770629883,0.5213218331336975,0.45568761229515076,0.44219663739204407,0.48673370480537415,0.367360919713974,0.55985426902771,0.4925593137741089,0.5083783864974976,blues
129.19921875,0.12186072542053364,2251.7610160342965,-95.91632843017578,103.34938049316406,-36.492469787597656,27.097200393676758,-22.86488151550293,9.975509643554688,-24.651752471923828,15.649425506591797,-20.147499084472656,18.732791900634766,-18.555282592773438,9.852910995483398,-15.085712432861328,0.3116035759449005,0.22100509703159332,0.39563921093940735,0.43908125162124634,0.44309327006340027,0.5079967379570007,0.29884418845176697,0.3620498776435852,0.30878946185112,0.335330605506897,0.3305440843105316,0.28420740365982056,disco
129.19921875,0.07361868897428461,1887.0062144326305,-106.29430389404297,105.61094665527344,-5.504286766052246,50.05148696899414,1.250188946723938,36.981842041015625,-9.615050315856934,23.992408752441406,-8.664798736572266,14.959677696228027,-2.535745620727539,9.75111198425293,-0.9251959323883057,0.41913238167762756,0.4241340458393097,0.4446515440940857,0.3704513907432556,0.4282047748565674,0.5006526112556458,0.6824102997779846,0.5090173482894897,0.407985657453537,0.4790436625480652,0.43520885705947876,0.5498682260513306,disco
95.703125,0.11193838215390564,2949.6800647860855,-65.17127990722656,65.45415496826172,4.111379623413086,32.7429084777832,16.913877487182617,-5.819828510284424,14.964588165283203,-0.23903246223926544,9.035487174987793,8.436685562133789,-6.5778961181640625,-4.480480670928955,-2.6323750019073486,0.5461315512657166,0.43444088101387024,0.3622431457042694,0.3838590681552887,0.32097864151000977,0.33467549085617065,0.3325611650943756,0.4644427001476288,0.550631582736969,0.567511796951294,0.6294319033622742,0.5414682030677795,pop
78.30255681818181,0.05933844499226605,1079.788869352158,-483.9678649902344,144.1649932861328,1.3792461156845093,8.07079029083252,4.933557987213135,-2.3163371086120605,-2.7404160499572754,-6.843647480010986,-10.154459953308105,-8.07066822052002,-7.157021999359131,-10.555950164794922,-7.773562908172607,0.09579190611839294,0.24041591584682465,0.1191248670220375,0.29186251759529114,0.2748320698738098,0.10071182996034622,0.17050142586231232,0.09195264428853989,0.25918152928352356,0.2915893793106079,0.12482063472270966,0.1769184172153473,classical
123.046875,0.10910574668890177,2148.400918539368,-91.39275360107422,112.11608123779297,-27.34535789489746,47.97840881347656,-19.601682662963867,27.718719482421875,-18.550968170166016,17.433366775512695,-13.161514282226562,14.419549942016602,-15.218308448791504,11.52614974975586,-12.587085723876953,0.2661724388599396,0.3413916230201721,0.475077360868454,0.2858419120311737,0.3622294068336487,0.320455938577652,0.5347367525100708,0.5521937608718872,0.2967207133769989,0.29556891322135925,0.2553498446941376,0.3350948691368103,rock
143.5546875,0.04635726326856149,1117.67544135447,-413.4533996582031,143.482421875,31.30588150024414,14.029361724853516,1.516109585762024,-2.2952938079833984,-6.471192359924316,-8.10999584197998,-5.934281826019287,-4.475447654724121,-2.8047544956207275,-0.8226045370101929,-1.2224383354187012,0.4222584366798401,0.2319614440202713,0.29694777727127075,0.211761474609375,0.384281724691391,0.3156639635562897,0.17649032175540924,0.3242245018482208,0.16334664821624756,0.12496908009052277,0.1699364334344864,0.3879932165145874,classical
123.046875,0.07061687330819799,1608.5066742460235,-206.51551818847656,122.59817504882812,-0.576591432094574,29.354093551635742,10.233527183532715,28.23236083984375,-9.929434776306152,13.37148666381836,-8.455471992492676,11.285514831542969,-7.2900776863098145,7.073110103607178,-10.346016883850098,0.31574901938438416,0.38650351762771606,0.501638650894165,0.38122889399528503,0.40750977396965027,0.38593384623527527,0.44236597418785095,0.3158325254917145,0.2833501994609833,0.3071110248565674,0.2801850438117981,0.34049755334854126,reggae
103.359375,0.17268506904625383,3460.24289862119,-102.8993911743164,30.651878356933594,20.850290298461914,45.66796112060547,9.681036949157715,8.775829315185547,1.5652859210968018,12.3881254196167,0.5594131350517273,5.136999607086182,-2.7244701385498047,8.163297653198242,-1.3305275440216064,0.49228039383888245,0.4527144134044647,0.48459702730178833,0.4813687801361084,0.4762558341026306,0.49783334136009216,0.4848555326461792,0.5161232948303223,0.47279250621795654,0.4285973012447357,0.43715178966522217,0.48276886343955994,hiphop
103.359375,0.127271093145785,2116.8973667172613,-27.024072647094727,107.31878662109375,-46.8392448425293,40.927616119384766,-21.476634979248047,24.832185745239258,-18.939481735229492,15.274642944335938,-15.052191734313965,12.273417472839355,-15.240180015563965,14.332183837890625,-13.839795112609863,0.4115729331970215,0.3721487522125244,0.6418920755386353,0.28412434458732605,0.36933577060699463,0.3655776381492615,0.36888986825942993,0.45030704140663147,0.23246058821678162,0.27656248211860657,0.33486366271972656,0.4542860984802246,blues
73.828125,0.14343044578982986,2320.3950808692307,-52.480682373046875,99.70796203613281,-47.38640594482422,47.0175895690918,-21.017343521118164,22.883758544921875,-18.27861785888672,13.88650131225586,-23.446273803710938,13.512141227722168,-18.66330337524414,5.705185890197754,-12.890456199645996,0.3263300359249115,0.35424816608428955,0.5404050350189209,0.34196561574935913,0.3807491064071655,0.3764398396015167,0.5850294232368469,0.4014880359172821,0.3565921485424042,0.49522536993026733,0.3334800601005554,0.36963406205177307,rock
117.45383522727273,0.11758099502126837,2309.274600517877,-56.88446044921875,97.00123596191406,-17.859025955200195,44.9279899597168,-6.923825263977051,23.798044204711914,-23.310049057006836,25.989112854003906,-10.475471496582031,10.44265079498291,-15.224968910217285,10.025230407714844,-9.165606498718262,0.5510132312774658,0.37888145446777344,0.40718477964401245,0.34293875098228455,0.42911577224731445,0.37741219997406006,0.34266984462738037,0.4980218708515167,0.41100648045539856,0.5215591192245483,0.32903873920440674,0.4000227153301239,disco
83.35433467741936,0.05103162159222738,2152.9019278799583,-105.91555786132812,88.0167236328125,19.373737335205078,30.624731063842773,10.023094177246094,18.01323127746582,3.6694536209106445,8.916311264038086,5.817336559295654,8.875632286071777,5.665060043334961,10.55183219909668,5.903658866882324,0.5267974734306335,0.42443475127220154,0.3722931146621704,0.3334765136241913,0.3669201731681824,0.3981108069419861,0.34820881485939026,0.3786933124065399,0.4198001027107239,0.55903160572052,0.6761757135391235,0.5908964276313782,reggae
117.45383522727273,0.07487394564481825,1674.1340437310519,-119.03784942626953,128.89801025390625,-17.83216094970703,29.174346923828125,2.717275381088257,7.998562812805176,-7.062790870666504,3.8721446990966797,-1.5170447826385498,-3.9864912033081055,-7.040561676025391,-2.8676345348358154,-4.180408954620361,0.37238073348999023,0.6063582897186279,0.3457369804382324,0.2352093905210495,0.2496749311685562,0.19767479598522186,0.2347736358642578,0.21480683982372284,0.3956597149372101,0.39985600113868713,0.2615548074245453,0.3679865598678589,rock
75.99954044117646,0.04253295992846094,1181.326607089661,-178.6034698486328,154.00502014160156,-4.958517074584961,21.92864418029785,-2.0540266036987305,23.674203872680664,-1.2848491668701172,11.562132835388184,-6.027085781097412,4.947250843048096,-2.9404819011688232,5.409077167510986,-4.1239824295043945,0.5449976921081543,0.3131314516067505,0.31472474336624146,0.22591015696525574,0.37888020277023315,0.5477355122566223,0.6073602437973022,0.5367299318313599,0.2979463040828705,0.2860337197780609,0.1452791839838028,0.3157275915145874,rock
151.99908088235293,0.04365755510440835,1585.361927340042,-202.0449676513672,111.10006713867188,8.902878761291504,51.81521987915039,1.3010834455490112,30.03917121887207,-4.50827169418335,22.444957733154297,-7.142241477966309,11.495427131652832,-4.753539085388184,10.595638275146484,-2.635942220687866,0.639676034450531,0.46139442920684814,0.34296107292175293,0.32357877492904663,0.3863806128501892,0.5529167056083679,0.531892716884613,0.46290498971939087,0.31630203127861023,0.2774893641471863,0.3727300465106964,0.47795894742012024,reggae
129.19921875,0.08241794760247487,1738.8802794251512,-200.0602569580078,109.14046478271484,-5.5424628257751465,48.1405143737793,1.2196505069732666,4.592617988586426,-9.150064468383789,-1.4768000841140747,-11.666415214538574,-5.204704284667969,-11.54538631439209,4.980433464050293,-4.984466552734375,0.5198591351509094,0.2772071957588196,0.2014477550983429,0.2066786289215088,0.2152671217918396,0.20572638511657715,0.24924255907535553,0.41424858570098877,0.21719445288181305,0.18488271534442902,0.201712504029274,0.35213589668273926,country
151.99908088235293,0.06973622994006187,1548.9063873637622,-167.00668334960938,132.4709014892578,-17.308982849121094,46.92164611816406,-3.6383252143859863,20.93796157836914,-8.825931549072266,8.533767700195312,-15.14203929901123,8.10665225982666,-16.94434928894043,6.661935806274414,-10.934708595275879,0.368687242269516,0.30234333872795105,0.24075914919376373,0.3453318774700165,0.38447305560112,0.29474523663520813,0.4551454782485962,0.34046849608421326,0.38598981499671936,0.3653390407562256,0.39404231309890747,0.6209731101989746,country
129.19921875,0.11157585315158546,1878.4940039517187,-85.30834197998047,118.44306182861328,-31.47715187072754,20.28232765197754,-4.417633533477783,6.912192344665527,-10.952411651611328,-1.6223387718200684,-7.3614726066589355,-3.0186846256256104,-4.444011688232422,-1.4172890186309814,-4.253397464752197,0.18718811869621277,0.3900059163570404,0.5800111889839172,0.3247033953666687,0.3347548842430115,0.27579614520072937,0.2590218186378479,0.3475300669670105,0.421593576669693,0.42972224950790405,0.3605436384677887,0.25121474266052246,classical
99.38401442307692,0.07683462333236658,1356.2906973182814,-283.513427734375,159.5615997314453,-29.515243530273438,18.52740478515625,-9.859646797180176,-3.425657272338867,-10.98901081085205,-9.791543960571289,-8.299519538879395,-4.2436933517456055,-2.871724843978882,-5.970812797546387,-4.024108409881592,0.19149185717105865,0.16623517870903015,0.34795528650283813,0.4619331359863281,0.23386505246162415,0.40100306272506714,0.20460709929466248,0.4280821681022644,0.45508813858032227,0.26131823658943176,0.4228484034538269,0.16985061764717102,classical
103.359375,0.14153094487142304,3206.647958001011,-45.73050308227539,65.27396392822266,12.928244590759277,14.523944854736328,7.03285026550293,4.39462947845459,6.623768329620361,3.2991151809692383,7.727778434753418,4.0600504875183105,3.662517547607422,2.6021337509155273,4.0489702224731445,0.5441749095916748,0.42025429010391235,0.42419782280921936,0.39973241090774536,0.3009493052959442,0.31294095516204834,0.36338090896606445,0.4459863305091858,0.3425821363925934,0.3254237473011017,0.36318057775497437,0.4008638858795166,pop
129.19921875,0.15186113326566125,2464.2908932653336,-93.58541107177734,89.86104583740234,-55.87972640991211,51.63357925415039,-5.566610336303711,28.78887176513672,-13.892081260681152,27.35177993774414,-15.314687728881836,22.83026123046875,-12.409005165100098,9.700515747070312,-19.72762680053711,0.3506149649620056,0.3373875617980957,0.32574185729026794,0.3942018449306488,0.5721116662025452,0.4450557231903076,0.3489611744880676,0.41862809658050537,0.6007183194160461,0.6407778263092041,0.4436191916465759,0.3626479208469391,metal
143.5546875,0.1428334058391338,2459.520891914009,-15.672693252563477,100.0849609375,-37.59761047363281,45.951026916503906,-20.771991729736328,25.64026641845703,-18.628997802734375,26.507003784179688,-20.16448211669922,21.11976432800293,-13.650189399719238,10.966075897216797,-15.52978515625,0.3754260838031769,0.37975800037384033,0.4606219530105591,0.4122034013271332,0.47891318798065186,0.5263028740882874,0.45215973258018494,0.5773600339889526,0.5505326986312866,0.5035445690155029,0.44408848881721497,0.37679776549339294,metal
103.359375,0.16480568445475638,3237.8331637065016,4.770377159118652,64.4705810546875,-2.4510316848754883,10.431800842285156,3.252835273742676,7.833549499511719,3.1029253005981445,1.405788779258728,6.74539041519165,4.880411624908447,3.276714324951172,1.748433232307434,3.3328585624694824,0.5543098449707031,0.48206448554992676,0.4842319190502167,0.44543933868408203,0.360227108001709,0.36685091257095337,0.4201533794403076,0.5202143788337708,0.4546140730381012,0.4515778422355652,0.4284689724445343,0.4554726481437683,pop
117.45383522727273,0.07828473934164733,1879.437181005724,-122.42891693115234,111.49043273925781,-13.700004577636719,53.85050964355469,-2.6792428493499756,19.700176239013672,-14.1241455078125,13.753135681152344,-14.027729988098145,14.631096839904785,-13.993237495422363,9.227839469909668,-10.55429458618164,0.38928869366645813,0.3368092477321625,0.3984902799129486,0.41529029607772827,0.3579139709472656,0.44727134704589844,0.3229881823062897,0.3363426923751831,0.2737431824207306,0.3711084723472595,0.4646332263946533,0.3524593710899353,country
135.99917763157896,0.18406730350928074,2902.9084645115768,-128.43966674804688,67.2624282836914,-36.92177963256836,40.89099884033203,-21.74936866760254,23.135217666625977,-13.251678466796875,13.08155345916748,-14.004082679748535,17.78702735900879,-15.169231414794922,16.377792358398438,-10.453286170959473,0.3388378322124481,0.48784610629081726,0.6150218844413757,0.40254488587379456,0.4725677967071533,0.3665259778499603,0.4110642671585083,0.349484384059906,0.39911705255508423,0.5688204169273376,0.4023236334323883,0.3973643481731415,disco
151.99908088235293,0.07895466272718484,1561.4111067130552,-172.66567993164062,142.76348876953125,-55.773094177246094,79.31552124023438,-1.874193787574768,4.793415546417236,0.2451239377260208,-11.501138687133789,-0.2671954035758972,-9.36340618133545,-7.680028915405273,-11.266705513000488,-5.683592796325684,0.265887588262558,0.2500276565551758,0.16532766819000244,0.2474885731935501,0.6210708618164062,0.4047803282737732,0.26510363817214966,0.288313090801239,0.32291287183761597,0.7140054106712341,0.4573158919811249,0.3332025706768036,rock
135.99917763157896,0.054141818324632635,1875.1521594572132,-217.63108825683594,105.63394165039062,19.312328338623047,28.348390579223633,8.654818534851074,0.14195941388607025,6.365216255187988,-2.5406360626220703,-12.99041748046875,-11.146649360656738,-6.156669616699219,-7.739081859588623,0.4207109808921814,0.27234119176864624,0.23668664693832397,0.4864095151424408,0.2643081545829773,0.3180345594882965,0.4052068889141083,0.17214170098304749,0.13389404118061066,0.12536722421646118,0.29185783863067627,0.22209258377552032,0.3125118017196655,jazz
161.4990234375,0.10895658110982212,1633.5822989966382,-409.5085144042969,116.79857635498047,-16.184534072875977,11.701641082763672,0.6897332072257996,6.012307167053223,-4.265307903289795,0.4997358024120331,0.43108031153678894,12.58663272857666,-1.1213995218276978,-1.1413047313690186,4.948069095611572,0.2958917021751404,0.1962658166885376,0.23543381690979004,0.32668328285217285,0.2783983647823334,0.2159615010023117,0.21335247159004211,0.15625156462192535,0.2801271378993988,0.3139411509037018,0.37388041615486145,0.364176481962204,classical
151.99908088235293,0.08126299096903669,2486.0099199626684,-54.8978271484375,77.32103729248047,8.338180541992188,31.679044723510742,11.310490608215332,11.735435485839844,7.8756256103515625,13.472066879272461,-2.2141220569610596,5.590560436248779,1.5235484838485718,7.4191575050354,-0.922568142414093,0.3541322946548462,0.45424872636795044,0.6860765814781189,0.4012836515903473,0.30793705582618713,0.34723180532455444,0.38354721665382385,0.5401262044906616,0.425942599773407,0.3908350467681885,0.32286274433135986,0.30931296944618225,jazz
117.45383522727273,0.1481127344354215,2502.977404109766,-61.91035842895508,93.01313018798828,-39.943180084228516,56.14137268066406,-19.668214797973633,23.387537002563477,-7.6445393562316895,17.70783233642578,-19.321178436279297,17.783267974853516,-13.084653854370117,14.295796394348145,-13.077747344970703,0.40259459614753723,0.3521651029586792,0.5133054852485657,0.4601422846317291,0.5967549681663513,0.456138014793396,0.4385136663913727,0.4769924283027649,0.39406439661979675,0.39631345868110657,0.3290742337703705,0.42280831933021545,metal
99.38401442307692,0.09004578439191802,1490.2748102133896,-235.3026580810547,141.11952209472656,-34.681888580322266,30.979190826416016,-16.40201187133789,23.118080139160156,-11.041571617126465,7.654360294342041,-19.016834259033203,4.22678279876709,-11.835752487182617,8.917745590209961,-1.4451483488082886,0.19733910262584686,0.42375099658966064,0.361883282661438,0.23207862675189972,0.3931761384010315,0.14610639214515686,0.232587993144989,0.14149218797683716,0.2814124822616577,0.2868538200855255,0.17807434499263763,0.4599669873714447,classical
107.666015625,0.057875111779775716,1268.2111446452,-246.27442932128906,120.21053314208984,-0.9766383767127991,30.69660186767578,0.17293576896190643,23.16143035888672,0.4313868582248688,9.166990280151367,-0.5621408820152283,5.726498126983643,-3.753217935562134,4.230339050292969,-0.28523367643356323,0.3030276596546173,0.16451627016067505,0.16631737351417542,0.25752338767051697,0.18290360271930695,0.2249303162097931,0.1724938452243805,0.22814913094043732,0.40398532152175903,0.28505939245224,0.2933051288127899,0.2964526116847992,jazz
117.45383522727273,0.06172207318252127,1425.2797032637823,-139.56085205078125,128.79107666015625,-20.232744216918945,49.427703857421875,-2.1633641719818115,16.99439239501953,-8.3399658203125,9.827165603637695,-20.141237258911133,2.5050973892211914,-11.247482299804688,3.7663161754608154,-6.4156575202941895,0.3235326409339905,0.18548166751861572,0.24050883948802948,0.183230459690094,0.3011687994003296,0.32274699211120605,0.25861167907714844,0.43678683042526245,0.23551824688911438,0.2623487710952759,0.18010002374649048,0.3224877119064331,country
86.1328125,0.08013779123163187,1988.7524361987284,-188.1168975830078,98.61235046386719,-11.27721881866455,47.22146224975586,-20.341472625732422,18.784271240234375,-15.795817375183105,13.686596870422363,-15.463713645935059,17.43075942993164,1.0079582929611206,18.280630111694336,4.641810894012451,0.1973133087158203,0.38525259494781494,0.22234489023685455,0.357146292924881,0.2562781572341919,0.31253573298454285,0.17776423692703247,0.16223576664924622,0.18686595559120178,0.14310158789157867,0.10508964210748672,0.1476726084947586,jazz
123.046875,0.17288668249709976,3708.1110849955126,-71.95389556884766,46.87051010131836,21.026630401611328,29.955154418945312,9.503479957580566,2.3987131118774414,8.242609024047852,2.5120272636413574,-2.1593828201293945,0.44539666175842285,-0.22787965834140778,-1.5480235815048218,-3.6062700748443604,0.3410322666168213,0.3617127537727356,0.46618086099624634,0.4411327540874481,0.5042932033538818,0.4753977954387665,0.5736876130104065,0.4395105838775635,0.31569379568099976,0.4674910604953766,0.4280543327331543,0.41048938035964966,disco
123.046875,0.1031685790071539,2617.1778006286586,-69.06214904785156,79.14716339111328,13.084548950195312,29.383541107177734,0.27989479899406433,4.154809951782227,-0.44261524081230164,0.17704033851623535,2.803924083709717,0.6051489114761353,-2.8017468452453613,-0.5161707997322083,-3.183844566345215,0.6586543321609497,0.41336554288864136,0.3293827474117279,0.3354375958442688,0.48178547620773315,0.45825180411338806,0.41324275732040405,0.4887414872646332,0.38418930768966675,0.4018717110157013,0.3243405520915985,0.40492498874664307,reggae
83.35433467741936,0.1018672509425754,2682.2841409756757,-75.35942077636719,83.3507080078125,10.695161819458008,14.46049976348877,14.239104270935059,7.397377967834473,5.280898571014404,-0.39323189854621887,5.721079349517822,3.365825653076172,-2.5226786136627197,-4.216174602508545,-1.8445050716400146,0.3002365231513977,0.3792578876018524,0.4703218936920166,0.32553136348724365,0.3427848517894745,0.31406736373901367,0.4426756799221039,0.4012274742126465,0.3395589292049408,0.4199552536010742,0.3728894889354706,0.42283692955970764,pop
143.5546875,0.05819685626933488,1612.645636885739,-177.5675811767578,115.36900329589844,9.970584869384766,54.04387283325195,7.624311923980713,28.312318801879883,-9.05492877960205,20.049509048461914,-15.044512748718262,6.209573745727539,-5.692566871643066,1.3833519220352173,-5.828814506530762,0.34375646710395813,0.3149925768375397,0.3164297044277191,0.33806174993515015,0.43911486864089966,0.4219909906387329,0.41990238428115845,0.3883439004421234,0.3610156178474426,0.38359081745147705,0.38401171565055847,0.42297619581222534,blues
151.99908088235293,0.11569735474671307,2241.1592830281,-95.38948059082031,92.07624816894531,-28.034975051879883,52.78475570678711,-3.020198106765747,25.39544105529785,-6.132023811340332,20.092926025390625,-10.223895072937012,12.403390884399414,-8.271536827087402,11.690027236938477,-9.267027854919434,0.4911890923976898,0.567154586315155,0.5893081426620483,0.4694332480430603,0.49565446376800537,0.5057382583618164,0.5926014184951782,0.6455467939376831,0.4796518385410309,0.42005839943885803,0.4011084735393524,0.4684154987335205,metal
143.5546875,0.06268088686678268,1769.4282675269487,-262.10797119140625,108.99053955078125,-6.340922832489014,55.17394256591797,-10.668641090393066,18.520814895629883,-4.25078010559082,18.553394317626953,-19.70442008972168,17.577571868896484,-10.986869812011719,11.923827171325684,-3.433858871459961,0.2764347791671753,0.295221209526062,0.31041431427001953,0.3143121600151062,0.2867540717124939,0.34248805046081543,0.40043413639068604,0.47846299409866333,0.40043848752975464,0.3026939928531647,0.27368220686912537,0.2207043468952179,jazz
107.666015625,0.1665242985063805,2710.685063554155,-74.11526489257812,80.0852279663086,-46.96148681640625,51.019073486328125,-9.135111808776855,31.777957916259766,-6.389477729797363,24.861722946166992,-19.14633560180664,20.790164947509766,-11.678598403930664,13.847806930541992,-16.471899032592773,0.41923463344573975,0.38080909848213196,0.4111561179161072,0.5096349716186523,0.675126314163208,0.5767157077789307,0.4819483160972595,0.5415189862251282,0.5462956428527832,0.6196615695953369,0.5289333462715149,0.41932541131973267,metal
129.19921875,0.1295221716695669,2811.872177544087,-126.20301818847656,77.66020202636719,3.1578352451324463,19.944595336914062,10.816771507263184,0.7296953797340393,5.22845983505249,-0.49303123354911804,-0.9959409832954407,5.395140171051025,-3.7251055240631104,-3.493330955505371,-5.336726188659668,0.2763579487800598,0.3696868121623993,0.28968337178230286,0.26818129420280457,0.5375932455062866,0.3639555871486664,0.3489638566970825,0.30430537462234497,0.3872935175895691,0.5407391786575317,0.35416629910469055,0.37632137537002563,country
92.28515625,0.08562104239172467,2566.9254687003345,-78.21304321289062,70.18441772460938,45.89907455444336,42.07469940185547,15.084577560424805,10.687759399414062,-0.6957337260246277,-0.611822247505188,0.36743760108947754,-0.3583587110042572,1.0923242568969727,-0.6734942197799683,-0.8149564266204834,0.3359543979167938,0.30698972940444946,0.4031052887439728,0.4597988426685333,0.5423226356506348,0.47725167870521545,0.5247786045074463,0.5161814093589783,0.37038373947143555,0.3128182888031006,0.3796447515487671,0.44112473726272583,hiphop
99.38401442307692,0.16564063406322505,3400.226425763872,-47.76214599609375,55.56731033325195,19.230348587036133,24.482040405273438,4.050312042236328,1.5448119640350342,6.953159809112549,-1.0432366132736206,3.0896835327148438,1.7900028228759766,-3.0425474643707275,1.9349972009658813,-4.677098274230957,0.36976438760757446,0.4307520389556885,0.6147609949111938,0.44889992475509644,0.45378658175468445,0.4576348662376404,0.5239961743354797,0.4170585572719574,0.3584895730018616,0.45676591992378235,0.3672109544277191,0.3450494408607483,pop
117.45383522727273,0.10275318119199536,2149.1587886569278,-233.6426239013672,87.5244369506836,-22.214462280273438,52.04875564575195,-8.575607299804688,24.966367721557617,-18.236242294311523,1.888324499130249,-9.132004737854004,-0.2273261696100235,-17.069843292236328,-3.0311315059661865,-9.79328727722168,0.3170374929904938,0.28672099113464355,0.3884436786174774,0.2770289480686188,0.23611891269683838,0.17640869319438934,0.2084738314151764,0.3872929811477661,0.3020421862602234,0.3271418809890747,0.2644980251789093,0.3677811324596405,reggae
89.10290948275862,0.10104778434358082,2102.290176447949,-74.15763092041016,107.6103515625,-21.18836784362793,47.216304779052734,-5.984583854675293,17.79499053955078,-20.40662384033203,14.978622436523438,-15.971437454223633,15.732458114624023,-14.66434383392334,10.680036544799805,-10.130846977233887,0.322806715965271,0.32843735814094543,0.34268149733543396,0.361627459526062,0.5062724947929382,0.3069600462913513,0.2885266840457916,0.31161728501319885,0.4163972735404968,0.5475088357925415,0.3875434696674347,0.42334258556365967,country
129.19921875,0.04541997474381284,1507.1579850499309,-171.79478454589844,120.28173065185547,15.331754684448242,21.094314575195312,-5.395443439483643,24.185543060302734,-24.13084602355957,18.545135498046875,-22.34292221069336,1.3107385635375977,-20.765268325805664,-4.991692066192627,-17.108125686645508,0.19496990740299225,0.17143933475017548,0.25228920578956604,0.296024888753891,0.33841803669929504,0.3786536455154419,0.29369688034057617,0.29377952218055725,0.2850364148616791,0.35732534527778625,0.398264080286026,0.19942854344844818,blues
95.703125,0.04421683161736272,983.9717194937225,-406.8466796875,163.0813446044922,-2.372812032699585,32.4166259765625,7.946260929107666,9.632712364196777,-5.456719875335693,9.490358352661133,-3.0608038902282715,10.18720531463623,-10.352410316467285,-5.4048333168029785,-8.054706573486328,0.12948153913021088,0.09422566741704941,0.30320948362350464,0.6254709959030151,0.27897852659225464,0.24165794253349304,0.15735453367233276,0.21552512049674988,0.30695614218711853,0.2561953365802765,0.398029088973999,0.20050664246082306,classical
103.359375,0.04107944520978345,1345.8413834184055,-127.97040557861328,134.4408416748047,1.0205100774765015,54.439239501953125,-0.454470694065094,35.81458282470703,-10.856742858886719,16.38630485534668,-10.032721519470215,6.592465400695801,-6.697599411010742,11.041860580444336,-8.380608558654785,0.36216670274734497,0.36138391494750977,0.35536056756973267,0.32183218002319336,0.28315243124961853,0.25592106580734253,0.3339039385318756,0.5450668931007385,0.5120385885238647,0.4619790017604828,0.3472016155719757,0.3218688368797302,rock
135.99917763157896,0.19235071357791958,3403.076270500999,-107.1585693359375,47.660118103027344,-8.623368263244629,38.40495681762695,8.464611053466797,9.544071197509766,1.0112347602844238,20.752397537231445,0.7103534936904907,11.781386375427246,1.1649986505508423,11.065437316894531,-2.5376551151275635,0.5873934030532837,0.6252648234367371,0.655110776424408,0.5918681621551514,0.5854509472846985,0.6593960523605347,0.603722870349884,0.6508604884147644,0.6981495022773743,0.7171770334243774,0.6510281562805176,0.5914767980575562,metal
123.046875,0.21236722375290024,3760.408113053086,-89.70954895019531,36.282779693603516,11.465645790100098,37.497398376464844,9.179835319519043,3.7314453125,2.827662467956543,6.817220211029053,1.4637537002563477,0.09840075671672821,1.0316731929779053,1.1726795434951782,-3.568035364151001,0.4305325448513031,0.6495246291160583,0.4589761197566986,0.4507860243320465,0.6284803152084351,0.3801822364330292,0.3937985301017761,0.3462918996810913,0.3952009975910187,0.48073384165763855,0.2923448979854584,0.34590134024620056,country
112.34714673913044,0.057944596505220415,1002.6849591662105,-368.9961242675781,171.87368774414062,-27.293062210083008,6.0049872398376465,-0.16409572958946228,-10.674202919006348,-11.924829483032227,-10.194440841674805,-11.368568420410156,-10.507291793823242,-8.375312805175781,-9.78917121887207,-5.058682441711426,0.23106859624385834,0.14389930665493011,0.2090139538049698,0.15660133957862854,0.11475827544927597,0.2116193175315857,0.19248022139072418,0.5910271406173706,0.28724387288093567,0.19233272969722748,0.43334320187568665,0.18544384837150574,classical
172.265625,0.060985686146558395,2288.627178100081,-136.7908935546875,75.60449981689453,-5.326231002807617,23.45625114440918,0.7752963304519653,12.28790283203125,4.473608493804932,5.164086818695068,-0.06254434585571289,9.036550521850586,4.886802673339844,2.3323922157287598,5.495945453643799,0.31675705313682556,0.3879254460334778,0.5712274312973022,0.3869219124317169,0.2865651547908783,0.27725523710250854,0.367962121963501,0.4565654397010803,0.36568596959114075,0.38409721851348877,0.4328584372997284,0.3346115052700043,reggae
80.74951171875,0.0717101248308198,1181.884073002171,-402.208251953125,153.97674560546875,-15.228629112243652,15.294281005859375,-3.0716235637664795,-3.1837263107299805,-9.759970664978027,-17.30577278137207,-12.305008888244629,-7.918074607849121,-7.099394798278809,-0.2957211434841156,1.5226653814315796,0.35311055183410645,0.20859606564044952,0.18069131672382355,0.37589189410209656,0.22120466828346252,0.2741411030292511,0.20318841934204102,0.26612308621406555,0.21158911287784576,0.1568298637866974,0.3934079110622406,0.1822928637266159,classical
103.359375,0.14645907349671308,3588.1493148981713,-47.04647445678711,55.778438568115234,27.63979148864746,19.186355590820312,15.182662963867188,3.178055763244629,5.622395038604736,1.6052534580230713,4.136432647705078,1.6200367212295532,-1.5827997922897339,-3.003236770629883,-7.630845069885254,0.2536511719226837,0.32105132937431335,0.5686090588569641,0.36796972155570984,0.3067137598991394,0.2581830620765686,0.35488057136535645,0.5720515251159668,0.3579027056694031,0.3444209694862366,0.2631734013557434,0.26023271679878235,pop
83.35433467741936,0.05197268646075019,1198.8570176825062,-284.64056396484375,108.80130767822266,9.085318565368652,51.198062896728516,18.071889877319336,7.602154731750488,8.755716323852539,2.354090690612793,0.0033673658035695553,2.248495578765869,4.199125289916992,-3.2830638885498047,1.6176825761795044,0.3754091262817383,0.24692568182945251,0.21814566850662231,0.1488172858953476,0.20565739274024963,0.36973118782043457,0.20062118768692017,0.15378379821777344,0.19790977239608765,0.24965275824069977,0.4666782021522522,0.5095568895339966,blues
99.38401442307692,0.07648568916763342,1311.144563027034,-237.3254852294922,146.82420349121094,-24.415498733520508,64.26624298095703,-10.813704490661621,3.2741916179656982,-1.3289614915847778,2.707298994064331,5.143976211547852,0.40130147337913513,9.623003005981445,2.5155436992645264,3.1190052032470703,0.2853577435016632,0.23465204238891602,0.18863342702388763,0.27594470977783203,0.24775095283985138,0.3273465931415558,0.20278765261173248,0.22345070540905,0.3028031885623932,0.21505475044250488,0.24282145500183105,0.22520966827869415,jazz
83.35433467741936,0.11886608480761794,3214.01967827975,-59.600990295410156,62.97367858886719,31.116804122924805,16.918834686279297,8.888801574707031,10.814812660217285,10.55417537689209,5.1616034507751465,5.389708995819092,6.149231433868408,2.2691659927368164,4.246996879577637,4.121748447418213,0.4758220613002777,0.433437317609787,0.482867568731308,0.34017330408096313,0.28770339488983154,0.2996880114078522,0.32758069038391113,0.41156378388404846,0.42162594199180603,0.5607322454452515,0.5467192530632019,0.42581307888031006,pop
107.666015625,0.06128250676720804,1699.3251213149977,-223.38548278808594,114.23246765136719,-4.411992073059082,40.19879150390625,-5.0810465812683105,24.66690444946289,0.7201274633407593,17.045570373535156,-2.362454891204834,11.148086547851562,-3.084599733352661,6.123610496520996,-5.687236785888672,0.49226638674736023,0.5516283512115479,0.7257148027420044,0.46036967635154724,0.38299641013145447,0.4588690996170044,0.45794224739074707,0.44766271114349365,0.3409241735935211,0.39457210898399353,0.3775169253349304,0.4113616943359375,reggae
151.99908088235293,0.18525232018561485,2877.5418766654234,-117.90599822998047,65.43347930908203,-51.41981887817383,74.08294677734375,-13.75441837310791,25.731510162353516,-13.124017715454102,32.21792984008789,-10.338712692260742,21.697439193725586,-7.793971538543701,12.340983390808105,-14.446544647216797,0.5450292825698853,0.5787039399147034,0.5793807506561279,0.5632209181785583,0.6008368730545044,0.5777426362037659,0.643481433391571,0.6043499112129211,0.5037363171577454,0.3979993462562561,0.45579349994659424,0.5815911293029785,metal
161.4990234375,0.10692755159996133,2638.945071813565,-145.93051147460938,62.57326889038086,-23.071826934814453,-18.75653648376465,-14.746655464172363,-28.404939651489258,3.140660524368286,-24.918981552124023,-13.63536262512207,-4.6096062660217285,-24.37455177307129,-15.802279472351074,-17.456960678100586,0.2595723271369934,0.20845535397529602,0.2256050556898117,0.24268420040607452,0.26481616497039795,0.2850777506828308,0.36375489830970764,0.2665807008743286,0.23219597339630127,0.2810148298740387,0.3097001612186432,0.3891001343727112,pop
107.666015625,0.0836037195475638,1931.0406859349848,-118.40576934814453,114.23575592041016,-6.764106273651123,37.3933219909668,-17.423431396484375,28.370479583740234,-23.717119216918945,9.281444549560547,-10.434623718261719,12.624007225036621,-5.141176700592041,12.252358436584473,-3.865487813949585,0.5612373948097229,0.29555436968803406,0.3674168288707733,0.5488540530204773,0.40156030654907227,0.49005064368247986,0.3487156629562378,0.39531058073043823,0.2768913805484772,0.28059348464012146,0.3351200222969055,0.37111562490463257,disco
112.34714673913044,0.10115843121616395,2328.0941748431023,-107.41901397705078,91.06334686279297,-8.360447883605957,34.29916763305664,-1.918014407157898,3.776259183883667,10.525864601135254,5.568093299865723,6.945283889770508,4.7721028327941895,0.6848717331886292,-3.8467650413513184,-2.577471971511841,0.24240383505821228,0.19388166069984436,0.33957767486572266,0.29252928495407104,0.44180163741111755,0.2701473534107208,0.33374452590942383,0.5243586301803589,0.3392127752304077,0.4900466501712799,0.2367653250694275,0.388259619474411,disco
103.359375,0.04966836148975251,1004.7574201659103,-246.96923828125,168.015380859375,-19.7974910736084,21.995052337646484,-0.7389042973518372,15.09253215789795,-1.2764798402786255,4.7404022216796875,-2.0533223152160645,6.533862590789795,-1.3891006708145142,5.625460147857666,-0.2856670916080475,0.25078919529914856,0.25030794739723206,0.4333259165287018,0.33391720056533813,0.3277515769004822,0.2611492872238159,0.1830139458179474,0.27972856163978577,0.22747233510017395,0.29736095666885376,0.268438458442688,0.2050427943468094,jazz
95.703125,0.09672226140528549,1681.2723869009876,-81.11544799804688,129.04563903808594,-42.444210052490234,33.13706970214844,5.685447692871094,-6.5037617683410645,-2.2667922973632812,7.4018778800964355,-18.706079483032227,2.4765915870666504,3.7434184551239014,1.8843731880187988,-10.075477600097656,0.16577637195587158,0.20631445944309235,0.6905314326286316,0.30281350016593933,0.2774476408958435,0.18392576277256012,0.3262265622615814,0.6212356686592102,0.27904853224754333,0.2835172414779663,0.15266942977905273,0.2671244442462921,classical
184.5703125,0.04570244525812065,1537.0761619483683,-217.1836395263672,105.78521728515625,15.602848052978516,25.24884033203125,-1.450050711631775,30.193269729614258,-17.71662139892578,17.319042205810547,-27.213607788085938,4.338282108306885,-20.057300567626953,-10.700284957885742,-14.228784561157227,0.2381393313407898,0.3260148763656616,0.4690561592578888,0.38127318024635315,0.24755769968032837,0.2387213557958603,0.19899214804172516,0.21244043111801147,0.23597267270088196,0.3141157031059265,0.15829181671142578,0.12548230588436127,blues
73.828125,0.048724275546210366,1398.6495042529389,-225.03335571289062,123.65726470947266,-9.745123863220215,56.61384582519531,10.421819686889648,20.64320945739746,-10.258777618408203,15.571303367614746,-8.240350723266602,12.808756828308105,-9.006475448608398,7.688631534576416,-10.083800315856934,0.46994465589523315,0.35638880729675293,0.2970140278339386,0.22872823476791382,0.3358674645423889,0.3791961967945099,0.35620471835136414,0.5618455410003662,0.42467600107192993,0.33689209818840027,0.26376983523368835,0.3410945236682892,rock
143.5546875,0.05164452218677494,2150.030333919017,-161.62132263183594,85.57525634765625,53.263668060302734,32.20747375488281,27.1820068359375,11.316001892089844,7.889789581298828,8.760384559631348,1.260190486907959,13.19522762298584,0.06550389528274536,4.827263832092285,3.107736110687256,0.5437065958976746,0.37905529141426086,0.3295861482620239,0.2289411723613739,0.24656203389167786,0.3245984613895416,0.3156605660915375,0.36019936203956604,0.3471965193748474,0.3783988356590271,0.41182053089141846,0.4083011746406555,pop
112.34714673913044,0.08776562802107502,1361.0064862214672,-324.09124755859375,133.5626678466797,-25.0301570892334,24.55360984802246,-11.939921379089355,17.65850257873535,-5.518673419952393,1.7168900966644287,-10.575925827026367,-0.86057448387146,-7.805220127105713,3.5297625064849854,5.054664611816406,0.16392995417118073,0.2408730685710907,0.3883846700191498,0.15326976776123047,0.14749504625797272,0.11807119846343994,0.2547346353530884,0.16138996183872223,0.09070390462875366,0.17595630884170532,0.21687382459640503,0.4680458605289459,classical
99.38401442307692,0.12120741794760248,2945.9657785971135,-45.62334060668945,74.72907257080078,15.965052604675293,14.79288387298584,8.999275207519531,8.206912994384766,5.683764457702637,5.250795841217041,5.3961920738220215,2.4387598037719727,0.7776869535446167,1.1752400398254395,-2.3549675941467285,0.3218027353286743,0.243337020277977,0.3653145432472229,0.4600415527820587,0.3090394139289856,0.3542706072330475,0.3034316897392273,0.4589678645133972,0.34239330887794495,0.30195263028144836,0.43306705355644226,0.29974794387817383,pop
151.99908088235293,0.06639416569992267,1554.348779839451,-179.60382080078125,124.33756256103516,-29.747344970703125,45.36680221557617,-10.197358131408691,17.78607177734375,-8.81406307220459,12.764595031738281,-10.758047103881836,8.616040229797363,-12.397631645202637,3.3900299072265625,-12.025344848632812,0.39276447892189026,0.23968538641929626,0.17698238790035248,0.16767023503780365,0.24655599892139435,0.3594096601009369,0.25530821084976196,0.36146363615989685,0.3393067717552185,0.2521801292896271,0.31421369314193726,0.32247233390808105,jazz
143.5546875,0.03938839846771075,1309.7746510229813,-288.7326965332031,105.90115356445312,18.776206970214844,23.682645797729492,5.682040691375732,25.548940658569336,-13.463247299194336,12.437667846679688,-11.96367073059082,1.5746142864227295,-15.640524864196777,-6.632071018218994,-11.693038940429688,0.35346484184265137,0.2188635915517807,0.1967010200023651,0.18280251324176788,0.2235596925020218,0.29604747891426086,0.3115639388561249,0.4349829852581024,0.2772199213504791,0.24801255762577057,0.29694506525993347,0.274065762758255,blues
92.28515625,0.11452140129543696,2774.064292349821,-83.25370025634766,67.73526763916016,1.2410202026367188,29.65397834777832,12.586731910705566,5.616964340209961,6.208772659301758,8.087187767028809,-4.76695442199707,7.666656017303467,-1.1727864742279053,4.248983860015869,1.9444283246994019,0.6322661638259888,0.35751375555992126,0.26376113295555115,0.23196224868297577,0.24062442779541016,0.244088277220726,0.3122391998767853,0.4242774546146393,0.4248006343841553,0.41410478949546814,0.42565616965293884,0.5230217576026917,hiphop
135.99917763157896,0.09252533171403712,2279.0311186490417,-109.53125,86.92880249023438,-8.606025695800781,64.48048400878906,-6.302875995635986,43.64593505859375,-8.295385360717773,28.543201446533203,-14.081493377685547,8.137968063354492,-21.484119415283203,11.087112426757812,-5.095304012298584,0.31810444593429565,0.4362199008464813,0.43415260314941406,0.4649161100387573,0.3147597312927246,0.26117202639579773,0.32775136828422546,0.3501995801925659,0.48048871755599976,0.4684210419654846,0.4979001581668854,0.32732418179512024,blues
135.99917763157896,0.12478399313611756,2952.9885811173413,-124.62239837646484,72.49064636230469,16.715553283691406,18.250062942504883,12.224810600280762,8.094714164733887,7.986082077026367,-0.5102591514587402,2.3697214126586914,-0.5687946677207947,-5.568814277648926,0.5433139801025391,-5.0568647384643555,0.24992966651916504,0.43677839636802673,0.42828232049942017,0.37774205207824707,0.4762231111526489,0.32921338081359863,0.32977724075317383,0.23325535655021667,0.3551766872406006,0.5130576491355896,0.33403342962265015,0.31721916794776917,country
135.99917763157896,0.11416000519624904,2335.5199316347857,-174.93276977539062,90.93341827392578,-18.71529769897461,41.61454772949219,-8.878750801086426,9.084967613220215,-12.457277297973633,13.130209922790527,-9.691081047058105,4.335097789764404,-13.48593521118164,6.740899085998535,-10.384654998779297,0.37222757935523987,0.3783959150314331,0.690594494342804,0.3372572958469391,0.24345338344573975,0.24771001935005188,0.21082033216953278,0.3143863081932068,0.28946906328201294,0.34796199202537537,0.36715614795684814,0.3262785077095032,rock
123.046875,0.11419814626836813,2259.6134225197134,-125.73259735107422,101.7874526977539,-17.478824615478516,33.67085266113281,-15.239169120788574,23.698205947875977,-8.662550926208496,18.543148040771484,-14.054488182067871,19.967378616333008,-15.139362335205078,12.968242645263672,-14.305062294006348,0.3170255124568939,0.3360312581062317,0.48670119047164917,0.36331045627593994,0.312979131937027,0.40887251496315,0.4064866006374359,0.6067848801612854,0.38856208324432373,0.31938523054122925,0.30085045099258423,0.2715788185596466,disco
117.45383522727273,0.11491716212296983,2944.617225098909,-131.42770385742188,67.74452209472656,32.89004135131836,34.58587646484375,-3.292759656906128,21.882211685180664,-5.809260845184326,10.232336044311523,-7.048971652984619,2.2989485263824463,-4.36830472946167,-3.3174424171447754,-6.2809271812438965,0.27179017663002014,0.34269192814826965,0.5326472520828247,0.47975635528564453,0.5182444453239441,0.44101086258888245,0.33122286200523376,0.26439210772514343,0.3680814504623413,0.4140651524066925,0.3386220932006836,0.38000598549842834,rock
123.046875,0.16364521401295437,2848.395241985928,-14.574816703796387,65.19933319091797,-19.888517379760742,31.502683639526367,-4.814699172973633,11.865561485290527,9.996403694152832,5.960233688354492,-3.8007707595825195,9.380570411682129,-4.387615203857422,3.339226245880127,-4.4454345703125,0.4509703516960144,0.4813968241214752,0.39704564213752747,0.5354028940200806,0.48675787448883057,0.3389526605606079,0.426720529794693,0.525981068611145,0.6557658910751343,0.4183703660964966,0.45415088534355164,0.5169853568077087,disco
112.34714673913044,0.09472278615622583,1934.7410487910734,-99.3305435180664,117.57579040527344,-29.873353958129883,40.84806823730469,-15.256190299987793,27.98876190185547,-11.962531089782715,13.341765403747559,-11.372491836547852,10.539091110229492,-8.746650695800781,8.420694351196289,-6.837034225463867,0.2973712086677551,0.31796327233314514,0.27134761214256287,0.4412640631198883,0.5798887610435486,0.3441597521305084,0.3399980068206787,0.2801068425178528,0.3960213363170624,0.38400954008102417,0.30529850721359253,0.4249676465988159,country
